src/dst,Atlanta_1,Atlanta_2,Chicago,Denver,Houston,Indianapolis,Kansas City,Los Angeles,New York,Seattle,Sunnyvale,Washington DC
Atlanta_1,3.33333333333333e-06,2.7187e-05,8.9804e-05,0.0,0.000352036,4.77716666666667e-05,3.62506666666667e-05,0.0,5.81183333333333e-05,0.0,0.0,0.000132266
Atlanta_2,0.0,0.00635145266666667,0.00353256333333333,3.33333333333333e-06,0.00596952966666667,0.00479994166666667,0.000508771666666667,4.81543333333333e-05,0.00239123366666667,0.0,3.37786666666667e-05,0.00900557766666667
Chicago,0.0,0.00393418833333333,0.0227313293333333,0.00236559333333333,0.0231567983333333,0.00472744466666667,0.002025683,3.19e-05,0.00447917866666667,3.33333333333333e-06,4.71543333333333e-05,0.005062693
Denver,0.0,0.000704809333333333,0.009998853,0.00161777966666667,0.005051143,0.00340191833333333,0.00167166766666667,0.0,0.002705883,0.000905820666666667,1e-05,0.003349672
Houston,0.0,0.002888794,0.000599936333333333,0.0,0.024117996,0.0,4.383e-06,7.96946666666667e-05,0.000993094333333333,0.0,6.66666666666667e-06,0.01387895
Indianapolis,0.0,0.00242720733333333,0.01571294,0.00207166833333333,0.00829794933333333,0.00517889033333333,0.00155885833333333,6.66666666666667e-06,0.00656967133333333,2.98856666666667e-05,0.000348925333333333,0.00404219333333333
Kansas City,0.0,0.000655939,0.00388680333333333,0.001782518,0.002967093,0.00153604066666667,0.000523086333333333,3.33333333333333e-06,0.000580185333333333,0.0,1.11783333333333e-05,0.00161185566666667
Los Angeles,0.0,0.00164119466666667,0.00161992033333333,0.00257826266666667,0.0271333033333333,6.66666666666667e-06,0.0,0.00387152233333333,0.008823518,0.00151757466666667,0.003898682,0.0122591356666667
New York,0.0,0.005142148,0.015309728,0.005672387,0.0220995296666667,0.00559796933333333,0.00221663533333333,7.58133333333333e-05,0.0383309366666667,6.66666666666667e-06,0.000402488333333333,0.0113524033333333
Seattle,0.0,5.15243333333333e-05,5.07473333333333e-05,0.000295262666666667,0.000743534666666667,0.0,2.61106666666667e-05,0.0124331736666667,0.000112800666666667,0.00161690333333333,0.00629287066666667,5.5436e-05
Sunnyvale,0.0,0.00136136833333333,0.000361536666666667,0.000481574,0.00620055833333333,1.63273333333333e-05,0.000579516,0.00340836666666667,0.001692673,0.000344587,0.000516436666666667,0.00130169566666667
Washington DC,0.0,0.006535173,0.0174255006666667,0.002285136,0.0297154866666667,0.006060928,0.00402963966666667,4.54413333333333e-05,0.0188261646666667,0.0,0.000994895666666667,0.0395507166666667
