src/dst,Atlanta_1,Atlanta_2,Chicago,Denver,Houston,Indianapolis,Kansas City,Los Angeles,New York,Seattle,Sunnyvale,Washington DC
Atlanta_1,0.000185112333333333,0.000217803666666667,0.000112917666666667,0.0,2.1733e-05,5.6183e-05,0.0,0.0,5.3945e-05,0.0,0.0,0.000354322666666667
Atlanta_2,0.0,0.00389068133333333,0.00183970066666667,0.0,0.000866689,0.00318417333333333,3.55233333333333e-06,1.402e-05,0.00573755866666667,1.21426666666667e-05,3.33333333333333e-06,0.00571202933333333
Chicago,0.0,0.00269332166666667,0.00277865066666667,0.0,0.002498658,0.00490892733333333,0.0,0.0,0.0192687386666667,0.0,0.00027106,0.00381648566666667
Denver,0.0,0.000655734,0.00364036666666667,0.00148395033333333,0.004289593,0.004172171,0.002207021,0.0,0.00512101933333333,0.00153234366666667,0.000276800333333333,0.005393058
Houston,0.0,0.003394591,0.000195611333333333,3.33333333333333e-06,0.012024546,1.36243333333333e-05,1.0688e-05,0.0,0.000776969666666667,0.0,0.0,0.009598166
Indianapolis,0.0,0.002759789,0.00750500966666667,0.0,0.001533464,0.00730828566666667,0.00250319133333333,1.52233333333333e-05,0.0147738573333333,0.0,7.11e-06,0.004804853
Kansas City,0.0,0.000880496666666667,0.00207085,0.000949785666666667,0.001214657,0.001743527,0.00110525433333333,0.0,0.00278695566666667,0.0,0.0,0.000964663666666667
Los Angeles,0.0,0.00327371866666667,0.000325752,0.001171642,0.012585705,0.000107529333333333,5.52646666666667e-05,0.00299618366666667,0.00806799233333333,0.00104115533333333,0.00199539633333333,0.008014575
New York,0.0,0.00314777333333333,0.000192096,0.0,0.00135291733333333,0.0,1.47046666666667e-05,1.85363333333333e-05,0.05258864,1.006e-05,8.33666666666667e-05,0.0137336956666667
Seattle,0.0,6.23143333333333e-05,3.33333333333333e-06,0.000356309,0.000331829666666667,1.0487e-05,4.82576666666667e-05,0.00454580366666667,0.000666300333333333,0.00182788366666667,0.006260768,3.0072e-05
Sunnyvale,0.0,0.000994647,6.31936666666667e-05,0.000597955,0.00239258233333333,2.07546666666667e-05,0.000622853,0.001607852,0.00524883866666667,0.000643436666666667,0.000634273666666667,0.00367472866666667
Washington DC,0.0,0.021996437,0.00013114,0.0,0.0101996593333333,2.29406666666667e-05,0.0,0.0,0.0568567033333333,6.66666666666667e-06,1.33333333333333e-05,0.0397753733333333
