src/dst,Atlanta_1,Atlanta_2,Chicago,Denver,Houston,Indianapolis,Kansas City,Los Angeles,New York,Seattle,Sunnyvale,Washington DC
Atlanta_1,2.6656e-05,5.1547e-05,7.3589e-05,0.0,0.000514979333333333,4.3073e-05,6.5431e-05,0.0,0.000213588,0.0,0.0,0.000108642666666667
Atlanta_2,0.0,0.003213717,0.00410351833333333,6.11413333333333e-05,0.00657363633333333,0.003603359,0.00155889733333333,0.0,0.00261003733333333,0.0,0.00011607,0.00541794033333333
Chicago,0.0,0.00500347933333333,0.0118378833333333,0.018077429,0.005164918,0.008560304,0.00361198566666667,3.21563333333333e-05,0.009352412,6.66666666666667e-06,0.000674057333333333,0.00882654966666667
Denver,0.0,0.001190637,0.000464849666666667,0.00529860766666667,0.00394748,0.003573805,0.001790326,4.01333333333333e-06,6.10716666666667e-05,0.0142220346666667,6.18546666666667e-05,0.00368531766666667
Houston,0.0,0.00485017466666667,2.22976666666667e-05,6.99143333333333e-05,0.020421775,3.33333333333333e-06,0.0,0.0,0.00150282033333333,0.0,1.8411e-05,0.0150961463333333
Indianapolis,0.0,0.00141502166666667,0.0110492856666667,0.00801247366666667,0.00231228633333333,0.00191333666666667,0.00186671,3.33333333333333e-06,0.00827644466666667,0.0,6.00493333333333e-05,0.00364351333333333
Kansas City,0.0,0.001191049,0.00324255333333333,0.00354782666666667,0.00114817066666667,0.002356522,0.000788684,0.0,0.00131584533333333,0.0,6.0821e-05,0.002100792
Los Angeles,0.0,0.00303429566666667,0.000413130666666667,3.33333333333333e-06,0.00306790833333333,3.39566666666667e-06,3.78333333333333e-06,0.00260863333333333,0.000450888,0.03634396,0.003275556,0.0118265423333333
New York,0.0,0.007600939,0.0170461643333333,0.0217366773333333,0.00944487833333333,0.00690655966666667,0.00415069066666667,1.01423333333333e-05,0.027314604,3.33333333333333e-06,0.000890143333333333,0.0157262413333333
Seattle,0.0,4.65003333333333e-05,6.66666666666667e-06,0.0,6.19443333333333e-05,0.0,3.33333333333333e-06,0.000512863333333333,2.30066666666667e-05,0.00844774533333333,0.00629011733333333,0.000913414333333333
Sunnyvale,0.0,0.00139375966666667,0.000343736666666667,0.0,0.000974222,0.0,4.8278e-05,0.001991677,0.000186521333333333,0.0116872113333333,0.000565798333333333,0.001395218
Washington DC,0.0,0.0105220146666667,0.0174445296666667,0.000437762,0.030210581,0.00412864333333333,0.00309270766666667,1.33333333333333e-05,0.0196468416666667,3.33333333333333e-06,0.000940021666666667,0.0277244116666667
