src/dst,Atlanta_1,Atlanta_2,Chicago,Denver,Houston,Indianapolis,Kansas City,Los Angeles,New York,Seattle,Sunnyvale,Washington DC
Atlanta_1,0.0,3.97066666666667e-05,7.07613333333333e-05,0.0,6.66666666666667e-06,1.22426666666667e-05,6.66666666666667e-06,0.0,2.74733333333333e-05,0.0,0.0,0.000187807666666667
Atlanta_2,0.0,0.00343140666666667,0.00211268633333333,0.0,0.00632298,0.00323396666666667,0.000245801,3.33333333333333e-06,0.00192431433333333,3.33333333333333e-06,0.000126734666666667,0.00663971133333333
Chicago,0.0,0.00422022966666667,0.012638408,0.00284319766666667,0.0115715986666667,0.0113919836666667,0.002843248,7.26166666666667e-05,0.00407159433333333,3.33333333333333e-06,5.68953333333333e-05,0.00820972666666667
Denver,0.0,0.000495698666666667,0.00885845066666667,0.001667072,0.00693250633333333,0.00321354566666667,0.002868532,0.0,0.001634898,0.001108854,7.24766666666667e-06,0.007506638
Houston,0.0,0.002967618,0.000257603,3.33333333333333e-06,0.0165496706666667,2.9404e-05,3.33333333333333e-06,0.0,0.001622874,3.33333333333333e-06,0.0,0.010304978
Indianapolis,0.0,0.002072333,0.00984793933333333,0.001209007,0.009385726,0.001591907,0.00128012133333333,0.0,0.00242963433333333,1.21076666666667e-05,0.000115049,0.00273833133333333
Kansas City,0.0,0.00111370266666667,0.00305978033333333,0.00148858966666667,0.000913939333333333,0.001994961,0.001411309,6.66666666666667e-06,0.00112208333333333,3.33333333333333e-06,2.62266666666667e-05,0.00169460733333333
Los Angeles,0.0,0.00258439933333333,0.00156422833333333,0.00180864766666667,0.0255425116666667,0.000150836,0.000104619,0.00174551733333333,0.007496453,0.00133882566666667,0.00173191866666667,0.010001065
New York,0.0,0.00476239633333333,0.003294639,0.003882976,0.0114815973333333,0.00683406233333333,0.00232351466666667,5.1715e-05,0.0192435883333333,1.75476666666667e-05,0.000441451666666667,0.013489913
Seattle,0.0,0.000193306666666667,6.50206666666667e-05,0.000504047666666667,0.000778742666666667,3.33333333333333e-06,0.000180393666666667,0.00424405333333333,0.000229245,0.00162126866666667,0.006324888,0.000207685
Sunnyvale,0.0,0.00124415633333333,0.00050368,0.000541779,0.007505864,2.69863333333333e-05,0.00159362366666667,0.00347088766666667,0.001250141,0.000659403333333333,0.000526645666666667,0.00112229533333333
Washington DC,0.0,0.0148127506666667,0.006440685,0.000840788666666667,0.021680375,0.007321526,0.00204307666666667,1e-05,0.0200893226666667,1.39253333333333e-05,0.000269303,0.0250981033333333
