src/dst,Atlanta_1,Atlanta_2,Chicago,Denver,Houston,Indianapolis,Kansas City,Los Angeles,New York,Seattle,Sunnyvale,Washington DC
Atlanta_1,3.0304e-05,0.000107326333333333,3.33333333333333e-06,0.0,4.67466666666667e-06,0.000112451333333333,0.0,0.0,3.97666666666667e-06,0.0,0.0,0.000927456333333333
Atlanta_2,0.0,0.00409069833333333,3.33333333333333e-06,0.0,0.000240706333333333,0.00619950666666667,0.0,0.0,2.74013333333333e-05,2.91823333333333e-05,0.0,0.0277560513333333
Chicago,0.0,0.005092762,0.0172982076666667,3.33333333333333e-06,0.000129762666666667,0.009572821,0.00264862533333333,8.33333333333333e-06,0.00723275766666667,3.33333333333333e-06,0.0,0.0248766313333333
Denver,0.0,0.00221629433333333,0.011116789,0.002002789,0.00745897566666667,0.005904852,0.002868943,6.66666666666667e-06,0.00423189566666667,0.00200592033333333,4.20033333333333e-06,0.00577136566666667
Houston,0.0,0.005733943,0.000421006666666667,1e-05,0.0238252893333333,6.738e-06,1.33516666666667e-05,0.0,2.91466666666667e-05,0.0,0.0,0.0168073563333333
Indianapolis,0.0,0.004421317,0.023619909,0.001719574,0.000243374666666667,0.00722203033333333,0.00335372033333333,3.90903333333333e-05,0.0113068803333333,4.66663333333333e-05,0.000344690333333333,0.0204422066666667
Kansas City,0.0,0.00270095,0.00485435066666667,0.001154134,0.00186702266666667,0.003649919,0.00114821133333333,3.33333333333333e-06,0.00186753533333333,0.0,0.0,0.00270828066666667
Los Angeles,0.0,0.00453330066666667,0.000956015333333333,0.00313121833333333,0.027323394,9.2147e-05,6.56163333333333e-05,0.00160938066666667,0.0111908276666667,0.004725862,0.00459295966666667,0.0141780166666667
New York,0.0,0.000165170333333333,2.8154e-05,1.4621e-05,0.000398543,0.0,8.064e-06,3.3042e-05,0.0371070066666667,7.734e-05,1.58333333333333e-05,0.0881524533333333
Seattle,0.0,0.000333049666666667,4.5905e-05,0.00238970066666667,0.00126215066666667,3.33333333333333e-06,8.51683333333333e-05,0.001731409,0.000715699,0.00520978766666667,0.006291691,0.000650097333333333
Sunnyvale,0.0,0.00273768066666667,0.000341764,0.00173707366666667,0.00914814433333333,3.26856666666667e-05,0.00107783533333333,0.00297525866666667,0.00202721366666667,0.001874361,0.000461801666666667,0.003229636
Washington DC,0.0,0.000230411,0.000146156333333333,3.33333333333333e-06,0.000775027333333333,1.33816666666667e-05,8.55733333333333e-06,3.07393333333333e-05,0.000186633333333333,1.26626666666667e-05,6.54633333333333e-06,0.15958765
