src/dst,Atlanta_1,Atlanta_2,Chicago,Denver,Houston,Indianapolis,Kansas City,Los Angeles,New York,Seattle,Sunnyvale,Washington DC
Atlanta_1,4.34666666666667e-06,2.88016666666667e-05,0.000372413333333333,0.0,0.000127371333333333,6.73336666666667e-05,5.6476e-05,0.0,6.3449e-05,0.0,0.0,0.000372874666666667
Atlanta_2,0.0,0.00301070533333333,0.004628955,7.50093333333333e-05,0.009751511,0.00375986166666667,0.000709995666666667,0.0,0.00338115666666667,0.0,0.000110597666666667,0.00702608566666667
Chicago,0.0,0.00504263933333333,0.014304608,0.0167781806666667,0.00580005833333333,0.0104256553333333,0.00513037433333333,3.44636666666667e-05,0.011080477,0.0,0.000597459666666667,0.008373934
Denver,0.0,0.001358376,0.000311456666666667,0.006930355,0.00425023566666667,0.00598789366666667,0.00246412033333333,0.0,8.43413333333333e-05,0.014622898,3.34763333333333e-05,0.00295263933333333
Houston,0.0,0.00609080766666667,1.97386666666667e-05,9.06596666666667e-05,0.0220893693333333,3.33333333333333e-06,3.33333333333333e-06,3.33333333333333e-06,0.00146994966666667,0.0,2.06133333333333e-05,0.0142648216666667
Indianapolis,0.0,0.001476501,0.0108687276666667,0.00953656766666667,0.00239158466666667,0.002377306,0.001974641,0.0,0.0109276566666667,3.33333333333333e-06,0.000152091,0.00281675566666667
Kansas City,0.0,0.000801718666666667,0.003220594,0.00277472566666667,0.001600273,0.00223870966666667,0.00126158133333333,0.0,0.00166354866666667,0.0,1.87586666666667e-05,0.002074903
Los Angeles,0.0,0.004074849,0.000531431,0.0,0.003222413,4.17166666666667e-06,6.66666666666667e-06,0.00313636633333333,0.000951344333333333,0.03820568,0.002304927,0.0119128233333333
New York,0.0,0.00770898166666667,0.0163400846666667,0.0220131,0.008462463,0.00808974866666667,0.00399308066666667,2.787e-05,0.0283985843333333,0.0,0.000968679666666667,0.0201040553333333
Seattle,0.0,0.000138932333333333,5.51146666666667e-05,0.0,0.000102546666666667,0.0,3.33333333333333e-06,0.000781262333333333,4.4354e-05,0.00681446966666667,0.005872249,0.000942404666666667
Sunnyvale,0.0,0.00148500033333333,0.000141220333333333,4.811e-06,0.000850787666666667,3.33333333333333e-06,5.7664e-05,0.00170543266666667,3.75816666666667e-05,0.0123909366666667,0.001578197,0.00153651233333333
Washington DC,0.0,0.0125482106666667,0.0212589773333333,0.000332117666666667,0.0330393333333333,0.00614463333333333,0.003561811,1e-05,0.0237065963333333,3.33333333333333e-06,0.000695881666666667,0.031542226
