src/dst,Atlanta_1,Atlanta_2,Chicago,Denver,Houston,Indianapolis,Kansas City,Los Angeles,New York,Seattle,Sunnyvale,Washington DC
Atlanta_1,6.66666666666667e-06,5.576e-06,4.83166666666667e-05,0.0,0.000201556666666667,0.0,1e-05,0.0,4.2856e-05,0.0,0.0,8.39256666666667e-05
Atlanta_2,0.0,0.00301699533333333,0.00122486366666667,4.4861e-05,0.00365291633333333,0.00267103466666667,0.000279746333333333,0.0,0.000966659666666667,0.0,0.000104137666666667,0.00424040333333333
Chicago,0.0,0.00220087266666667,0.0128181516666667,0.00319717566666667,0.00956626,0.005447736,0.000994836666666667,3.33333333333333e-06,0.002102974,3.33333333333333e-06,0.000235546333333333,0.00336229233333333
Denver,0.0,0.001672945,0.00796235766666667,0.000808178666666667,0.00288732433333333,0.00299149766666667,0.000686679333333333,0.0,0.00183571133333333,0.000632461333333333,3.76443333333333e-05,0.00597522566666667
Houston,0.0,0.00253644266666667,0.000255198666666667,0.0,0.00794087766666667,3.33333333333333e-06,0.0,0.0,0.000452270333333333,0.0,1.33333333333333e-05,0.010145208
Indianapolis,0.0,0.000868649333333333,0.01549866,0.00150652733333333,0.005162053,0.001839216,0.000635120666666667,7.02666666666667e-06,0.004098207,4.7063e-05,0.000174763666666667,0.004017336
Kansas City,0.0,0.000396292333333333,0.00328444666666667,0.00055774,0.00124261933333333,0.00100218766666667,0.000451227,0.0,0.000424771333333333,0.0,2.39653333333333e-05,0.00109704333333333
Los Angeles,0.0,0.00216696966666667,0.000918612,0.00356094033333333,0.012714143,1.83943333333333e-05,2.09536666666667e-05,0.00160568633333333,0.006857276,0.000890054666666667,0.003077711,0.009833481
New York,0.0,0.002296058,0.00435744133333333,0.004490134,0.0103117206666667,0.00533512666666667,0.001480121,0.000119961333333333,0.0193939476666667,0.0,0.000555776666666667,0.00837879733333333
Seattle,0.0,5.12863333333333e-05,1.33333333333333e-05,0.000873799333333333,0.000248352333333333,0.0,2.941e-05,0.00540099566666667,0.000180678666666667,0.001566316,0.00536660533333333,2.6658e-05
Sunnyvale,0.0,0.00087515,0.000139294333333333,0.000454578,0.00179557933333333,1.49826666666667e-05,0.000318296666666667,0.00183007466666667,0.000705586666666667,0.000315867333333333,3.5493e-05,0.001441774
Washington DC,0.0,0.014556765,0.00823079433333333,0.000663480666666667,0.026390982,0.005082231,0.002165461,1.10233333333333e-05,0.0178401316666667,9.23883333333333e-05,0.000689384666666667,0.0237857336666667
