src/dst,Atlanta_1,Atlanta_2,Chicago,Denver,Houston,Indianapolis,Kansas City,Los Angeles,New York,Seattle,Sunnyvale,Washington DC
Atlanta_1,2.2422e-05,9.08616666666667e-05,0.000332133666666667,3.33333333333333e-06,0.000259390333333333,0.000125422,9.40933333333333e-06,0.0,0.00016641,0.0,1.72146666666667e-05,0.000115544
Atlanta_2,0.0,0.00539093866666667,0.00533700833333333,1.6044e-05,0.00594475266666667,0.00539635866666667,0.00105150866666667,6.66666666666667e-06,0.002591076,0.0,0.000146927,0.00844237633333333
Chicago,0.0,0.00761178,0.027064027,0.00341842633333333,0.0137709913333333,0.00771341866666667,0.002749117,2e-05,0.01057805,5.60666666666667e-06,0.00029961,0.00701555866666667
Denver,0.0,0.00165029533333333,0.00591554433333333,0.00280008833333333,0.006095856,0.00665863633333333,0.001404945,2.3778e-05,0.002537961,0.00112416,5.69116666666667e-05,0.00548344233333333
Houston,0.0,0.004177079,0.000176734333333333,3.33333333333333e-06,0.01800974,6.66666666666667e-06,0.0,0.0,0.00110313133333333,0.0,2.4996e-05,0.0122053613333333
Indianapolis,0.0,0.00277787266666667,0.017975671,0.00184934933333333,0.013578908,0.00354587766666667,0.002706866,3.33333333333333e-06,0.00665346266666667,4.42386666666667e-05,0.000220789333333333,0.00765708166666667
Kansas City,0.0,0.000661592333333333,0.00444592866666667,0.001781138,0.00323804266666667,0.00178722433333333,0.00073336,1.17763333333333e-05,0.00167361566666667,0.0,9.23586666666667e-05,0.00164077566666667
Los Angeles,0.0,0.00290205566666667,0.002045551,0.003590064,0.025176305,8.46406666666667e-05,8.63873333333333e-05,0.00159230433333333,0.00837414833333333,0.00246135233333333,0.00368461466666667,0.011255013
New York,0.0,0.007546306,0.0132804446666667,0.00518829433333333,0.0197160103333333,0.00773177466666667,0.003022538,0.000129643,0.0292270436666667,5.71536666666667e-05,0.001190392,0.0201522716666667
Seattle,0.0,7.39836666666667e-05,6.66666666666667e-06,0.00118541466666667,0.000508094,1.92826666666667e-05,7.22383333333333e-05,0.00609806933333333,0.000566625333333333,0.00173218033333333,0.00598463433333333,0.000178533666666667
Sunnyvale,0.0,0.001907926,0.000348541,0.000823372333333333,0.005742909,2.1836e-05,0.000701061666666667,0.00493074466666667,0.00184612766666667,0.00113052666666667,0.000244281,0.00233989233333333
Washington DC,0.0,0.014570959,0.0142951043333333,0.00124107833333333,0.032392459,0.004702277,0.00280332133333333,5.9685e-05,0.021477395,4.2719e-05,0.00113083533333333,0.0282689986666667
