src/dst,Atlanta_1,Atlanta_2,Chicago,Denver,Houston,Indianapolis,Kansas City,Los Angeles,New York,Seattle,Sunnyvale,Washington DC
Atlanta_1,0.0,6.66666666666667e-06,1e-05,3.33333333333333e-06,8.53933333333333e-06,3.2772e-05,3.33333333333333e-06,6.5897e-05,7.37966666666667e-06,0.0,0.0,4.02943333333333e-05
Atlanta_2,9.76826666666667e-05,0.00356397366666667,0.001042223,0.000630837333333333,0.00138276033333333,0.00432145066666667,0.000107707666666667,0.0025918735,0.00105145333333333,1.29751666666667e-05,0.000751324666666667,0.00467632233333333
Chicago,3.33333333333333e-06,0.00217932633333333,0.0136296686666667,0.00329716366666667,0.00226386666666667,0.00486662866666667,0.000759279666666667,0.0107502643333333,0.000921238333333333,0.000164936333333333,0.000890183,0.00329343766666667
Denver,2.15e-05,0.001254544,0.0123183213333333,0.00265818933333333,0.00179338266666667,0.00440423,0.002035135,0.00278351233333333,0.002733384,0.00100115066666667,0.0013388,0.005257883
Houston,0.000138013333333333,0.000444204666666667,0.00102347266666667,0.000244863666666667,0.00109311066666667,0.000864984,0.000158989666666667,0.00108405133333333,0.000922153666666667,3.33333333333333e-06,0.000237715333333333,0.00108003466666667
Indianapolis,0.0,0.0,0.0,0.0,0.0,0.0,0.0,0.0,0.0,0.0,0.0,0.0
Kansas City,4.50666666666667e-05,0.000618195,0.00291888666666667,0.00185713033333333,0.000588881,0.001185479,0.000824804,0.000494726666666667,0.001088723,5.0627e-05,0.000419963666666667,0.001899966
Los Angeles,0.0,0.0,0.0,0.0,0.0,0.0,0.0,0.0,0.0,0.0,0.0,0.0
New York,5.8859e-05,0.00620400633333333,0.00404790233333333,0.004058386,0.001323279,0.004713482,0.00301451266666667,0.01297775,0.0117471103333333,0.000567931333333333,0.004006504,0.00838804866666667
Seattle,0.0,0.001283224,0.000326225,0.000738071333333333,3.456e-06,7.66253333333333e-05,6.66666666666667e-06,0.00574991733333333,2.07146666666667e-05,0.000797573,0.00459564366666667,1.05243333333333e-05
Sunnyvale,3.33333333333333e-06,0.002000432,0.002185826,0.001036905,0.000728299666666667,0.00127069033333333,0.000987134666666667,0.004500537,0.000709002666666667,0.00161582533333333,0.000163946666666667,0.00148973566666667
Washington DC,0.000207516,0.0169959623333333,0.005570724,0.00947614033333333,0.00479411066666667,0.00761923866666667,0.00137340866666667,0.020473733,0.0197697863333333,0.00174894633333333,0.00403525066666667,0.025375188
