src/dst,Atlanta_1,Atlanta_2,Chicago,Denver,Houston,Indianapolis,Kansas City,Los Angeles,New York,Seattle,Sunnyvale,Washington DC
Atlanta_1,0.0,8.9274e-05,0.000161762,0.0,0.000192740333333333,3.43556666666667e-05,7.7801e-05,0.0,6.1708e-05,0.0,0.0,0.00034269
Atlanta_2,0.0,0.00319980533333333,0.00210435366666667,3.33333333333333e-06,0.005061256,0.00303395033333333,0.000695174333333333,0.0,0.00153854333333333,0.0,0.000186846666666667,0.00784435366666667
Chicago,0.0,0.00291400666666667,0.0200094066666667,0.00317576,0.0210530133333333,0.00534472766666667,0.00247046666666667,0.0,0.003979627,0.0,0.000154104666666667,0.004045799
Denver,0.0,0.000732782,0.0105322786666667,0.00133669233333333,0.00396107866666667,0.00422078,0.00136429633333333,4.33966666666667e-05,0.00235290633333333,0.000847377666666667,0.000298883333333333,0.00438175266666667
Houston,0.0,0.00302015766666667,0.000233769666666667,0.0,0.023488404,0.0,0.0,0.0,0.000692828,0.0,1.33333333333333e-05,0.0109061253333333
Indianapolis,0.0,0.00324611266666667,0.0221364683333333,0.00328987466666667,0.0110215176666667,0.00281286666666667,0.00142688666666667,1.37773333333333e-05,0.00589536733333333,3.33333333333333e-06,0.000206762333333333,0.005197034
Kansas City,0.0,0.000927688333333333,0.005065064,0.00103435933333333,0.00212392566666667,0.00187152666666667,0.000760527333333333,3.33333333333333e-06,0.00167058666666667,0.0,1.18056666666667e-05,0.00227842066666667
Los Angeles,0.0,0.00191439866666667,0.00217899966666667,0.00235409633333333,0.0276173013333333,6.66666666666667e-06,3.47766666666667e-06,0.004545204,0.00869859166666667,0.000709316,0.003384982,0.00985377166666667
New York,0.0,0.00544589833333333,0.0105293936666667,0.00651808433333333,0.0242309596666667,0.00549809933333333,0.00239438833333333,5.95936666666667e-05,0.0358618433333333,3.33333333333333e-06,0.000758066666666667,0.0139857596666667
Seattle,0.0,6.10893333333333e-05,4.7056e-05,0.000337878333333333,0.000525192666666667,0.0,2.3934e-05,0.00554685833333333,0.000329122333333333,0.00127277433333333,0.00583668566666667,2.6279e-05
Sunnyvale,0.0,0.001157243,0.000430366333333333,0.000544146666666667,0.00585013533333333,2.3992e-05,0.000286516333333333,0.003489802,0.00117735133333333,0.00246221666666667,0.000532248,0.00128029633333333
Washington DC,0.0,0.017494193,0.014073723,0.00104306333333333,0.0253252596666667,0.00463872466666667,0.00318190166666667,6.66666666666667e-06,0.020410243,6.66666666666667e-06,0.000738965333333333,0.0611399666666667
