src/dst,Atlanta_1,Atlanta_2,Chicago,Denver,Houston,Indianapolis,Kansas City,Los Angeles,New York,Seattle,Sunnyvale,Washington DC
Atlanta_1,9.55546666666667e-05,8.16933333333333e-06,0.000167919333333333,0.0,0.000140452333333333,0.000262913333333333,5.04213333333333e-05,0.0,0.000126856,0.0,6.51333333333333e-06,8.85883333333333e-05
Atlanta_2,0.0,0.00278786933333333,0.00222732566666667,2.24176666666667e-05,0.006080133,0.00258893033333333,0.000245356666666667,6.66666666666667e-06,0.001057821,3.66266666666667e-06,3.88386666666667e-05,0.00377989433333333
Chicago,0.0,0.003166334,0.00924423066666667,0.002313919,0.014039073,0.00446586766666667,0.00134136733333333,0.545959266666667,0.00352402966666667,0.0,0.000198725333333333,0.00455101733333333
Denver,0.0,0.000607854333333333,0.00645490866666667,0.00325550033333333,0.004769605,0.00415122633333333,0.00216990066666667,6.66666666666667e-06,0.00138795966666667,0.000802444333333333,1.37803333333333e-05,0.00465911866666667
Houston,0.0,0.002565589,8.85356666666667e-05,3.33333333333333e-06,0.0129179396666667,4.25766666666667e-06,3.33333333333333e-06,8.27033333333333e-06,0.000967377666666667,0.0,1.5e-05,0.0120085456666667
Indianapolis,0.0,0.00115358966666667,0.01385455,0.00191276333333333,0.0115381486666667,0.00180006966666667,0.002583594,1.645e-05,0.008091384,3.33333333333333e-06,0.000122312333333333,0.003241334
Kansas City,0.0,0.000250451666666667,0.00274589733333333,0.00222172433333333,0.00196263233333333,0.00283809,0.00113332,0.0,0.000592661,0.0,1.0424e-05,0.00159486533333333
Los Angeles,0.0,0.00209202333333333,0.001845202,0.00121101533333333,0.0200887813333333,4.28986666666667e-05,2.50036666666667e-05,0.00221442766666667,0.008025345,0.00102557366666667,0.00267299666666667,0.0101630596666667
New York,0.0,0.00270866333333333,0.00682873233333333,0.003558012,0.0146757066666667,0.00749571066666667,0.00199630466666667,0.000158693666666667,0.0185463416666667,0.0,0.000876651666666667,0.0122256576666667
Seattle,0.0,6.60383333333333e-05,0.0,0.000460081,0.000633602,0.0,4.16516666666667e-05,0.004301622,0.000552734666666667,0.000728060666666667,0.00540192433333333,1e-05
Sunnyvale,0.0,0.00113224333333333,0.000385566,0.000327816,0.003482341,0.000105255,0.000479708333333333,0.002564605,0.001834864,0.000497241,0.000535346666666667,0.00104801266666667
Washington DC,0.0,0.014487325,0.009730406,0.000752388,0.022142841,0.005393542,0.00306119633333333,0.000127032,0.014786259,2.97206666666667e-05,0.001185455,0.0213786896666667
