src/dst,Atlanta_1,Atlanta_2,Chicago,Denver,Houston,Indianapolis,Kansas City,Los Angeles,New York,Seattle,Sunnyvale,Washington DC
Atlanta_1,3.33333333333333e-06,2.874e-05,0.000168486333333333,0.0,0.000139829666666667,0.000171191,6.39616666666667e-05,0.0,8.3154e-05,0.0,0.0,0.000223160333333333
Atlanta_2,0.0,0.002926912,0.00223156266666667,1.15496666666667e-05,0.00476853733333333,0.00375568666666667,0.0005269,5.04356666666667e-05,0.00163298133333333,3.51966666666667e-06,5.9754e-05,0.006582893
Chicago,0.0,0.00979059266666667,0.0169358116666667,0.00341028266666667,0.0150344033333333,0.0102065176666667,0.00195215933333333,0.0,0.00548458433333333,0.0,5.8272e-05,0.00549043133333333
Denver,0.0,0.00221430733333333,0.00632240133333333,0.002677382,0.00475539433333333,0.00373067233333333,0.00177392266666667,0.0,0.00198386266666667,0.000970907333333333,0.000205901666666667,0.00572585466666667
Houston,0.0,0.006700694,0.000122485666666667,5.45233333333333e-06,0.024089884,0.0,0.0,0.0,0.00100073166666667,3.33333333333333e-06,7.54086666666667e-05,0.0141686346666667
Indianapolis,0.0,0.00399084533333333,0.022063396,0.00198170566666667,0.010973363,0.00402903633333333,0.00223659733333333,1.7557e-05,0.00972672833333333,1.73036666666667e-05,4.48703333333333e-05,0.00512414566666667
Kansas City,0.0,0.00135714133333333,0.003683444,0.000822255666666667,0.00260097833333333,0.002270537,0.000652764,0.0,0.00153178433333333,3.33333333333333e-06,0.000285521666666667,0.00216825366666667
Los Angeles,0.0,0.00483916666666667,0.00246116133333333,0.00187505466666667,0.0236337186666667,3.1973e-05,4.9587e-05,0.002135161,0.007411417,0.00098838,0.00306330966666667,0.0130437513333333
New York,0.0,0.005409551,0.00750339133333333,0.00623806066666667,0.0164842046666667,0.00829291966666667,0.002874987,6.02056666666667e-05,0.0284216423333333,3.33333333333333e-06,0.000919339333333333,0.0204719913333333
Seattle,0.0,5.13053333333333e-05,1e-05,0.000598415,0.000553652,0.0,0.000558472666666667,0.005231875,0.000604214333333333,0.00164105933333333,0.00585618233333333,8.754e-05
Sunnyvale,0.0,0.001185376,0.000119176,0.000955682666666667,0.00408906333333333,5.43986666666667e-05,0.000693649333333333,0.00472374,0.00164322666666667,0.000423757333333333,0.000257193666666667,0.00134736433333333
Washington DC,0.0,0.0178488686666667,0.00978675133333333,0.000631676,0.0286992383333333,0.0100325396666667,0.00120745233333333,3.33333333333333e-06,0.0237968186666667,0.0,0.001228148,0.0239257023333333
