src/dst,Atlanta_1,Atlanta_2,Chicago,Denver,Houston,Indianapolis,Kansas City,Los Angeles,New York,Seattle,Sunnyvale,Washington DC
Atlanta_1,1.77296666666667e-05,2.9157e-05,0.000140327333333333,0.0,0.000499923,0.000244720333333333,0.000114513,0.0,6.19163333333333e-05,0.0,3.33333333333333e-06,0.000223368333333333
Atlanta_2,0.0,0.003906189,0.00383126933333333,3.33333333333333e-06,0.006638298,0.00410784266666667,0.000594530333333333,2.44256666666667e-05,0.002088539,6.66666666666667e-06,0.000118321,0.00687922733333333
Chicago,0.0,0.00740033266666667,0.0141832873333333,0.00431434366666667,0.0184560163333333,0.009187975,0.00249444066666667,3.67833333333333e-06,0.00660731166666667,0.0,0.000199553,0.00859309866666667
Denver,0.0,0.00100090833333333,0.00679045966666667,0.00225411,0.00508629766666667,0.004379034,0.002681525,0.0,0.00183743266666667,0.00134936933333333,4.5466e-05,0.00503251
Houston,0.0,0.00601637066666667,0.000150603,0.0,0.0183766043333333,1.3066e-05,0.0,0.0,0.001044373,0.0,2.11426666666667e-05,0.0134984356666667
Indianapolis,0.0,0.00350316266666667,0.02126638,0.00252483566666667,0.0114040743333333,0.00352427133333333,0.00136918833333333,6.66666666666667e-06,0.00976436033333333,7.36366666666667e-06,0.000279299,0.006473387
Kansas City,0.0,0.001350792,0.00424479266666667,0.00164063166666667,0.00334364766666667,0.002162393,0.001088824,3.33333333333333e-06,0.00150699533333333,6.66666666666667e-06,4.8173e-05,0.002299293
Los Angeles,0.0,0.00443205266666667,0.00108563333333333,0.00226671533333333,0.0269582873333333,1.54346666666667e-05,1.8567e-05,0.00334924,0.012289488,0.00220657466666667,0.00437813166666667,0.012619979
New York,0.0,0.00689463766666667,0.0133444966666667,0.00529954733333333,0.0216294793333333,0.0112177586666667,0.00325565466666667,2.99003333333333e-05,0.0353512866666667,0.0,0.000836131666666667,0.0213269213333333
Seattle,0.0,5.7158e-05,2.9567e-05,0.000781190333333333,0.000556738666666667,0.0,6.9646e-05,0.00630079033333333,0.000888539333333333,0.00184090266666667,0.007419309,0.000139329666666667
Sunnyvale,0.0,0.00156906366666667,9.7966e-05,0.001149778,0.005154689,1e-05,0.000678964666666667,0.00382669833333333,0.00118507533333333,0.000694084666666667,0.000843698,0.00132091666666667
Washington DC,0.0,0.013472809,0.0179150513333333,0.000739273666666667,0.027816112,0.00564493366666667,0.00337725033333333,1.97526666666667e-05,0.0296776716666667,0.000117851666666667,0.000579619666666667,0.028859989
