src/dst,Atlanta_1,Atlanta_2,Chicago,Denver,Houston,Indianapolis,Kansas City,Los Angeles,New York,Seattle,Sunnyvale,Washington DC
Atlanta_1,1.61803333333333e-05,2.55466666666667e-05,0.000142019333333333,0.0,0.000172370333333333,3.78503333333333e-05,2.1289e-05,0.0,0.000116725,0.0,6.66666666666667e-06,0.000321032
Atlanta_2,0.0,0.00297225833333333,0.00524520633333333,1.61073333333333e-05,0.009794761,0.004614614,0.000757739,2.62813333333333e-05,0.00157425466666667,0.0,7.327e-05,0.007450389
Chicago,0.0,0.00433473033333333,0.0146778746666667,0.003434578,0.0184288246666667,0.00987290033333333,0.00195206133333333,0.0175644373333333,0.006789118,6.66666666666667e-06,0.000288868,0.011021377
Denver,0.0,0.00181819266666667,0.005753747,0.002993349,0.00598603366666667,0.005905629,0.000933246333333333,0.0,0.00234312966666667,0.00144307533333333,2.9789e-05,0.005593182
Houston,0.0,0.008091179,0.000146046333333333,6.66666666666667e-06,0.0176887413333333,0.0,0.0,6.66666666666667e-06,0.000802041,3.33333333333333e-06,0.000121377666666667,0.016863689
Indianapolis,0.0,0.004998981,0.0187033413333333,0.00212468466666667,0.0167373576666667,0.005536807,0.00173495466666667,3.33333333333333e-06,0.00951088733333333,1.20326666666667e-05,0.000439303,0.00705544133333333
Kansas City,0.0,0.000579205,0.00280746833333333,0.00137677366666667,0.001472917,0.00144416966666667,0.000658598333333333,3.33333333333333e-06,0.000589190333333333,0.0,0.000102450666666667,0.00203542166666667
Los Angeles,0.0,0.00715659466666667,0.0158348513333333,0.00445117666666667,0.0280511613333333,7.27416666666667e-05,1.4179e-05,0.00180966966666667,0.0129708983333333,0.00130564666666667,0.00447168166666667,0.0151813393333333
New York,0.0,0.004715847,0.0131380266666667,0.00511015566666667,0.0208369736666667,0.008198614,0.0139026266666667,7.14253333333333e-05,0.04346933,3.3856e-05,0.00169176566666667,0.0177776513333333
Seattle,0.0,7.12986666666667e-05,1.66823333333333e-05,0.00146961033333333,0.00114690233333333,0.0,4.9536e-05,0.005271079,0.00201516033333333,0.00144845633333333,0.006424726,0.000146848
Sunnyvale,0.0,0.00171256233333333,0.000387385666666667,0.000476809333333333,0.00489473833333333,2.72813333333333e-05,0.01083799,0.00338545266666667,0.001293362,0.001246038,0.000270615333333333,0.00124949066666667
Washington DC,0.0,0.019078934,0.0132846036666667,0.000588955,0.0276130626666667,0.00809453633333333,0.00105241966666667,1.68533333333333e-05,0.0196315043333333,2.4186e-05,0.00129334033333333,0.0301776236666667
