src/dst,Atlanta_1,Atlanta_2,Chicago,Denver,Houston,Indianapolis,Kansas City,Los Angeles,New York,Seattle,Sunnyvale,Washington DC
Atlanta_1,9.129e-06,8.9654e-05,0.0,0.0,3.33333333333333e-06,9.82893333333333e-05,0.0,0.0,0.0,0.0,0.0,0.000613163
Atlanta_2,0.0,0.004113764,2.68333333333333e-05,0.0,1.01666666666667e-05,0.00444535766666667,0.0,0.0,3.2568e-05,1.82223333333333e-05,0.0,0.0287291293333333
Chicago,0.0,0.00449370833333333,0.020299158,3.95233333333333e-06,7.53943333333333e-05,0.00905683533333333,0.00202045,2.4189e-05,0.005688139,6.1e-06,0.0,0.0171026916666667
Denver,0.0,0.000968947,0.0159576746666667,0.00109929266666667,0.004506595,0.00612122033333333,0.00239732066666667,3.33333333333333e-06,0.00192520433333333,0.00232508866666667,1.31663333333333e-05,0.00968466766666667
Houston,0.0,0.00628964366666667,0.000237199333333333,6.66666666666667e-06,0.0194072056666667,1e-05,6.66666666666667e-06,0.0,1.59616666666667e-05,0.0,3.81333333333333e-06,0.0166189893333333
Indianapolis,0.0,0.00303561366666667,0.0205383873333333,0.00237052766666667,0.000214884333333333,0.00630186033333333,0.00292704466666667,0.0,0.0108309573333333,2.74366666666667e-05,3.33333333333333e-06,0.01131279
Kansas City,0.0,0.00254484666666667,0.00502477766666667,0.00120970366666667,0.001128967,0.00323971933333333,0.00150101633333333,3.18346666666667e-05,0.000961232333333333,0.0,0.0,0.00227808933333333
Los Angeles,0.0,0.00515138266666667,0.001813629,0.00108160933333333,0.0286989033333333,4.62656666666667e-05,0.000840562333333333,0.00129446966666667,0.0114307726666667,0.001371515,0.002663692,0.0138653603333333
New York,0.0,0.000323842,6.07676666666667e-05,3.33333333333333e-06,0.000628200666666667,1e-05,7.255e-06,1.33333333333333e-05,0.0341613733333333,7.14633333333333e-06,0.0,0.07282721
Seattle,0.0,0.000320562,2.34293333333333e-05,0.000268849666666667,0.000655108,0.0,7.0293e-05,0.000493122333333333,0.000673242,0.00534933166666667,0.00633564866666667,0.00052164
Sunnyvale,0.0,0.00190481866666667,0.000433849,0.000711184,0.00843728066666667,8.30086666666667e-05,0.00105724866666667,0.00190835766666667,0.00222083433333333,0.000982398666666667,0.000444024,0.002470358
Washington DC,0.0,0.00052081,8.566e-05,1.0588e-05,0.000251667,2.04693333333333e-05,2.08466666666667e-05,2.09896666666667e-05,0.000177673333333333,2.67826666666667e-05,6.29633333333333e-06,0.14242745
