src/dst,Atlanta_1,Atlanta_2,Chicago,Denver,Houston,Indianapolis,Kansas City,Los Angeles,New York,Seattle,Sunnyvale,Washington DC
Atlanta_1,3.33333333333333e-06,3.33333333333333e-06,8.49866666666667e-05,0.0,0.000131343333333333,2.5592e-05,1e-05,0.0,1.4652e-05,0.0,3.33333333333333e-06,0.000248163
Atlanta_2,0.0,0.003300084,0.00251172166666667,0.0,0.004915269,0.00309293333333333,0.000529807666666667,3.33333333333333e-06,0.00130151166666667,0.0,4.60193333333333e-05,0.00861595733333333
Chicago,0.0,0.00248095,0.022155125,0.00279745666666667,0.0159704136666667,0.005631116,0.00202096466666667,2.35116666666667e-05,0.003141263,0.0,0.000141842333333333,0.003377279
Denver,0.0,0.000687209333333333,0.009748751,0.001473128,0.00390951,0.00384826766666667,0.001784377,2.96713333333333e-05,0.00220979133333333,0.000927636666666667,2.46336666666667e-05,0.003660994
Houston,0.0,0.004618272,0.00020115,6.66666666666667e-06,0.018679015,1.06193333333333e-05,0.0,3.33333333333333e-06,0.000617688666666667,0.0,0.0,0.0103978633333333
Indianapolis,0.0,0.00486235066666667,0.0206328736666667,0.001374345,0.012073382,0.002441584,0.001669463,2.23443333333333e-05,0.00686372933333333,1.4824e-05,0.000261241333333333,0.00371289233333333
Kansas City,0.0,0.00115618233333333,0.00478183433333333,0.000749908666666667,0.00209650533333333,0.001480596,0.000359448666666667,0.0,0.00120166766666667,0.0,3.33333333333333e-06,0.00153745466666667
Los Angeles,0.0,0.00263692566666667,0.00209116933333333,0.00132684933333333,0.0288629546666667,1.4496e-05,8.59133333333333e-06,0.00337697966666667,0.006809911,0.000903027333333333,0.003570958,0.00961649466666667
New York,0.0,0.005176064,0.0104061866666667,0.004639588,0.0410033766666667,0.005579008,0.00237911233333333,8.27946666666667e-05,0.03299366,3.33333333333333e-06,0.000406304666666667,0.0131272716666667
Seattle,0.0,6.42733333333333e-05,1.30213333333333e-05,0.000176088333333333,0.000475524666666667,0.0,7.0884e-05,0.00556758833333333,8.6363e-05,0.00135270866666667,0.00478284866666667,1.98196666666667e-05
Sunnyvale,0.0,0.000845608,0.000663904666666667,0.000463490666666667,0.00517552666666667,1.21506666666667e-05,0.000234504333333333,0.00246064833333333,0.00115659333333333,0.00159592933333333,0.000404807333333333,0.000978137666666667
Washington DC,0.0,0.0142070576666667,0.0126447523333333,0.000907158,0.025833083,0.00405728466666667,0.002869274,2.11133333333333e-05,0.0195291033333333,3.33333333333333e-06,0.000886149333333333,0.0470024733333333
