src/dst,Atlanta_1,Atlanta_2,Chicago,Denver,Houston,Indianapolis,Kansas City,Los Angeles,New York,Seattle,Sunnyvale,Washington DC
Atlanta_1,4.84426666666667e-05,5.70233333333333e-06,0.000301450666666667,0.0,4.04333333333333e-05,0.000197468,0.0,0.0,0.000249206666666667,0.0,0.0,0.000273214333333333
Atlanta_2,0.0,0.00498657533333333,0.00305832733333333,0.0,0.000931204666666667,0.00403523733333333,0.0,0.0,0.007497621,0.0,6.66666666666667e-06,0.00665922866666667
Chicago,0.0,0.00366915033333333,0.00712275933333333,0.0,0.002427308,0.00693936733333333,1e-05,0.0,0.0262747913333333,0.0,0.000203516,0.00630933266666667
Denver,0.0,0.000817541666666667,0.00459650233333333,0.00177942433333333,0.00457218666666667,0.00455887766666667,0.00255718466666667,0.0,0.00493279733333333,0.00184764066666667,0.000160762666666667,0.00518253133333333
Houston,0.0,0.00423106766666667,0.000117626666666667,1e-05,0.017406092,2.6756e-05,6.66666666666667e-06,3.33333333333333e-06,0.001320476,0.0,0.0,0.00998764866666667
Indianapolis,0.0,0.00363154866666667,0.0138113013333333,0.0,0.001882969,0.002798674,0.002769957,7.67033333333333e-06,0.0297682313333333,6.66666666666667e-06,3.33333333333333e-06,0.00609312
Kansas City,0.0,0.000401676333333333,0.00361617666666667,0.000840531,0.002614975,0.00319891033333333,0.00105412866666667,3.33333333333333e-06,0.00316069766666667,1e-05,3.82666666666667e-06,0.00182047
Los Angeles,0.0,0.00364403,0.001259119,0.003166226,0.0161377586666667,9.33723333333333e-05,0.000398100666666667,0.00128644433333333,0.0136302163333333,0.00110596833333333,0.00170529733333333,0.00762712166666667
New York,0.0,0.005891,0.000201813333333333,0.0,0.00362409133333333,1.86216666666667e-05,0.000125142,4.69566666666667e-05,0.0667844166666667,1.33333333333333e-05,1.11093333333333e-05,0.0319934786666667
Seattle,0.0,6.2941e-05,1e-05,0.00406825566666667,0.000303736,0.0,5.93283333333333e-05,0.004094947,0.000515889666666667,0.001978361,0.00475946166666667,0.000352897666666667
Sunnyvale,0.0,0.00281877733333333,0.000156703,0.00100388533333333,0.00340634833333333,2.22603333333333e-05,0.000460388,0.002644501,0.00605841733333333,0.000482468333333333,0.000687997333333333,0.00398846433333333
Washington DC,0.0,0.019607931,0.000244489666666667,0.0,0.00966694933333333,3.3572e-05,3.91266666666667e-05,3.33333333333333e-06,0.0614911766666667,8.01433333333333e-06,6.66666666666667e-06,0.0307741016666667
