src/dst,Atlanta_1,Atlanta_2,Chicago,Denver,Houston,Indianapolis,Kansas City,Los Angeles,New York,Seattle,Sunnyvale,Washington DC
Atlanta_1,0.000102982333333333,6.71466666666667e-06,8.12693333333333e-05,0.0,5.2975e-05,1.66666666666667e-05,3.33333333333333e-06,0.0,4.21496666666667e-05,0.0,0.0,9.69303333333333e-05
Atlanta_2,0.0,0.00308486466666667,0.00250922466666667,2.19453333333333e-05,0.008880776,0.002854137,0.000223121333333333,4.62566666666667e-06,0.00119590133333333,3.33333333333333e-06,4.20606666666667e-05,0.00267989833333333
Chicago,0.0,0.002456887,0.00677860433333333,0.00217897333333333,0.015130973,0.006173837,0.001208612,0.321104813333333,0.00361750633333333,0.0,0.000210400666666667,0.004359206
Denver,0.0,0.000395356666666667,0.006776002,0.001377627,0.005166508,0.00430272833333333,0.003412009,0.0,0.001857544,0.000774295333333333,1.62636666666667e-05,0.00391006133333333
Houston,0.0,0.002718088,3.63893333333333e-05,3.648e-06,0.0139725616666667,0.0,0.0,3.33333333333333e-06,0.000645366333333333,0.0,6.66666666666667e-06,0.0124728056666667
Indianapolis,0.0,0.00145757966666667,0.0154518766666667,0.00130719166666667,0.0105001876666667,0.00196506466666667,0.00218663733333333,1.18973333333333e-05,0.008662414,3.33333333333333e-06,0.000240715666666667,0.004190654
Kansas City,0.0,0.00041727,0.00280534166666667,0.000877037333333333,0.002016422,0.001604852,0.000582788666666667,2.84586666666667e-05,0.00140030633333333,0.0,0.0,0.00223705666666667
Los Angeles,0.0,0.002124618,0.002691635,0.00145954766666667,0.0169877706666667,0.000143853666666667,2.72483333333333e-05,0.001504533,0.00929851766666667,0.001142357,0.003245493,0.0117796136666667
New York,0.0,0.00268409933333333,0.00710719633333333,0.003507333,0.018480934,0.00745603066666667,0.001840682,0.000104800333333333,0.0231091886666667,6.66666666666667e-06,0.000554200666666667,0.0109158963333333
Seattle,0.0,7.452e-05,0.0,0.000570625666666667,0.000351560333333333,3.33333333333333e-06,3.4134e-05,0.00438413933333333,0.000569514666666667,0.000881320666666667,0.00583043066666667,3.27843333333333e-05
Sunnyvale,0.0,0.00107475366666667,0.0002475,0.000358694333333333,0.004151586,7.32626666666667e-05,0.000269296333333333,0.00218773233333333,0.00166168733333333,0.000219088,0.000536936666666667,0.000978447333333333
Washington DC,0.0,0.0106517566666667,0.009552758,0.000449082333333333,0.024390164,0.004064343,0.00396466566666667,3.05733333333333e-05,0.0190835,1.52663333333333e-05,0.00098409,0.0184016906666667
