src/dst,Atlanta_1,Atlanta_2,Chicago,Denver,Houston,Indianapolis,Kansas City,Los Angeles,New York,Seattle,Sunnyvale,Washington DC
Atlanta_1,0.0,1.60786666666667e-05,0.000295487,0.0,0.000250560666666667,0.000272381333333333,1.23686666666667e-05,0.0,0.000301052666666667,0.0,0.0,6.39216666666667e-05
Atlanta_2,0.0,0.003340001,0.00320332866666667,3.33333333333333e-06,0.00877384133333333,0.00343436066666667,0.000322535,3.33333333333333e-06,0.00219129366666667,6.66666666666667e-06,3.83396666666667e-05,0.00753132433333333
Chicago,0.0,0.003743651,0.0119908906666667,0.00333858433333333,0.015087864,0.0106692496666667,0.00244228633333333,1.33333333333333e-05,0.00482123333333333,7.05866666666667e-06,0.000113854,0.00497246333333333
Denver,0.0,0.000908285,0.00724142466666667,0.00267526833333333,0.00705376833333333,0.006960991,0.00358553433333333,0.0,0.00253857366666667,0.00183268066666667,7.14163333333333e-05,0.00570306933333333
Houston,0.0,0.006167515,0.000151788333333333,6.66666666666667e-06,0.0215385533333333,3.33333333333333e-06,0.0,0.0,0.000931399666666667,3.33333333333333e-06,1.53546666666667e-05,0.0239410486666667
Indianapolis,0.0,0.00275331733333333,0.0178063493333333,0.00145988966666667,0.007194945,0.00745962566666667,0.00508507433333333,3.33333333333333e-06,0.010038237,9.3142e-05,6.93513333333333e-05,0.007078078
Kansas City,0.0,0.00101938633333333,0.00282307866666667,0.00192512466666667,0.00205182633333333,0.00176567966666667,0.00128567633333333,0.0,0.00145057833333333,4.18506666666667e-05,1e-05,0.003520218
Los Angeles,0.0,0.00486207,0.000976590333333333,0.00466473866666667,0.0179308276666667,3.9005e-05,5.9975e-05,0.00170992666666667,0.00889247566666667,0.00224145533333333,0.002614588,0.023170197
New York,0.0,0.005810258,0.00950179966666667,0.005650558,0.0190193263333333,0.00886100266666667,0.00227706066666667,6.66666666666667e-06,0.0292783106666667,1.33333333333333e-05,0.000402847333333333,0.0149061953333333
Seattle,0.0,0.000115134333333333,0.000158728,0.00401339633333333,0.00175888633333333,0.0,5.13343333333333e-05,0.004534324,0.001037353,0.00144539,0.005708572,6.40986666666667e-05
Sunnyvale,0.0,0.00139017833333333,0.000320443333333333,0.002190525,0.005163321,2.6162e-05,0.000690828,0.004710876,0.00195904066666667,0.00100445933333333,0.000830962,0.00158032866666667
Washington DC,0.0,0.0164369286666667,0.013594924,2.9134e-05,0.0359541966666667,0.00987470966666667,0.00569367566666667,3.33333333333333e-06,0.023293406,4.6249e-05,0.00074397,0.026378465
