src/dst,Atlanta_1,Atlanta_2,Chicago,Denver,Houston,Indianapolis,Kansas City,Los Angeles,New York,Seattle,Sunnyvale,Washington DC
Atlanta_1,3.33333333333333e-06,1e-05,0.000249149,0.0,0.000194476,6.66666666666667e-06,0.000259535333333333,0.0,9.07333333333333e-06,0.0,0.0,0.000287780666666667
Atlanta_2,0.0,0.00244175833333333,0.001775152,2.68903333333333e-05,0.00357937366666667,0.00242009,0.000478042,0.0,0.00217351233333333,6.88666666666667e-06,8.42283333333333e-05,0.00496539666666667
Chicago,0.0,0.003656145,0.0116279186666667,0.004529955,0.0125351453333333,0.005900325,0.00270872133333333,1.60123333333333e-05,0.00522654933333333,0.0,0.000103804666666667,0.00551601633333333
Denver,0.0,0.001802047,0.0154837046666667,0.00110447766666667,0.004490164,0.00599472666666667,0.00173497766666667,3.444e-06,0.00189398333333333,0.000687713333333333,0.00030886,0.006186669
Houston,0.0,0.003513089,0.000103289666666667,3.33333333333333e-06,0.0316097456666667,1.33333333333333e-05,0.0,0.0,0.000841099,0.0,3.33333333333333e-06,0.0126073906666667
Indianapolis,0.0,0.001836454,0.0150319036666667,0.00129729133333333,0.00778386033333333,0.00416462333333333,0.00378172766666667,9.14e-06,0.008543888,1e-05,6.7881e-05,0.00515675633333333
Kansas City,0.0,0.00149102733333333,0.003810468,0.00247487866666667,0.00208561133333333,0.00168157,0.000515447666666667,0.0,0.00104812966666667,0.0,0.000145143333333333,0.00194538966666667
Los Angeles,0.0,0.00239707366666667,0.00219933833333333,0.00101305866666667,0.027058957,0.000206539,7.83056666666667e-05,0.00230063233333333,0.00788945233333333,0.000489465666666667,0.00252145433333333,0.0119287156666667
New York,0.0,0.00490047433333333,0.007966854,0.00412632033333333,0.0129369483333333,0.00882940933333333,0.00178859866666667,2.71926666666667e-05,0.0215023656666667,3.33333333333333e-06,0.000998302666666667,0.0142876233333333
Seattle,0.0,2e-05,6.66666666666667e-06,0.000250639666666667,0.000662133666666667,5.25233333333333e-06,2.3143e-05,0.006863357,0.000897976333333333,0.001037807,0.00597212833333333,0.000161023333333333
Sunnyvale,0.0,0.00139473333333333,0.000802951,0.000386709333333333,0.00467268,9.5588e-05,0.000592268666666667,0.00289154966666667,0.00196533,0.000428785666666667,0.000444453666666667,0.00203390533333333
Washington DC,0.0,0.0103408323333333,0.008197017,0.000261141,0.0239256833333333,0.00716805366666667,0.004956965,3.1768e-05,0.0180900726666667,2.21743333333333e-05,0.000876387666666667,0.0388819066666667
