src/dst,Atlanta_1,Atlanta_2,Chicago,Denver,Houston,Indianapolis,Kansas City,Los Angeles,New York,Seattle,Sunnyvale,Washington DC
Atlanta_1,0.0,1e-05,0.000119561333333333,0.0,0.000102916333333333,6.2815e-05,1.52266666666667e-05,0.0,7.94003333333333e-05,0.0,0.0,0.000137428333333333
Atlanta_2,0.0,0.00340683333333333,0.00182170866666667,0.0,0.00438354566666667,0.00263878433333333,0.000561521666666667,3.33333333333333e-06,0.00146416833333333,0.0,5.0412e-05,0.008168643
Chicago,0.0,0.00253723133333333,0.0217687533333333,0.00298566233333333,0.014809875,0.00437121766666667,0.00226827766666667,2.17303333333333e-05,0.00367687433333333,0.0,8.0702e-05,0.00475925166666667
Denver,0.0,0.000822091,0.010369365,0.00176108666666667,0.003844365,0.003623618,0.00246162166666667,0.0,0.001808312,0.00123308866666667,1.7324e-05,0.00383319966666667
Houston,0.0,0.00357837833333333,0.000352098666666667,3.33333333333333e-06,0.0145230223333333,9.738e-06,0.0,0.0,0.000497531666666667,0.0,6.66666666666667e-06,0.0102725526666667
Indianapolis,0.0,0.00274630666666667,0.0233418863333333,0.00156372666666667,0.0116589063333333,0.00229498333333333,0.001293518,3.33333333333333e-06,0.00555608966666667,6.66666666666667e-06,8.14393333333333e-05,0.00327020766666667
Kansas City,0.0,0.000771576,0.00512466766666667,0.000867458333333333,0.00180421633333333,0.001818176,0.000807733666666667,0.0,0.00115304933333333,0.0,1.28046666666667e-05,0.00176417666666667
Los Angeles,0.0,0.00171063966666667,0.002197853,0.001918135,0.0273767866666667,1.34886666666667e-05,3.33333333333333e-06,0.00342376933333333,0.00622933,0.000764895666666667,0.00395162433333333,0.00928022233333333
New York,0.0,0.00378192066666667,0.010324624,0.00507058866666667,0.0402078033333333,0.00466108566666667,0.00288843366666667,2.76966666666667e-05,0.0358088833333333,3.1324e-05,0.000421921,0.0121183856666667
Seattle,0.0,6.70726666666667e-05,2.7448e-05,0.00022237,0.000363106333333333,6.52533333333333e-06,9.50843333333333e-05,0.00591606866666667,0.001742439,0.00126672633333333,0.00499502666666667,2.76533333333333e-05
Sunnyvale,0.0,0.000886046333333333,0.000719849,0.000393409333333333,0.00460255033333333,0.0,0.000304893,0.002943712,0.001177465,0.00043349,0.000737870666666667,0.001054083
Washington DC,0.0,0.0170149313333333,0.0134319476666667,0.000932885666666667,0.0232522786666667,0.00411274033333333,0.00303336966666667,1.35e-05,0.0181229863333333,6.66666666666667e-06,0.000506320333333333,0.04751536
