src/dst,Atlanta_1,Atlanta_2,Chicago,Denver,Houston,Indianapolis,Kansas City,Los Angeles,New York,Seattle,Sunnyvale,Washington DC
Atlanta_1,1.5297e-05,0.000146170333333333,2.2757e-05,0.0,8.2698e-05,5.30583333333333e-05,2.67593333333333e-05,0.0,0.000176523666666667,0.0,0.0,7.50026666666667e-05
Atlanta_2,0.0,0.00560227633333333,0.001765515,1e-05,0.00438619733333333,0.003836881,0.000335506333333333,3.33333333333333e-06,0.000912355333333333,0.0,4.21033333333333e-05,0.00461080333333333
Chicago,0.0,0.00286421933333333,0.004931659,0.00309135,0.0150234976666667,0.00448438833333333,0.001925805,1.44626666666667e-05,0.0106346103333333,0.0,0.000146247666666667,0.005477047
Denver,0.0,0.000909208666666667,0.00422825833333333,0.000897721333333333,0.00310014033333333,0.003225135,0.001437642,0.0,0.00463565933333333,0.000952868666666667,2.33333333333333e-05,0.00576793966666667
Houston,0.0,0.003326107,0.0,3.33333333333333e-06,0.0244877976666667,0.0,0.0,0.0,0.000496452666666667,3.33333333333333e-06,1.8016e-05,0.00687381633333333
Indianapolis,0.0,0.00199512766666667,0.00846587533333333,0.00196532233333333,0.014487024,0.00318446,0.00263984733333333,1e-05,0.00995657933333333,2.5135e-05,0.000237734333333333,0.00295909866666667
Kansas City,0.0,0.000742243,0.002532976,0.000797248333333333,0.00100844366666667,0.00197613233333333,0.000634316,0.0,0.00193234666666667,3.33333333333333e-06,2.9963e-05,0.00193251533333333
Los Angeles,0.0,0.002830885,0.00056232,0.00139796133333333,0.010892308,1.07003333333333e-05,1.15373333333333e-05,0.00283891,0.009625543,0.000953145333333333,0.002116252,0.00532510066666667
New York,0.0,0.002762347,0.01150644,0.00388428733333333,0.0168071516666667,0.00501985733333333,0.00229999033333333,0.000335916666666667,0.0223887196666667,5.71666666666667e-05,0.000597818333333333,0.0117698876666667
Seattle,0.0,0.000112009666666667,1.33333333333333e-05,0.000181496333333333,0.000854683333333333,3.33333333333333e-06,6.09746666666667e-05,0.004647535,0.000534655666666667,0.002208546,0.007395691,0.000167131666666667
Sunnyvale,0.0,0.001021577,0.000108273333333333,0.000722745333333333,0.00212512,4.27753333333333e-05,0.000385646666666667,0.00403539,0.00572605,0.000758067333333333,0.000391676,0.00358211766666667
Washington DC,0.0,0.0104718923333333,0.0171510226666667,0.000291130666666667,0.032735473,0.00261380266666667,0.00175963,6.06453333333333e-05,0.015091666,2.4282e-05,0.00168953866666667,0.0317760026666667
