src/dst,Atlanta_1,Atlanta_2,Chicago,Denver,Houston,Indianapolis,Kansas City,Los Angeles,New York,Seattle,Sunnyvale,Washington DC
Atlanta_1,0.0,2.03573333333333e-05,0.000195057666666667,0.0,0.000102518,0.000261426666666667,4.75333333333333e-05,0.0,9.98863333333333e-05,0.0,0.0,0.000472474
Atlanta_2,0.0,0.00290189733333333,0.00346314666666667,0.0,0.005748832,0.00364790866666667,0.00063175,2.3024e-05,0.00172411466666667,6.66666666666667e-06,8.7611e-05,0.006795609
Chicago,0.0,0.006494013,0.0148879603333333,0.00266516066666667,0.0135430903333333,0.00916440166666667,0.001781818,1.1327e-05,0.00476269,0.0,8.71413333333333e-05,0.00610184666666667
Denver,0.0,0.00361837633333333,0.00617996766666667,0.00189050133333333,0.00350561633333333,0.004310347,0.00208070066666667,0.0,0.001975587,0.00106674166666667,0.000213261333333333,0.00481354766666667
Houston,0.0,0.00735055266666667,0.000148869666666667,0.0,0.0219627426666667,6.66666666666667e-06,3.33333333333333e-06,3.33333333333333e-06,0.000602279666666667,0.0,1.40123333333333e-05,0.0143980606666667
Indianapolis,0.0,0.00294794633333333,0.0211188956666667,0.00148704666666667,0.01261581,0.00388005833333333,0.002261817,1.82076666666667e-05,0.00864423166666667,9.90133333333333e-06,5.2953e-05,0.00444460033333333
Kansas City,0.0,0.000949816333333333,0.00359522633333333,0.000775804666666667,0.00182367266666667,0.001974767,0.000418633,0.0,0.00122129933333333,0.0,0.000292995333333333,0.002287548
Los Angeles,0.0,0.00612083366666667,0.001750148,0.00220933433333333,0.0237038593333333,6.78453333333333e-05,0.000170311333333333,0.00182735366666667,0.00942959566666667,0.000971406333333333,0.00254051233333333,0.0133000103333333
New York,0.0,0.00467943666666667,0.00801625266666667,0.00658705966666667,0.0166795386666667,0.00966288466666667,0.00300672633333333,3.63466666666667e-05,0.030868626,2.74906666666667e-05,0.000928499,0.0214210786666667
Seattle,0.0,6.0597e-05,2.97653333333333e-05,0.001003914,0.000498887666666667,0.0,7.1172e-05,0.005350648,0.00146672766666667,0.00169516166666667,0.00643688533333333,8.64356666666667e-05
Sunnyvale,0.0,0.00119901233333333,0.000124037,0.000781273,0.005128557,2.5581e-05,0.000800408333333333,0.00382294033333333,0.00115900333333333,0.000337187333333333,0.000500161,0.00152108166666667
Washington DC,0.0,0.0205811336666667,0.013672872,0.00130389433333333,0.0294432893333333,0.007147718,0.00175885033333333,6.66666666666667e-06,0.0229133953333333,6.66666666666667e-06,0.00105849866666667,0.0350634766666667
