src/dst,Atlanta_1,Atlanta_2,Chicago,Denver,Houston,Indianapolis,Kansas City,Los Angeles,New York,Seattle,Sunnyvale,Washington DC
Atlanta_1,0.0,6.2175e-05,0.000111054666666667,0.0,0.000232984666666667,0.000156213333333333,4.62183333333333e-05,0.0,2.73906666666667e-05,0.0,0.0,0.000278619666666667
Atlanta_2,0.0,0.002987649,0.00293066366666667,3.33333333333333e-06,0.00487144,0.00360618433333333,0.000554619333333333,0.0,0.001598711,1.16053333333333e-05,6.961e-05,0.006589629
Chicago,0.0,0.00681567,0.0159823423333333,0.00226264366666667,0.0137296296666667,0.0104044223333333,0.002192827,3.37333333333333e-06,0.00542897666666667,3.33333333333333e-06,0.000157562333333333,0.00636768033333333
Denver,0.0,0.00351912966666667,0.006223157,0.00196339033333333,0.00401762566666667,0.00465816,0.00190211233333333,0.0,0.00252497633333333,0.00113897766666667,0.000160698666666667,0.004442152
Houston,0.0,0.00467412733333333,0.000268012333333333,3.33333333333333e-06,0.020592166,0.0,0.0,3.33333333333333e-06,0.000830294,3.33333333333333e-06,1.30366666666667e-05,0.0137962873333333
Indianapolis,0.0,0.00264917166666667,0.0192290566666667,0.001796372,0.008172449,0.00393751966666667,0.00244410633333333,1.14723333333333e-05,0.00837642933333333,2.94716666666667e-05,0.000231408666666667,0.004361142
Kansas City,0.0,0.000843858666666667,0.00326820233333333,0.000704425,0.00153490166666667,0.002550183,0.00103534133333333,0.0,0.00159304033333333,0.0,6.23516666666667e-05,0.00224531966666667
Los Angeles,0.0,0.00348586933333333,0.00140350266666667,0.00187960766666667,0.0223981286666667,7.8445e-05,6.49256666666667e-05,0.00205888566666667,0.007911772,0.001112249,0.002877337,0.0129195636666667
New York,0.0,0.00508490533333333,0.00876828566666667,0.00678550633333333,0.0163237336666667,0.009385933,0.00287541833333333,3.82496666666667e-05,0.0317774406666667,1e-05,0.000813440333333333,0.023587558
Seattle,0.0,3.57876666666667e-05,6.66666666666667e-06,0.000791043333333333,0.000357699666666667,0.0,5.5737e-05,0.00517439666666667,0.000480611,0.00181273433333333,0.00696708666666667,8.32916666666667e-05
Sunnyvale,0.0,0.00216108033333333,0.000187891,0.000863965,0.005263652,1.23386666666667e-05,0.000570340333333333,0.003888276,0.000887912,0.000447300333333333,0.000522050333333333,0.00126762533333333
Washington DC,0.0,0.0151955853333333,0.011279643,0.001271741,0.030453993,0.00866905733333333,0.00190191033333333,2.14336666666667e-05,0.0239523166666667,1e-05,0.00119235333333333,0.028814645
