src/dst,Atlanta_1,Atlanta_2,Chicago,Denver,Houston,Indianapolis,Kansas City,Los Angeles,New York,Seattle,Sunnyvale,Washington DC
Atlanta_1,8.46666666666667e-06,1.39003333333333e-05,9.99273333333333e-05,0.0,0.000253709333333333,0.000135137,3.3094e-05,0.0,1e-05,0.0,9.18e-06,0.000149216
Atlanta_2,0.0,0.003791641,0.003268491,3.33333333333333e-06,0.00537151333333333,0.00338969366666667,0.000962803333333333,0.0,0.002290443,0.0,0.000106806,0.00633553733333333
Chicago,0.0,0.004787461,0.014955474,0.00373514766666667,0.020159999,0.00823383833333333,0.00304521366666667,7.60933333333333e-06,0.00689269166666667,3.33333333333333e-06,0.000211726333333333,0.00538732633333333
Denver,0.0,0.00126983366666667,0.00804265066666667,0.00147620866666667,0.00512671533333333,0.003979104,0.00148817566666667,0.0,0.002660854,0.00100291466666667,4.7478e-05,0.00552648033333333
Houston,0.0,0.00418656433333333,0.000125399333333333,0.0,0.0222085023333333,0.0,0.0,3.33333333333333e-06,0.001024434,0.0,2.72486666666667e-05,0.014231167
Indianapolis,0.0,0.00437765866666667,0.019041975,0.00348535033333333,0.0127612123333333,0.00456177366666667,0.002194289,0.0,0.0104542533333333,1.01243333333333e-05,0.000184156333333333,0.00989786433333333
Kansas City,0.0,0.00113518066666667,0.005443799,0.00126239233333333,0.00304104133333333,0.002496881,0.000496688333333333,6.60333333333333e-06,0.001235672,0.0,9.72696666666667e-05,0.00315445866666667
Los Angeles,0.0,0.00298569466666667,0.000943991666666667,0.00259716433333333,0.0297082306666667,2.11026666666667e-05,1.7704e-05,0.003963571,0.0111358346666667,0.00130573633333333,0.00437399633333333,0.012658155
New York,0.0,0.00617724433333333,0.015889289,0.00597258866666667,0.0231853566666667,0.00635598,0.00351450766666667,6.8685e-05,0.03394509,3.33333333333333e-06,0.00100421033333333,0.017343243
Seattle,0.0,6.93373333333333e-05,1.33333333333333e-05,0.000408350333333333,0.001277337,0.0,8.27673333333333e-05,0.00589976,0.000130340666666667,0.00173922466666667,0.00721255066666667,0.000130322666666667
Sunnyvale,0.0,0.000901860666666667,0.000439455333333333,0.00121158233333333,0.004521721,3.33333333333333e-06,0.000588959,0.003772474,0.00134758966666667,0.00248309233333333,0.000695138333333333,0.00116446566666667
Washington DC,0.0,0.0102951923333333,0.0154827906666667,0.000751791333333333,0.031686367,0.00701685933333333,0.00356523266666667,2.462e-05,0.0260291946666667,4.666e-06,0.000497793,0.0312698133333333
