src/dst,Atlanta_1,Atlanta_2,Chicago,Denver,Houston,Indianapolis,Kansas City,Los Angeles,New York,Seattle,Sunnyvale,Washington DC
Atlanta_1,3.78603333333333e-05,2.763e-05,0.000120257,0.0,1.57483333333333e-05,1.4863e-05,0.0,0.0,0.000135292666666667,0.0,0.0,5.96536666666667e-05
Atlanta_2,0.0,0.00694533466666667,0.003216989,0.0,0.000621731,0.00419637633333333,0.0,0.0,0.00678457466666667,3.33333333333333e-06,0.0,0.005097117
Chicago,0.0,0.00352251,0.00463306166666667,0.0,0.002218638,0.006149128,1.188e-05,3.33333333333333e-06,0.0272399043333333,3.33333333333333e-06,2.81933333333333e-05,0.00552379533333333
Denver,0.0,0.00140036066666667,0.00410902133333333,0.001314557,0.00486636933333333,0.00336482166666667,0.00216000933333333,0.0,0.00533752633333333,0.00107120266666667,0.000314255333333333,0.00535529
Houston,0.0,0.00478245966666667,0.000169236333333333,6.66666666666667e-06,0.023879524,1.41443333333333e-05,0.0,0.0,0.000942871,0.0,0.0,0.011168693
Indianapolis,0.0,0.00375802,0.010175262,0.0,0.001486513,0.003898873,0.002723716,6.66666666666667e-06,0.024658594,1e-05,6.66666666666667e-06,0.005322825
Kansas City,0.0,0.001002119,0.00266821833333333,0.000971563333333333,0.00117089366666667,0.00349083466666667,0.00150611466666667,6.66666666666667e-06,0.00307246033333333,0.0,0.0,0.00123670566666667
Los Angeles,0.0,0.00355800166666667,0.000399134,0.00192739733333333,0.0181859683333333,0.000126271333333333,0.000107758,0.00140891333333333,0.011840249,0.003467767,0.00307237,0.00940879833333333
New York,0.0,0.00663146766666667,0.00021881,0.0,0.00305950266666667,1.634e-05,0.000140931333333333,3.33333333333333e-06,0.0680183,1.66666666666667e-05,6.66666666666667e-06,0.014927157
Seattle,0.0,0.000128655333333333,6.66666666666667e-06,0.000271256666666667,0.000699593666666667,3.33333333333333e-06,6.4507e-05,0.00443286533333333,0.00117276733333333,0.00168673766666667,0.00547048566666667,0.000360959666666667
Sunnyvale,0.0,0.00116597266666667,4.27553333333333e-05,0.000927711333333333,0.003166793,1.27823333333333e-05,0.000476538666666667,0.005783799,0.00601704766666667,0.000676350333333333,0.000547897,0.00403711533333333
Washington DC,0.0,0.014700404,0.000253826666666667,0.0,0.00875367266666667,1.33333333333333e-05,3.49503333333333e-05,3.33333333333333e-06,0.0701659966666667,1e-05,1e-05,0.0333837566666667
