src/dst,Atlanta_1,Atlanta_2,Chicago,Denver,Houston,Indianapolis,Kansas City,Los Angeles,New York,Seattle,Sunnyvale,Washington DC
Atlanta_1,5.19466666666667e-06,0.0,7.96656666666667e-05,4.172e-06,4.10693333333333e-05,0.000318561666666667,1.81586666666667e-05,0.0,6.66666666666667e-06,0.0,0.0,0.000122083333333333
Atlanta_2,0.0,0.00342983,0.001574743,2.77103333333333e-05,0.004583296,0.003109981,0.000481607,2.78203333333333e-05,0.001277257,0.0,0.000193172666666667,0.003628488
Chicago,0.0,0.00323214833333333,0.0124236186666667,0.00210621233333333,0.0152152653333333,0.00662595633333333,0.00231645766666667,0.0,0.00299395866666667,1.35423333333333e-05,0.000227327666666667,0.00397660133333333
Denver,0.0,0.000690425666666667,0.00693707366666667,0.002048731,0.003338219,0.00344574133333333,0.002520958,3.64633333333333e-06,0.00236718366666667,0.00117434933333333,2e-05,0.00399786966666667
Houston,0.0,0.00402446733333333,0.000193216,0.0,0.013624887,0.0,0.0,0.0,0.000497094,0.0,6.66666666666667e-06,0.011879973
Indianapolis,0.0,0.00123973433333333,0.0105148103333333,0.00113430333333333,0.0140781736666667,0.00472799733333333,0.00234395433333333,3.33333333333333e-06,0.003129468,3.33333333333333e-06,0.000106873333333333,0.00369235733333333
Kansas City,0.0,0.000447303,0.00336430333333333,0.000610069333333333,0.00199875966666667,0.00222211,0.000683763666666667,3.6071e-05,0.000925346,3.33333333333333e-06,3.41326666666667e-05,0.00128011533333333
Los Angeles,0.0,0.00258389933333333,0.00101687766666667,0.00183598766666667,0.0158428426666667,3.79826666666667e-05,4.8951e-05,0.00246585033333333,0.00766340433333333,0.00195816833333333,0.00259680666666667,0.0110351486666667
New York,0.0,0.003095111,0.00706095,0.00435586066666667,0.0156406133333333,0.00688111233333333,0.001916075,4.06576666666667e-05,0.018504628,3.33333333333333e-06,0.000341680666666667,0.0106946606666667
Seattle,0.0,8.25473333333333e-05,0.001001372,0.00017845,0.000828292,0.0,5.92196666666667e-05,0.00505308666666667,0.000109597,0.001389342,0.00593406733333333,4.0544e-05
Sunnyvale,0.0,0.000928377333333333,0.000115093666666667,0.000486846333333333,0.00374559066666667,3.35866666666667e-06,0.001250135,0.00334412033333333,0.000768581,0.000541805333333333,0.000836147,0.00103591533333333
Washington DC,0.0,0.0155021176666667,0.011304127,0.00179788733333333,0.0257508086666667,0.006103511,0.00131634233333333,1e-05,0.016413839,0.0,0.000943700666666667,0.0236083966666667
