src/dst,Atlanta_1,Atlanta_2,Chicago,Denver,Houston,Indianapolis,Kansas City,Los Angeles,New York,Seattle,Sunnyvale,Washington DC
Atlanta_1,1e-05,6.61883333333333e-05,0.0,0.0,3.33333333333333e-06,4.53966666666667e-05,0.0,0.0,0.0,0.0,0.0,0.001584321
Atlanta_2,0.0,0.00354456033333333,2.26263333333333e-05,0.0,5.5378e-05,0.00464308566666667,0.0,6.66666666666667e-06,1.31666666666667e-05,0.0,0.0,0.0236864313333333
Chicago,0.0,0.00358934433333333,0.0123344756666667,0.0,0.000107493,0.00798040366666667,0.002346305,3.33333333333333e-06,0.00647970033333333,3.33333333333333e-06,4e-06,0.0280989556666667
Denver,0.0,0.001209059,0.00820859433333333,0.001949374,0.00687266866666667,0.00581424333333333,0.00252689333333333,0.0,0.002053462,0.00295408666666667,3.8146e-05,0.00884644633333333
Houston,0.0,0.007236592,0.000393171333333333,3.33333333333333e-06,0.0199166643333333,0.0,0.0,0.0,7.24266666666667e-06,0.0,0.0,0.017385243
Indianapolis,0.0,0.00220654533333333,0.0175231996666667,0.001876186,0.000126179,0.00575432033333333,0.00291864733333333,3.33333333333333e-06,0.0128062946666667,2.7812e-05,0.0,0.0230226623333333
Kansas City,0.0,0.000693949333333333,0.00518423166666667,0.001024066,0.002597452,0.00189567233333333,0.00152675,0.0,0.00195560966666667,0.0,0.0,0.00238877366666667
Los Angeles,0.0,0.005578885,0.000512318,0.00216499633333333,0.023794783,9.46116666666667e-05,1.59883333333333e-05,0.00204777,0.0130589073333333,0.002975817,0.00460257133333333,0.013732079
New York,0.0,5.00146666666667e-05,5.87496666666667e-05,3.33333333333333e-06,0.000147578,2.6226e-05,0.0,2.12973333333333e-05,0.0310858016666667,0.0,8.6623e-05,0.09226851
Seattle,0.0,9.5576e-05,2.81376666666667e-05,0.000984742,0.000842191666666667,0.0,3.70013333333333e-05,0.000717325,0.00128147066666667,0.00675122933333333,0.00587731833333333,0.000260215
Sunnyvale,0.0,0.00144020333333333,0.000290175666666667,0.000944625666666667,0.005576634,7.58166666666667e-06,0.000651871333333333,0.00338531133333333,0.00232882933333333,0.001501161,0.000713373,0.00278556366666667
Washington DC,0.0,2.72136666666667e-05,0.000787371666666667,0.0,0.000366549333333333,3.33333333333333e-06,0.0,7.547e-06,0.000210352,6.66666666666667e-06,8.44e-06,0.132869236666667
