src/dst,Atlanta_1,Atlanta_2,Chicago,Denver,Houston,Indianapolis,Kansas City,Los Angeles,New York,Seattle,Sunnyvale,Washington DC
Atlanta_1,0.0,7.39633333333333e-05,0.000353162666666667,0.0,0.000143823,9.75666666666667e-06,1.27973333333333e-05,0.0,2.2559e-05,0.0,0.0,8.97176666666667e-05
Atlanta_2,0.0,0.00701212766666667,0.00177490166666667,2.55163333333333e-05,0.00467775266666667,0.002573879,0.000857623333333333,8.87333333333333e-06,0.00202452666666667,0.0,0.000166517,0.00565086666666667
Chicago,0.0,0.00239709166666667,0.011626375,0.003368129,0.0133994423333333,0.006185349,0.00221984766666667,1.72373333333333e-05,0.00227844966666667,0.0,0.000129263666666667,0.003742193
Denver,0.0,0.001265341,0.00633113966666667,0.000840025666666667,0.00362754833333333,0.00368441233333333,0.000538695333333333,3.33333333333333e-06,0.00188423033333333,0.000830779,1.04476666666667e-05,0.00448292133333333
Houston,0.0,0.003445181,0.000235756666666667,7.28133333333333e-06,0.010438301,3.33333333333333e-06,0.0,0.0,0.000658476,3.33333333333333e-06,1.02466666666667e-05,0.005810915
Indianapolis,0.0,0.00159689066666667,0.0164660863333333,0.001032788,0.00827806066666667,0.00375162,0.000892733666666667,1.37093333333333e-05,0.00636550266666667,1.85673333333333e-05,3.45176666666667e-05,0.00476690366666667
Kansas City,0.0,0.000746037666666667,0.00341700533333333,0.000736817,0.00291144433333333,0.00152872633333333,0.00110081966666667,3.33333333333333e-06,0.000697762,0.0,8.41566666666667e-06,0.00152875166666667
Los Angeles,0.0,0.00267182633333333,0.000948041,0.00394742533333333,0.019304166,1.1945e-05,1.42226666666667e-05,0.000895184,0.007557301,0.000886677666666667,0.00288066633333333,0.00525941133333333
New York,0.0,0.00390171233333333,0.006420241,0.00500013666666667,0.019813273,0.00569034766666667,0.00177467666666667,8.16303333333333e-05,0.0172311813333333,0.000633765666666667,0.000386138666666667,0.008377129
Seattle,0.0,1.98826666666667e-05,5.19266666666667e-06,0.00033953,0.000994011333333333,0.0,4.4534e-05,0.00609828033333333,6.57893333333333e-05,0.001663265,0.006292857,4.15756666666667e-05
Sunnyvale,0.0,0.000844185,0.000125667,0.000356659333333333,0.00313261833333333,2.1337e-05,0.000569396333333333,0.00213229233333333,0.000586962,0.000400084333333333,0.000279168666666667,0.000867942
Washington DC,0.0,0.0156486573333333,0.00800129,0.00139142033333333,0.023502298,0.00590146366666667,0.003973858,3.02573333333333e-05,0.0178458646666667,0.0,0.001667936,0.0308382283333333
