src/dst,Atlanta_1,Atlanta_2,Chicago,Denver,Houston,Indianapolis,Kansas City,Los Angeles,New York,Seattle,Sunnyvale,Washington DC
Atlanta_1,5.28726666666667e-05,1.7813e-05,0.000100446333333333,0.0,4.85696666666667e-05,9.76103333333333e-05,7.66336666666667e-05,0.0,0.000210974666666667,0.0,0.0,0.000406900333333333
Atlanta_2,0.0,0.00293910733333333,0.002430431,1e-05,0.00490107566666667,0.003269261,0.000733507,0.0,0.00102491433333333,0.0,2.66933333333333e-05,0.00491017266666667
Chicago,0.0,0.00396120133333333,0.005611017,0.003675432,0.016411054,0.00698577533333333,0.00272533433333333,2.01866666666667e-05,0.00974984633333333,0.0,0.000116735,0.00530891433333333
Denver,0.0,0.000877032666666667,0.00373569533333333,0.001406133,0.00538762933333333,0.00327328866666667,0.00245932866666667,0.0,0.004837266,0.001314119,0.000148772666666667,0.005089647
Houston,0.0,0.002467979,6.35463333333333e-05,3.33333333333333e-06,0.0159089643333333,0.0,0.0,3.33333333333333e-06,0.001198823,0.0,6.66666666666667e-06,0.007949048
Indianapolis,0.0,0.00188602566666667,0.010121521,0.001660273,0.00596686733333333,0.005020115,0.00246466066666667,6.66666666666667e-06,0.0117894616666667,3.33333333333333e-06,0.000377467333333333,0.00495368866666667
Kansas City,0.0,0.000778432666666667,0.00289061866666667,0.00106835433333333,0.00181642633333333,0.001814124,0.00089444,0.0,0.00225056066666667,3.33333333333333e-06,1.33333333333333e-05,0.00161948333333333
Los Angeles,0.0,0.001668088,0.00141154533333333,0.00168784566666667,0.00966253533333333,0.000261826,1.88763333333333e-05,0.00226429933333333,0.0105779786666667,0.00132518933333333,0.002162511,0.00640372333333333
New York,0.0,0.00271003066666667,0.013824516,0.004175296,0.015717282,0.00744887866666667,0.00240426366666667,0.000108422666666667,0.0261283526666667,6.66666666666667e-06,0.00106031866666667,0.016735014
Seattle,0.0,0.000107796,0.0,0.001347899,0.000563006333333333,0.0,4.15756666666667e-05,0.00485133333333333,0.000593679333333333,0.001697742,0.00655190433333333,0.000172056
Sunnyvale,0.0,0.00164771833333333,0.00027944,0.000707514333333333,0.00248010533333333,7.76166666666667e-06,0.000415009,0.00349552966666667,0.00553541666666667,0.000648504333333333,0.00052578,0.003942219
Washington DC,0.0,0.0162135713333333,0.0146262826666667,0.000241046333333333,0.0348954,0.00326582733333333,0.00177602433333333,1.24103333333333e-05,0.0164621886666667,2.9071e-05,0.00129377233333333,0.0344823033333333
