src/dst,Atlanta_1,Atlanta_2,Chicago,Denver,Houston,Indianapolis,Kansas City,Los Angeles,New York,Seattle,Sunnyvale,Washington DC
Atlanta_1,0.0,5.2262e-05,5.81696666666667e-05,3.33333333333333e-06,0.000124686,0.000142359666666667,2.64123333333333e-05,0.0,1.69293333333333e-05,0.0,6.80933333333333e-06,4.9589e-05
Atlanta_2,0.0,0.00312263933333333,0.00245180666666667,2.28343333333333e-05,0.00509649233333333,0.003334515,0.000401153333333333,0.0,0.00123465933333333,0.0,4.61366666666667e-05,0.00438976466666667
Chicago,0.0,0.002966598,0.005293495,0.00424249633333333,0.014295279,0.00580653333333333,0.00200290733333333,1.89866666666667e-05,0.00986967233333333,0.0,0.000165643,0.004386162
Denver,0.0,0.000957158333333333,0.00391139266666667,0.00159380366666667,0.00527860466666667,0.003549521,0.001834756,0.0,0.00371337733333333,0.00117361466666667,0.00017482,0.004601166
Houston,0.0,0.00249765533333333,1e-05,4.05333333333333e-06,0.0155628133333333,0.0,0.0,0.0,0.000610972666666667,3.33333333333333e-06,2.4715e-05,0.007909391
Indianapolis,0.0,0.00183201133333333,0.0141798593333333,0.00235842966666667,0.00765121566666667,0.00444509,0.00253893133333333,3.33333333333333e-06,0.00939851033333333,1.4256e-05,0.000482798333333333,0.00461636333333333
Kansas City,0.0,0.000491929,0.002945372,0.000931432,0.00159625533333333,0.00134544333333333,0.000875592666666667,0.0,0.001518267,0.0,4.14596666666667e-05,0.00162396733333333
Los Angeles,0.0,0.00163123266666667,0.000294228333333333,0.001778989,0.0147620993333333,0.000268958333333333,1.6922e-05,0.00379568333333333,0.0101201516666667,0.001193391,0.003260954,0.00577975166666667
New York,0.0,0.00464932733333333,0.012273491,0.004584743,0.016217127,0.00558129633333333,0.002621039,3.41956666666667e-05,0.026313227,3.03653333333333e-05,0.000994165333333333,0.0145670476666667
Seattle,0.0,0.000202160666666667,3.33333333333333e-06,8.21453333333333e-05,0.000349536333333333,3.416e-06,6.18653333333333e-05,0.00326021,0.001638377,0.00147127533333333,0.00600967066666667,0.000158738333333333
Sunnyvale,0.0,0.00177855733333333,0.000195615,0.000714950666666667,0.00237952933333333,1.5585e-05,0.000293540666666667,0.004025644,0.00529435766666667,0.000683471333333333,0.00051488,0.003701116
Washington DC,0.0,0.018785365,0.0142512056666667,0.000173805666666667,0.03534383,0.00322236433333333,0.001962134,0.0,0.0188804856666667,3.08326666666667e-05,0.00149396733333333,0.03873633
