src/dst,Atlanta_1,Atlanta_2,Chicago,Denver,Houston,Indianapolis,Kansas City,Los Angeles,New York,Seattle,Sunnyvale,Washington DC
Atlanta_1,0.0,2.6109e-05,6.49276666666667e-05,0.0,0.000123368333333333,4.04256666666667e-05,5.07923333333333e-05,0.0,1.5e-05,3.33333333333333e-06,0.0,0.000181747
Atlanta_2,0.0,0.00375536633333333,0.00294041433333333,5.43533333333333e-06,0.004242508,0.003956094,0.000440433333333333,1.70253333333333e-05,0.001698593,3.33333333333333e-06,6.00353333333333e-05,0.00851897966666667
Chicago,0.0,0.00419034166666667,0.0224771066666667,0.00273601766666667,0.0196554523333333,0.00354225133333333,0.00168439166666667,7.12066666666667e-05,0.002552758,3.33333333333333e-06,2.17026666666667e-05,0.003794335
Denver,0.0,0.000850446666666667,0.010588383,0.00129992866666667,0.00362626633333333,0.00207383666666667,0.001795525,3.33333333333333e-06,0.00234846766666667,0.00114917833333333,1.3371e-05,0.003466133
Houston,0.0,0.00201681033333333,0.000690922666666667,0.0,0.015808169,0.0,0.0,3.33333333333333e-06,0.000700001,3.33333333333333e-06,3.33333333333333e-06,0.0127761173333333
Indianapolis,0.0,0.002803153,0.017245409,0.00145246666666667,0.00568920866666667,0.00277187733333333,0.001086253,6.66666666666667e-06,0.00521997466666667,3.8906e-05,6.3897e-05,0.00570184766666667
Kansas City,0.0,0.000377046,0.00545271633333333,0.00184806233333333,0.00228566666666667,0.00142087033333333,0.000496447,0.0,0.000689807,0.0,1.9078e-05,0.001439419
Los Angeles,0.0,0.00155690866666667,0.001602722,0.001273477,0.029628086,9.48476666666667e-05,6.66666666666667e-06,0.003043261,0.00682099233333333,0.00199034266666667,0.00358387966666667,0.0120905493333333
New York,0.0,0.00359436933333333,0.010989858,0.00402162166666667,0.0172931973333333,0.004215518,0.002659101,2.33116666666667e-05,0.0341004233333333,6.686e-05,0.000258045666666667,0.00895207066666667
Seattle,0.0,1.82213333333333e-05,6.45413333333333e-05,0.00184214033333333,0.000459265333333333,0.0,2.96856666666667e-05,0.00538035933333333,0.002647075,0.00198374033333333,0.006072727,8.64073333333333e-05
Sunnyvale,0.0,0.001056223,0.000463880333333333,0.000307900333333333,0.00555381233333333,1.26343333333333e-05,0.000445799666666667,0.002513815,0.001285649,0.000637639333333333,0.001004632,0.00108661766666667
Washington DC,0.0,0.00962217066666667,0.015101153,0.00165511333333333,0.0316323033333333,0.00401758466666667,0.00309204933333333,1.77883333333333e-05,0.0181328783333333,1e-05,0.001097396,0.04238948
