src/dst,Atlanta_1,Atlanta_2,Chicago,Denver,Houston,Indianapolis,Kansas City,Los Angeles,New York,Seattle,Sunnyvale,Washington DC
Atlanta_1,1.034e-05,0.000227222333333333,3.35403333333333e-05,0.0,0.000503237333333333,1.7882e-05,6.66666666666667e-06,0.0,0.000131788,0.0,0.0,0.000522569666666667
Atlanta_2,0.0,0.00301620866666667,0.00435899166666667,0.0,0.00578955433333333,0.00396141866666667,0.000688887666666667,6.61533333333333e-06,0.002873856,7.07776666666667e-05,0.000133900333333333,0.00575202533333333
Chicago,0.0,0.00628657566666667,0.014929163,0.005033538,0.01559976,0.00936313333333333,0.00530352066666667,4.29736666666667e-05,0.00916945966666667,0.0,0.000286536333333333,0.00926401466666667
Denver,0.0,0.001045917,0.00711594166666667,0.002096065,0.005913168,0.006122087,0.00256626933333333,3.33333333333333e-06,0.00240828,0.001538177,2.46923333333333e-05,0.00564989533333333
Houston,0.0,0.005590315,0.000256881666666667,3.33333333333333e-06,0.0189913723333333,3.33333333333333e-06,3.33333333333333e-06,0.0,0.00115735033333333,0.0,2.33333333333333e-05,0.0148911703333333
Indianapolis,0.0,0.00209288633333333,0.018054508,0.002200743,0.00975431133333333,0.00557863633333333,0.001421577,4.9291e-05,0.0100195043333333,3.8637e-05,0.000240907333333333,0.00563506366666667
Kansas City,0.0,0.000922245,0.003961241,0.001193223,0.002285245,0.002208653,0.001989178,3.5852e-05,0.00142227666666667,0.0,0.000229212666666667,0.002226908
Los Angeles,0.0,0.00464637566666667,0.00155177,0.00340159933333333,0.0277169293333333,1.2042e-05,0.000119258,0.00292093233333333,0.0121292626666667,0.00151081766666667,0.006368456,0.0136165093333333
New York,0.0,0.005826252,0.0204324683333333,0.00445438266666667,0.020789085,0.0121728653333333,0.00325736633333333,9.43063333333333e-05,0.0371616433333333,4.40603333333333e-05,0.00119771866666667,0.021614397
Seattle,0.0,0.000220012666666667,4.77443333333333e-05,0.000799682666666667,0.000440477333333333,0.0,3.4311e-05,0.00669520066666667,0.000300466333333333,0.001907313,0.006746453,0.000106750666666667
Sunnyvale,0.0,0.00154378833333333,0.000260209333333333,0.00161693666666667,0.00401686766666667,3.29253333333333e-05,0.000925432,0.003875458,0.00223767566666667,0.000600498333333333,0.000983923666666667,0.00134972666666667
Washington DC,0.0,0.010412637,0.0137775253333333,0.00123331733333333,0.0393904966666667,0.0103222653333333,0.003041895,4.18536666666667e-05,0.0222341063333333,0.000602890333333333,0.000400646,0.0345310933333333
