src/dst,Atlanta_1,Atlanta_2,Chicago,Denver,Houston,Indianapolis,Kansas City,Los Angeles,New York,Seattle,Sunnyvale,Washington DC
Atlanta_1,1.26226666666667e-05,3.16853333333333e-05,0.000127383,0.0,0.000208312666666667,5.64463333333333e-05,4.98266666666667e-05,0.0,3.96993333333333e-05,0.0,0.0,0.000133669
Atlanta_2,0.0,0.00407627933333333,0.004887028,1.5402e-05,0.00694910233333333,0.005606375,0.000778026,9.50566666666667e-06,0.00218436933333333,3.33333333333333e-06,9.04543333333333e-05,0.005858533
Chicago,0.0,0.00413848166666667,0.013195385,0.00271107333333333,0.0158753343333333,0.00795429266666667,0.00258911533333333,3.8096e-05,0.006546899,3.33333333333333e-06,0.000249777666666667,0.00986775
Denver,0.0,0.001741782,0.00489628866666667,0.00244540366666667,0.00941503833333333,0.00607695066666667,0.00144236,3.33333333333333e-06,0.002730981,0.00118364133333333,5.317e-05,0.00479357833333333
Houston,0.0,0.005616234,6.99263333333333e-05,2.14306666666667e-05,0.016247833,1.925e-05,6.66666666666667e-06,0.0,0.00138695366666667,0.0,3.64216666666667e-05,0.0166993426666667
Indianapolis,0.0,0.00363079566666667,0.0208441203333333,0.0032025,0.018470557,0.00873804033333333,0.00274445466666667,0.0,0.010529567,1.04756666666667e-05,0.000381678,0.00680269766666667
Kansas City,0.0,0.000822703333333333,0.00388429866666667,0.00147127866666667,0.00337594633333333,0.001924576,0.00122414866666667,0.0,0.001135623,0.0,4.60186666666667e-05,0.00207307566666667
Los Angeles,0.0,0.004489222,0.001402466,0.00503927066666667,0.0286094433333333,7.00743333333333e-05,0.000136895666666667,0.001775773,0.0131914286666667,0.001499674,0.00475828133333333,0.0146286843333333
New York,0.0,0.00536286433333333,0.0234679883333333,0.00534352333333333,0.0255942833333333,0.00860192333333333,0.002374856,5.7656e-05,0.03385561,3.33333333333333e-06,0.001916247,0.0161851703333333
Seattle,0.0,0.000109786333333333,1.66666666666667e-05,0.001222067,0.000956513666666667,0.0,9.1285e-05,0.005429351,0.000858509666666667,0.001623374,0.006898622,0.000171974
Sunnyvale,0.0,0.00137645566666667,0.000321684666666667,0.000436523333333333,0.005355863,7.8676e-05,0.000815246333333333,0.00442380866666667,0.00134353633333333,0.00117774666666667,0.000152656,0.00157112333333333
Washington DC,0.0,0.0177749846666667,0.011271029,0.00116131266666667,0.03063408,0.00881744833333333,0.00196043,1.64093333333333e-05,0.019864486,2.85576666666667e-05,0.001802018,0.0329480283333333
