src/dst,Atlanta_1,Atlanta_2,Chicago,Denver,Houston,Indianapolis,Kansas City,Los Angeles,New York,Seattle,Sunnyvale,Washington DC
Atlanta_1,5.46386666666667e-05,0.000140599,8.73853333333333e-05,0.0,0.000461507,0.000107832666666667,6.72386666666667e-05,0.0,7.64623333333333e-05,0.0,0.0,0.000167548
Atlanta_2,0.0,0.00384099566666667,0.004035239,0.0,0.007887532,0.004568312,0.00087795,0.0,0.00290753966666667,6.66666666666667e-06,6.28533333333333e-05,0.007247722
Chicago,0.0,0.008124154,0.0174775093333333,0.00519307466666667,0.0184375366666667,0.0151475633333333,0.004761536,5.91763333333333e-05,0.00560413466666667,0.000139635333333333,0.000175808666666667,0.006606203
Denver,0.0,0.000992914333333333,0.0113076143333333,0.00287482366666667,0.00725205966666667,0.00468902866666667,0.00330395533333333,3.36233333333333e-06,0.00341492333333333,0.001730497,0.00182253433333333,0.007329426
Houston,0.0,0.00542574266666667,0.000342610666666667,0.0,0.0217220163333333,1e-05,2.7625e-05,3.33333333333333e-06,0.001351647,6.66666666666667e-06,2.08666666666667e-05,0.0155851663333333
Indianapolis,0.0,0.00452599166666667,0.0201716266666667,0.00410615866666667,0.0111365296666667,0.011339746,0.003859752,3.33333333333333e-06,0.0105519133333333,9.83516666666667e-05,0.000842922333333333,0.00588370866666667
Kansas City,0.0,0.000821659,0.00401974233333333,0.001250754,0.00275769866666667,0.00281361233333333,0.00145974933333333,1.148e-05,0.001394132,0.0,1.93633333333333e-05,0.001996592
Los Angeles,0.0,0.004278052,0.001038621,0.00269522,0.0297998606666667,9.56003333333333e-05,0.000122636,0.00249506033333333,0.010589513,0.001954866,0.00580521466666667,0.0140866123333333
New York,0.0,0.00956870666666667,0.013741643,0.00583787133333333,0.0257658383333333,0.011900322,0.003593688,0.000194298666666667,0.0339296733333333,6.66666666666667e-06,0.00036581,0.019935637
Seattle,0.0,0.000105122,3.33333333333333e-06,0.001698867,0.000901974333333333,0.0,7.1136e-05,0.00630515266666667,0.001004735,0.00195575066666667,0.00645277066666667,5.6141e-05
Sunnyvale,0.0,0.001283245,0.000228072666666667,0.00125280233333333,0.006810363,7.293e-05,0.000733803,0.00417318966666667,0.00193067033333333,0.001186018,0.000907671333333333,0.00233973466666667
Washington DC,0.0,0.0190685993333333,0.0151656593333333,3.33333333333333e-06,0.0464852033333333,0.014220942,0.00450826666666667,3.79373333333333e-05,0.0320072006666667,1.3617e-05,0.000464626333333333,0.0491232033333333
