src/dst,Atlanta_1,Atlanta_2,Chicago,Denver,Houston,Indianapolis,Kansas City,Los Angeles,New York,Seattle,Sunnyvale,Washington DC
Atlanta_1,3.33333333333333e-06,6.9636e-05,0.000338896,0.0,0.000104220666666667,0.000236770333333333,5.67136666666667e-05,0.0,9.69733333333333e-05,0.0,1.5112e-05,0.000227382
Atlanta_2,0.0,0.00323556366666667,0.004576686,1.1316e-05,0.00947128066666667,0.00360380666666667,0.000840616,5.2e-05,0.003011012,3.33333333333333e-06,8.92516666666667e-05,0.00747547533333333
Chicago,0.0,0.00424455833333333,0.0123803843333333,0.00309287,0.0163560923333333,0.00792817233333333,0.00258537833333333,1.0668e-05,0.006020691,0.000192729333333333,0.000238160666666667,0.00732369066666667
Denver,0.0,0.001575834,0.00548333233333333,0.001443463,0.005209114,0.006323184,0.001353417,0.0,0.00289887366666667,0.000670917666666667,0.000360760333333333,0.005998865
Houston,0.0,0.00485878766666667,6.75886666666667e-05,0.0,0.0178877803333333,1.61603333333333e-05,3.33333333333333e-06,6.256e-06,0.00133273966666667,5e-06,5.0488e-05,0.0151273266666667
Indianapolis,0.0,0.002850422,0.0151606716666667,0.002183149,0.0179268113333333,0.00483064066666667,0.00223208766666667,0.0,0.008353775,4.76536666666667e-05,0.000434828333333333,0.00775806033333333
Kansas City,0.0,0.000829253333333333,0.00379650333333333,0.00200907,0.00314559633333333,0.00213223066666667,0.00128522433333333,0.0,0.000945103666666667,0.0,8.46763333333333e-05,0.00182308666666667
Los Angeles,0.0,0.003749882,0.00203727933333333,0.00219012833333333,0.0234908303333333,3.73376666666667e-05,2.2131e-05,0.00254709166666667,0.0100860613333333,0.00154133666666667,0.004414666,0.0139266703333333
New York,0.0,0.00401458133333333,0.008755012,0.00278341,0.0193864423333333,0.00501355533333333,0.00241545233333333,1.46346666666667e-05,0.0181664216666667,3.33333333333333e-06,0.00142286533333333,0.0158185613333333
Seattle,0.0,7.2339e-05,1.66666666666667e-05,0.000935643333333333,0.00103776,1.0432e-05,5.063e-05,0.00537708433333333,0.000557305,0.001451005,0.00639727433333333,0.000125185666666667
Sunnyvale,0.0,0.00201738366666667,0.000226144666666667,0.000884143,0.00522215366666667,6.534e-06,0.00064223,0.00419956666666667,0.00161820933333333,0.000496836666666667,0.000169568,0.00153837966666667
Washington DC,0.0,0.0167056076666667,0.0168572166666667,0.001285652,0.03673179,0.006509658,0.00232844933333333,1.67343333333333e-05,0.0299073853333333,2.6579e-05,0.001242441,0.03735069
