src/dst,Atlanta_1,Atlanta_2,Chicago,Denver,Houston,Indianapolis,Kansas City,Los Angeles,New York,Seattle,Sunnyvale,Washington DC
Atlanta_1,8.47146666666667e-05,6.00926666666667e-05,9.3852e-05,0.0,0.000298135,0.000103107,7.74353333333333e-05,0.0,0.000167418666666667,0.0,0.0,0.000525059666666667
Atlanta_2,0.0,0.00551219533333333,0.00464320466666667,4.35096666666667e-05,0.008646008,0.005191751,0.00244077566666667,1.7472e-05,0.00263600133333333,5.6335e-05,1.00796666666667e-05,0.011181282
Chicago,0.0,0.005831138,0.0245428543333333,0.00664231866666667,0.0138786403333333,0.00790189466666667,0.00199343633333333,1.73573333333333e-05,0.00436304766666667,3.33333333333333e-06,5.0024e-05,0.00998453766666667
Denver,0.0,0.00144473833333333,0.00942414833333333,0.002010218,0.00569322433333333,0.003662345,0.002494432,1.0532e-05,0.00429786933333333,0.001658611,2.8428e-05,0.004594255
Houston,0.0,0.00641594233333333,0.000626867,1.9534e-05,0.0236170666666667,2.8776e-05,1e-05,0.0,0.000978589,6.66666666666667e-06,3.788e-05,0.018290513
Indianapolis,0.0,0.004942465,0.0197410903333333,0.002713569,0.009793856,0.00575030533333333,0.002534455,1.8969e-05,0.00627105933333333,0.000335286333333333,0.000450460333333333,0.00658299766666667
Kansas City,0.0,0.00409835233333333,0.00439225866666667,0.00204233266666667,0.00314366533333333,0.00260168433333333,0.000874844,0.0,0.001213159,1.30546666666667e-05,1.57306666666667e-05,0.00172447033333333
Los Angeles,0.0,0.00527549566666667,0.00206987366666667,0.00247352166666667,0.0335967533333333,0.000208923333333333,0.000260984,0.00249695933333333,0.0119838493333333,0.001867168,0.00262718566666667,0.0169601513333333
New York,0.0,0.009969925,0.0148781923333333,0.007468962,0.0203213746666667,0.009229603,0.002978935,1e-05,0.0394232533333333,1.72676666666667e-05,0.000242876666666667,0.0237773593333333
Seattle,0.0,0.000189733666666667,9.3527e-05,0.00130952766666667,0.000927639,1.3305e-05,0.000201572333333333,0.007498075,0.000506458,0.00297527233333333,0.007780715,0.000470456666666667
Sunnyvale,0.0,0.00224707166666667,0.000320939333333333,0.00287905666666667,0.00967194366666667,5.49266666666667e-05,0.000889739,0.00322023533333333,0.00260428666666667,0.00134174866666667,0.000654171666666667,0.00283086766666667
Washington DC,0.0,0.0124925213333333,0.024120467,0.00114053766666667,0.0367960866666667,0.00767196333333333,0.00433603866666667,1.0407e-05,0.022952692,1.19266666666667e-05,0.000462027666666667,0.04470326
