src/dst,Atlanta_1,Atlanta_2,Chicago,Denver,Houston,Indianapolis,Kansas City,Los Angeles,New York,Seattle,Sunnyvale,Washington DC
Atlanta_1,3.33333333333333e-06,5.12573333333333e-05,0.000147981,0.0,0.000199149666666667,3.8599e-05,8.50276666666667e-05,0.0,7.01993333333333e-05,0.0,1e-05,0.000253091
Atlanta_2,0.0,0.00417590433333333,0.00602381,9.62173333333333e-05,0.00932584033333333,0.00338992833333333,0.001432072,5.94533333333333e-06,0.003429862,3.33333333333333e-06,9.76596666666667e-05,0.00670432
Chicago,0.0,0.00522624433333333,0.0113094533333333,0.00461129366666667,0.0188832666666667,0.008318589,0.00255323066666667,4.33186666666667e-05,0.00573637833333333,5.084e-06,0.000329689,0.0119184153333333
Denver,0.0,0.00207150333333333,0.00670132833333333,0.002836482,0.00563901633333333,0.005944589,0.002113656,0.000174333333333333,0.002554965,0.00126187666666667,5.15163333333333e-05,0.00536014633333333
Houston,0.0,0.00615602766666667,0.000300402666666667,7.43266666666667e-06,0.0195536016666667,6.66666666666667e-06,0.0,3.33333333333333e-06,0.000666109,3.33333333333333e-06,1.9545e-05,0.016148185
Indianapolis,0.0,0.00508886666666667,0.0207203933333333,0.00219856866666667,0.0183434083333333,0.00493768133333333,0.00236841566666667,2.15336666666667e-05,0.0118672696666667,1.33376666666667e-05,0.00144032,0.00861913366666667
Kansas City,0.0,0.000808432333333333,0.003999912,0.00184259733333333,0.002079923,0.003190617,0.00155762033333333,0.0,0.00185001,0.0,0.000149453666666667,0.00242540566666667
Los Angeles,0.0,0.00723106133333333,0.00126286,0.004966482,0.0237274996666667,0.000103975333333333,4.05126666666667e-05,0.002398671,0.013815719,0.00129372933333333,0.00384575333333333,0.0145725833333333
New York,0.0,0.00622526966666667,0.0118668816666667,0.00660550266666667,0.027118266,0.00960329633333333,0.00304399166666667,7.92056666666667e-05,0.03401659,2.8566e-05,0.00133654866666667,0.0194218063333333
Seattle,0.0,0.000207493666666667,1.5e-05,0.000480128666666667,0.001012598,0.0,6.3428e-05,0.006653803,0.00212528633333333,0.00148191033333333,0.005058594,0.000335060666666667
Sunnyvale,0.0,0.00174379233333333,0.000303222333333333,0.000690745333333333,0.006135284,1.1305e-05,0.000725872,0.00404685766666667,0.00179925166666667,0.00133389366666667,0.000907872,0.00229991366666667
Washington DC,0.0,0.021793073,0.0138149313333333,0.0012444,0.0350022166666667,0.0104859896666667,0.002724993,3.67863333333333e-05,0.0275515183333333,3.76636666666667e-05,0.00138171133333333,0.0306382673333333
