src/dst,Atlanta_1,Atlanta_2,Chicago,Denver,Houston,Indianapolis,Kansas City,Los Angeles,New York,Seattle,Sunnyvale,Washington DC
Atlanta_1,0.0,9.16286666666667e-05,0.0,0.0,0.0,0.000130642333333333,0.0,0.0,0.0,0.0,0.0,0.000948837333333333
Atlanta_2,0.0,0.00331241433333333,2.099e-05,0.0,0.000101833,0.00490202866666667,0.0,0.0,1.25533333333333e-05,0.0,0.0,0.0267960013333333
Chicago,0.0,0.00405287,0.0131459766666667,0.0,9.3481e-05,0.00768154266666667,0.002524465,3.33333333333333e-06,0.00709546733333333,3.33333333333333e-06,0.0,0.0311960653333333
Denver,0.0,0.000901647,0.00766880266666667,0.00213711666666667,0.00584126833333333,0.007222431,0.00199037433333333,0.0,0.00274444033333333,0.00311948766666667,2.71946666666667e-05,0.00884593133333333
Houston,0.0,0.00631010333333333,0.000170829333333333,7.01833333333333e-06,0.0193483093333333,0.0,0.0,0.0,2.02716666666667e-05,3.33333333333333e-06,0.0,0.017696472
Indianapolis,0.0,0.00246296866666667,0.0191409253333333,0.00174427433333333,5.42556666666667e-05,0.0070019,0.002922611,3.76666666666667e-05,0.010948923,2.38893333333333e-05,0.0,0.017631933
Kansas City,0.0,0.000980949666666667,0.00331391266666667,0.001077343,0.00256911066666667,0.00220040333333333,0.00120689366666667,0.0,0.00191844466666667,3.33333333333333e-06,3.33333333333333e-06,0.00211647333333333
Los Angeles,0.0,0.00523477533333333,0.000790581666666667,0.002016075,0.024065832,1.1898e-05,1.84356666666667e-05,0.00258652833333333,0.012944667,0.00285683266666667,0.004291596,0.0147611446666667
New York,0.0,5.0292e-05,8.21976666666667e-05,0.0,8.67413333333333e-05,6.84533333333333e-06,0.0,9.3997e-05,0.0362408833333333,3.36993333333333e-05,1.4208e-05,0.0869566566666667
Seattle,0.0,0.000201944333333333,2.60923333333333e-05,0.002551891,0.001280261,0.0,0.000163104,0.000686780333333333,0.00220576766666667,0.006179485,0.00708986333333333,0.000218673666666667
Sunnyvale,0.0,0.00162360033333333,0.000349042333333333,0.000814787666666667,0.005990342,1.33333333333333e-05,0.00130399166666667,0.00347377666666667,0.001871528,0.001524968,0.000518481666666667,0.00172066766666667
Washington DC,0.0,8.92606666666667e-05,0.000151312,0.0,0.000132768,0.0,0.0,6.66666666666667e-06,0.000955728666666667,7.28566666666667e-06,1.36943333333333e-05,0.137608583333333
