src/dst,Atlanta_1,Atlanta_2,Chicago,Denver,Houston,Indianapolis,Kansas City,Los Angeles,New York,Seattle,Sunnyvale,Washington DC
Atlanta_1,1.9679e-05,9.44563333333333e-05,0.000164794,3.33333333333333e-06,0.000444645,4.2859e-05,5.15933333333333e-05,0.0,6.18423333333333e-05,0.0,3.33333333333333e-06,0.000212128666666667
Atlanta_2,0.0,0.004444339,0.00604335433333333,3.84153333333333e-05,0.008680171,0.003844245,0.00168103866666667,2.4388e-05,0.00296854566666667,3.7385e-05,0.000214055333333333,0.0115361003333333
Chicago,0.0,0.00523821066666667,0.0229601046666667,0.00365671833333333,0.0110560763333333,0.007180046,0.00237535366666667,8.78786666666667e-05,0.00585614966666667,2.25156666666667e-05,0.000177110666666667,0.008514001
Denver,0.0,0.000953077333333333,0.00884475766666667,0.00139405233333333,0.00676319566666667,0.00432439833333333,0.002052604,4.8517e-05,0.00362116733333333,0.001423122,3.76176666666667e-05,0.006648824
Houston,0.0,0.00682171533333333,0.000344219666666667,3.33333333333333e-06,0.0186241453333333,2.67466666666667e-05,2.1506e-05,0.0,0.001414052,2.4243e-05,4.13413333333333e-05,0.0175460483333333
Indianapolis,0.0,0.00256580266666667,0.0232123773333333,0.00302518333333333,0.019532652,0.00503194266666667,0.00224036633333333,1.06666666666667e-05,0.00923750333333333,4.78306666666667e-05,0.000575193,0.00604384866666667
Kansas City,0.0,0.000776283666666667,0.00468499266666667,0.001875764,0.00239282133333333,0.00211245033333333,0.00133836066666667,0.0,0.00114447066666667,1.33333333333333e-05,1.493e-05,0.00259921633333333
Los Angeles,0.0,0.005922525,0.002044101,0.004484902,0.026782546,0.000182991333333333,0.000107126666666667,0.00170586966666667,0.0111387033333333,0.00149047866666667,0.003093466,0.0161533853333333
New York,0.0,0.007142906,0.011626944,0.00471051133333333,0.014942985,0.0131175846666667,0.003148093,7.89536666666667e-05,0.0330551293333333,2.09116666666667e-05,0.000717537333333333,0.0200411933333333
Seattle,0.0,0.000203456333333333,0.000119980333333333,0.000453462,0.003197385,0.0,9.48453333333333e-05,0.00474155433333333,0.00072183,0.0018887,0.005959497,0.000174228666666667
Sunnyvale,0.0,0.00198349966666667,0.00329005866666667,0.000700713333333333,0.00871542433333333,0.000112987,0.000997849,0.002090544,0.00200384133333333,0.000887214,0.000695866333333333,0.00233758966666667
Washington DC,0.0,0.0176159373333333,0.0151420983333333,0.000575265,0.0305602843333333,0.012657263,0.006573813,2.4917e-05,0.025955606,1.9212e-05,0.00077172,0.0461019433333333
