src/dst,Atlanta_1,Atlanta_2,Chicago,Denver,Houston,Indianapolis,Kansas City,Los Angeles,New York,Seattle,Sunnyvale,Washington DC
Atlanta_1,0.0,0.000110194666666667,7.93936666666667e-05,0.0,0.000139583333333333,2.318e-05,1.14666666666667e-05,0.0,6.4169e-05,0.0,0.0,0.000179312
Atlanta_2,0.0,0.003574156,0.00320261833333333,3.33333333333333e-06,0.00387224233333333,0.00279755866666667,0.00177933,0.0,0.00119020233333333,3.9571e-05,4.421e-05,0.00845213733333333
Chicago,0.0,0.00474865766666667,0.0138172283333333,0.00222829333333333,0.00965900066666667,0.00718418733333333,0.00192161066666667,1.87363333333333e-05,0.00468730833333333,1e-05,0.000201539666666667,0.00330590166666667
Denver,0.0,0.00120658666666667,0.00996532533333333,0.00147533566666667,0.005321854,0.00390546333333333,0.00315705533333333,5.59e-06,0.00207225,0.001992107,0.000503164666666667,0.00512582566666667
Houston,0.0,0.006411339,0.000234919333333333,0.0,0.012995797,0.0,3.33333333333333e-06,0.0,0.000926843333333333,1.33333333333333e-05,1.33333333333333e-05,0.012492477
Indianapolis,0.0,0.00191422133333333,0.00923657733333333,0.000953346,0.00499054,0.00427783366666667,0.00248266433333333,1e-05,0.004998831,5.55153333333333e-05,0.000317506666666667,0.00294207733333333
Kansas City,0.0,0.000684272666666667,0.00439950733333333,0.001249676,0.001346589,0.00265455166666667,0.00130496666666667,0.0,0.00134846633333333,1.66066666666667e-05,4.82953333333333e-05,0.001432126
Los Angeles,0.0,0.00527063766666667,0.002179381,0.003588847,0.0178515736666667,0.000100541,4.699e-05,0.00205294466666667,0.006763001,0.000900411,0.002888778,0.011731933
New York,0.0,0.00527281666666667,0.007817745,0.00405594733333333,0.0111798523333333,0.00655890066666667,0.00229858633333333,0.000119309666666667,0.022886763,1e-05,0.000606218333333333,0.0112187393333333
Seattle,0.0,8.92116666666667e-05,2.43226666666667e-05,0.00113675333333333,0.000704405333333333,3.33333333333333e-06,1.0763e-05,0.004099438,0.001006672,0.000952264666666667,0.00530976366666667,0.000191647333333333
Sunnyvale,0.0,0.00140759366666667,0.000509085333333333,0.000585881,0.00640147866666667,1.66933333333333e-05,0.000635374666666667,0.00184096333333333,0.00202626733333333,0.000667444,0.000554666333333333,0.00239636366666667
Washington DC,0.0,0.015737271,0.009391519,3.33333333333333e-06,0.0284283083333333,0.00915543533333333,0.003600122,1e-05,0.0211903376666667,7.06906666666667e-05,0.000736439666666667,0.03627583
