src/dst,Atlanta_1,Atlanta_2,Chicago,Denver,Houston,Indianapolis,Kansas City,Los Angeles,New York,Seattle,Sunnyvale,Washington DC
Atlanta_1,1.17743333333333e-05,7.54096666666667e-05,0.000370673,0.0,0.000306672333333333,0.000215981,8.34733333333333e-05,0.0,0.000304531,0.0,0.0,7.1693e-05
Atlanta_2,0.0,0.00334442566666667,0.004464301,0.0,0.00517140966666667,0.00434536133333333,0.00101783966666667,0.0,0.002279002,1e-05,3.62443333333333e-05,0.00503394033333333
Chicago,0.0,0.00338701833333333,0.0112679,0.001899943,0.017342857,0.00516203666666667,0.00250521933333333,3.9768e-05,0.00774256,6.66666666666667e-06,0.000145836333333333,0.006236758
Denver,0.0,0.00114929366666667,0.00856198433333333,0.001425091,0.00706912633333333,0.004502575,0.00252782333333333,6.66666666666667e-06,0.00205512,0.00173360633333333,2.89196666666667e-05,0.00568306633333333
Houston,0.0,0.003538733,0.000259938,3.33333333333333e-06,0.0180320476666667,0.0,3.85e-06,0.0,0.000953092333333333,3.33333333333333e-06,3.03333333333333e-05,0.0170822833333333
Indianapolis,0.0,0.003203443,0.0160454933333333,0.003262402,0.0115000466666667,0.003114589,0.00340213633333333,3.33333333333333e-06,0.00893749366666667,0.000643345,0.000113372666666667,0.00446227033333333
Kansas City,0.0,0.00115040233333333,0.00527541966666667,0.00122414033333333,0.00342577666666667,0.002270563,0.00149020766666667,0.0,0.001398325,6.66666666666667e-06,6.78626666666667e-05,0.00184611966666667
Los Angeles,0.0,0.00248373133333333,0.0009821,0.002413274,0.0220885516666667,0.000235198666666667,1.81263333333333e-05,0.00171520433333333,0.00918534833333333,0.001776188,0.00383380633333333,0.0157230273333333
New York,0.0,0.004592403,0.014367048,0.004755495,0.0233543516666667,0.00685504033333333,0.00286358933333333,2.47756666666667e-05,0.0279494336666667,1.33333333333333e-05,0.00100175366666667,0.0141764233333333
Seattle,0.0,0.000121816,1.8103e-05,0.000416309,0.00115749333333333,0.0,9.9507e-05,0.004957482,0.000637233333333333,0.00192875766666667,0.00687449966666667,0.000185431666666667
Sunnyvale,0.0,0.00120890366666667,0.00279194166666667,0.000838684,0.00543679866666667,1.4511e-05,0.000694109,0.00353506533333333,0.00212643033333333,0.000463871333333333,0.000555086666666667,0.003715172
Washington DC,0.0,0.018405441,0.0165513796666667,0.000707234333333333,0.0373717966666667,0.00650412733333333,0.00247946333333333,1e-05,0.0195378956666667,7.856e-06,0.000621762666666667,0.04195538
