src/dst,Atlanta_1,Atlanta_2,Chicago,Denver,Houston,Indianapolis,Kansas City,Los Angeles,New York,Seattle,Sunnyvale,Washington DC
Atlanta_1,2.54336666666667e-05,6.8541e-05,8.4385e-05,3.33333333333333e-06,0.000288435,6.15986666666667e-05,1.43716666666667e-05,0.0,5.61366666666667e-05,0.0,0.0,0.000276427333333333
Atlanta_2,0.0,0.00368233733333333,0.00435822,1.30533333333333e-05,0.00473918533333333,0.005492663,0.000717266,3.33333333333333e-06,0.00297681866666667,3.33333333333333e-06,2.8188e-05,0.00544416766666667
Chicago,0.0,0.00393885833333333,0.0108547736666667,0.00221126833333333,0.012603349,0.006695309,0.00271887566666667,0.0,0.00759665866666667,0.0,0.000111129,0.00589418033333333
Denver,0.0,0.00132402,0.00689234833333333,0.00138820933333333,0.00613331133333333,0.004826877,0.002792434,8.32666666666667e-06,0.00197647,0.001202178,0.000249779,0.00589693266666667
Houston,0.0,0.00509594166666667,0.000381861,2.13213333333333e-05,0.0208136983333333,3.33333333333333e-06,0.0,3.33333333333333e-06,0.00197938233333333,0.0,1.28766666666667e-05,0.014736512
Indianapolis,0.0,0.00254632566666667,0.0203332816666667,0.00240417233333333,0.0101519086666667,0.004027677,0.003669315,0.0,0.0134862543333333,0.000594265333333333,0.000162304333333333,0.00528985333333333
Kansas City,0.0,0.000625972,0.003693441,0.00105073033333333,0.00270630033333333,0.00233064233333333,0.001913326,3.33333333333333e-06,0.001489333,0.0,1.33333333333333e-05,0.002863183
Los Angeles,0.0,0.00390998533333333,0.000608609,0.00231051633333333,0.0207470686666667,7.20046666666667e-05,5.4946e-05,0.00246165966666667,0.010235086,0.00130150166666667,0.00364090566666667,0.0123243276666667
New York,0.0,0.00512729666666667,0.0135982996666667,0.00478863433333333,0.0170431413333333,0.00798153066666667,0.00355045566666667,3.33333333333333e-06,0.031397211,1.66666666666667e-05,0.000868450333333333,0.020882609
Seattle,0.0,0.000181846666666667,1.33333333333333e-05,0.000763467333333333,0.000876589,6.87e-06,8.85123333333333e-05,0.00470482233333333,0.000646285333333333,0.002058534,0.00635543066666667,0.000328595333333333
Sunnyvale,0.0,0.00120365433333333,0.00276575033333333,0.000858472666666667,0.005609631,8.46563333333333e-05,0.000492841333333333,0.00362169633333333,0.00308306033333333,0.001106876,0.000667412,0.00438613866666667
Washington DC,0.0,0.0114478996666667,0.0163097836666667,0.000812872666666667,0.0384645366666667,0.00640359966666667,0.00309385666666667,0.0,0.022091518,1.7759e-05,0.000599474333333333,0.0321583626666667
