src/dst,Atlanta_1,Atlanta_2,Chicago,Denver,Houston,Indianapolis,Kansas City,Los Angeles,New York,Seattle,Sunnyvale,Washington DC
Atlanta_1,0.0,8.25016666666667e-05,0.000209244666666667,0.0,9.3012e-05,0.000303926,3.711e-05,3.33333333333333e-06,9.7237e-05,0.0,0.0,0.000300736666666667
Atlanta_2,0.0,0.00368285766666667,0.002876599,3.33333333333333e-06,0.00542989833333333,0.00304084166666667,0.000682329333333333,0.0,0.00143544866666667,3.33333333333333e-06,4.91193333333333e-05,0.00475544466666667
Chicago,0.0,0.00391512666666667,0.01005863,0.00265180833333333,0.0147792336666667,0.00821121033333333,0.00206815133333333,6.66666666666667e-06,0.00674526633333333,0.0,0.00040778,0.00665972533333333
Denver,0.0,0.000700421333333333,0.00667051566666667,0.00232850166666667,0.00569038833333333,0.00468507433333333,0.00301449833333333,0.0,0.00268441266666667,0.00117024233333333,0.000431864333333333,0.00541279666666667
Houston,0.0,0.004000702,0.000214362333333333,0.0,0.0175341496666667,0.0,0.0,0.0,0.001029663,3.33333333333333e-06,1e-05,0.0140211706666667
Indianapolis,0.0,0.00305890466666667,0.0167386253333333,0.00250700566666667,0.0137283413333333,0.004934907,0.003789214,1.1291e-05,0.0141310356666667,1e-05,7.34963333333333e-05,0.00452875933333333
Kansas City,0.0,0.000720381333333333,0.003711925,0.0013607,0.00148176733333333,0.00161589666666667,0.001071256,3.33333333333333e-06,0.00138464833333333,0.0,1.61323333333333e-05,0.00183555666666667
Los Angeles,0.0,0.003201366,0.00103704733333333,0.00200536133333333,0.0211605163333333,4.05086666666667e-05,1.80583333333333e-05,0.001825045,0.01249065,0.000803873,0.00284264466666667,0.0130510656666667
New York,0.0,0.00717324066666667,0.00962274666666667,0.00437511766666667,0.0150049566666667,0.0113868813333333,0.00332457066666667,2.2568e-05,0.0259265743333333,1e-05,0.000448596,0.0154893866666667
Seattle,0.0,0.000150473333333333,3.33333333333333e-06,0.00127496866666667,0.001159781,0.0,6.2582e-05,0.005476895,0.000435576333333333,0.000962817,0.005754134,9.14463333333333e-05
Sunnyvale,0.0,0.00135575066666667,0.000322656,0.000608208666666667,0.00518727466666667,3.33333333333333e-06,0.000690860666666667,0.003169583,0.00214657366666667,0.000343422666666667,0.000758420333333333,0.00145569933333333
Washington DC,0.0,0.009242104,0.0115006686666667,2.20693333333333e-05,0.0346578433333333,0.00736661833333333,0.00321257733333333,0.000138854,0.018398365,6.66666666666667e-06,0.000389151,0.0236596286666667
