src/dst,Atlanta_1,Atlanta_2,Chicago,Denver,Houston,Indianapolis,Kansas City,Los Angeles,New York,Seattle,Sunnyvale,Washington DC
Atlanta_1,5.04563333333333e-05,3.1507e-05,2.4923e-05,0.0,7.72446666666667e-05,6.66666666666667e-06,8.584e-06,0.0,8.03243333333333e-05,0.0,0.0,0.000189779333333333
Atlanta_2,0.0,0.004593831,0.00100641666666667,1.34333333333333e-05,0.004425722,0.00153773366666667,0.000541486666666667,0.0,0.000677938333333333,3.33333333333333e-06,0.000343773,0.00472901
Chicago,0.0,0.00291562966666667,0.00856801666666667,0.00242671866666667,0.011613833,0.003021965,0.00166655666666667,0.4976088,0.00218501866666667,6.66666666666667e-06,0.000209098666666667,0.002626627
Denver,0.0,0.000477025,0.00465591333333333,0.000338732333333333,0.00312159066666667,0.003372762,0.000992881666666667,2.60223333333333e-05,0.001906499,0.000414946333333333,0.000467116,0.00434317266666667
Houston,0.0,0.00175910766666667,3.83773333333333e-05,0.0,0.012675014,6.66666666666667e-06,0.0,0.0,0.000420738,0.0,1.33333333333333e-05,0.010164045
Indianapolis,0.0,0.00087298,0.00897288466666667,0.000791070666666667,0.00586564266666667,0.00466197833333333,0.00210202066666667,5.1283e-05,0.00376004733333333,3.33333333333333e-06,0.000290531666666667,0.003895049
Kansas City,0.0,0.000192067333333333,0.00257258066666667,0.00107004533333333,0.00145160666666667,0.00213001933333333,0.000441198,0.0,0.000574788,0.0,2.6238e-05,0.00100375933333333
Los Angeles,0.0,0.001189007,0.00164006666666667,0.000638278666666667,0.0111264396666667,9.91506666666667e-05,1.614e-05,0.001384163,0.00491613066666667,0.000318038666666667,0.00272570733333333,0.00981612466666667
New York,0.0,0.00171808433333333,0.00677195166666667,0.00420184833333333,0.0111865583333333,0.004001738,0.00104377533333333,5.2785e-05,0.013414521,3.33333333333333e-06,0.000474087333333333,0.006662648
Seattle,0.0,1.0832e-05,6.66666666666667e-06,0.000196174,0.000289471333333333,0.0,2.48096666666667e-05,0.004169526,0.000493193666666667,0.001006061,0.00579795366666667,3.33333333333333e-06
Sunnyvale,0.0,0.000766624,0.000209952666666667,0.000560492333333333,0.004503722,5.5126e-05,0.000479194333333333,0.002065422,0.001175204,0.000297129,0.000107402,0.000782718
Washington DC,0.0,0.010115821,0.00713115633333333,0.000634682,0.0229574213333333,0.004343126,0.002423956,3.33333333333333e-06,0.0119707443333333,1.879e-05,0.000443910666666667,0.0178885083333333
