src/dst,Atlanta_1,Atlanta_2,Chicago,Denver,Houston,Indianapolis,Kansas City,Los Angeles,New York,Seattle,Sunnyvale,Washington DC
Atlanta_1,1.75843333333333e-05,1e-05,8.4062e-05,0.0,0.000121620666666667,0.00010016,2.69316666666667e-05,0.0,6.22566666666667e-05,0.0,0.0,8.1604e-05
Atlanta_2,0.0,0.00375772566666667,0.002705335,1.11986666666667e-05,0.00446025433333333,0.00328234766666667,0.000475391666666667,3.33333333333333e-06,0.00115417633333333,0.0,0.000124367,0.005770491
Chicago,0.0,0.00573632233333333,0.011395395,0.00357643566666667,0.0161066713333333,0.007426392,0.00216376366666667,1.70146666666667e-05,0.00454378166666667,0.0,9.66023333333333e-05,0.00534660266666667
Denver,0.0,0.00170921366666667,0.00704095633333333,0.00166437633333333,0.00841675366666667,0.003565626,0.00220020533333333,3.63733333333333e-06,0.00255074966666667,0.00157573366666667,4.45346666666667e-05,0.00505936533333333
Houston,0.0,0.00508377466666667,0.000152438,3.33333333333333e-06,0.0146072666666667,0.0,0.0,0.0,0.000485488666666667,1e-05,3.7373e-05,0.0129989423333333
Indianapolis,0.0,0.00269379033333333,0.013914339,0.001274189,0.011412596,0.00259931333333333,0.00113597633333333,5.6865e-05,0.008362944,2.38936666666667e-05,0.000167088,0.005239935
Kansas City,0.0,0.000435118,0.00333603366666667,0.000678711,0.00232121233333333,0.002572325,0.00137797933333333,0.0,0.000885148666666667,0.0,9.63153333333333e-05,0.00369093566666667
Los Angeles,0.0,0.00418647366666667,0.00168641466666667,0.00304709533333333,0.0194241276666667,2.8881e-05,5.59953333333333e-05,0.00298981866666667,0.0112628296666667,0.001148534,0.00259463233333333,0.0118002453333333
New York,0.0,0.00442254666666667,0.009792116,0.00456722833333333,0.0163714366666667,0.00921261166666667,0.00178817033333333,1.93043333333333e-05,0.027528233,3.33333333333333e-06,0.000467568333333333,0.016065912
Seattle,0.0,7.35403333333333e-05,0.000874517666666667,0.000428924,0.000448449,0.0,1.727e-05,0.00537788666666667,0.000208446,0.00192903,0.00657117266666667,6.1554e-05
Sunnyvale,0.0,0.001295893,0.000122352666666667,0.000762609666666667,0.00340994166666667,2.7198e-05,0.000511105666666667,0.003633107,0.00112201033333333,0.000470290333333333,0.000859721666666667,0.00152656566666667
Washington DC,0.0,0.012947286,0.00984205166666667,0.00119512133333333,0.032144553,0.00755708166666667,0.00283284466666667,1.33333333333333e-05,0.022191246,0.000574852,0.00182704433333333,0.0349706766666667
