src/dst,Atlanta_1,Atlanta_2,Chicago,Denver,Houston,Indianapolis,Kansas City,Los Angeles,New York,Seattle,Sunnyvale,Washington DC
Atlanta_1,0.0,4.75806666666667e-05,0.000216436666666667,0.0,0.000215027333333333,0.000219308666666667,3.7415e-05,0.0,2.47596666666667e-05,0.0,0.0,0.000205031333333333
Atlanta_2,0.0,0.00317613733333333,0.003907721,0.0,0.005267337,0.00557163866666667,0.002210357,4.04e-06,0.00230770366666667,6.66666666666667e-06,7.48026666666667e-05,0.005571199
Chicago,0.0,0.00356586066666667,0.0135990236666667,0.00316308166666667,0.0152795326666667,0.008608755,0.00188835533333333,7.8181e-05,0.005853859,3.33333333333333e-06,0.000160126666666667,0.005543673
Denver,0.0,0.00126504933333333,0.00839632933333333,0.00217295633333333,0.010999001,0.003736624,0.002225503,0.000164375,0.001670441,0.001574752,0.000197217,0.00511019766666667
Houston,0.0,0.00628370033333333,0.000148167,0.0,0.0188237356666667,6.66666666666667e-06,4.13666666666667e-06,0.0,0.001722668,0.0,1.68983333333333e-05,0.0166670373333333
Indianapolis,0.0,0.00199168233333333,0.0125931293333333,0.00230786,0.01025268,0.00440790133333333,0.003561992,3.1148e-05,0.00949880033333333,6.46983333333333e-05,0.000307021666666667,0.00460882633333333
Kansas City,0.0,0.000829400666666667,0.004001065,0.001003539,0.002318237,0.002382019,0.00138712066666667,3.33333333333333e-06,0.00219020866666667,0.0,2.80666666666667e-05,0.00171062133333333
Los Angeles,0.0,0.00465354966666667,0.00190362933333333,0.00377198166666667,0.019561687,1.8116e-05,9.56003333333333e-05,0.00296367633333333,0.0108929313333333,0.00256485433333333,0.004213098,0.0139824096666667
New York,0.0,0.00560720033333333,0.012221472,0.005186895,0.0209539256666667,0.010178226,0.003415662,0.000108058,0.0281695816666667,6.66666666666667e-06,0.000664210666666667,0.0140974733333333
Seattle,0.0,7.2538e-05,1.97606666666667e-05,0.000354574,0.00168363466666667,0.0,2.30826666666667e-05,0.00468114866666667,0.000606364,0.001264383,0.005488694,0.000189522333333333
Sunnyvale,0.0,0.00175575933333333,0.000568033333333333,0.00131897566666667,0.00530550566666667,0.0,0.000651288,0.00407270933333333,0.00252394133333333,0.000893042666666667,0.000906414666666667,0.002603773
Washington DC,0.0,0.0141161673333333,0.0141603596666667,2.04396666666667e-05,0.0342474333333333,0.0101133926666667,0.00448107933333333,1.6002e-05,0.0231430056666667,2.3559e-05,0.00102505833333333,0.0280052836666667
