src/dst,Atlanta_1,Atlanta_2,Chicago,Denver,Houston,Indianapolis,Kansas City,Los Angeles,New York,Seattle,Sunnyvale,Washington DC
Atlanta_1,0.0,7.38103333333333e-05,0.000296755666666667,0.0,0.000166502666666667,4.98883333333333e-05,2.24493333333333e-05,0.0,0.000118091666666667,3.33333333333333e-06,0.0,5.9918e-05
Atlanta_2,0.0,0.00324132866666667,0.00353418566666667,3.33333333333333e-06,0.00605033766666667,0.00327438533333333,0.000366023333333333,3.33333333333333e-06,0.00132022033333333,4.032e-06,0.000171006666666667,0.00783517533333333
Chicago,0.0,0.00393765466666667,0.011408777,0.00495513233333333,0.0155268596666667,0.00992493633333333,0.00305645566666667,3.33333333333333e-06,0.00529336733333333,0.0,0.000171237333333333,0.00576604933333333
Denver,0.0,0.000716581333333333,0.006495499,0.00156609,0.00503057566666667,0.00662729866666667,0.00201192033333333,3.33333333333333e-06,0.00219172466666667,0.00109355066666667,5.4268e-05,0.00722946
Houston,0.0,0.00372551933333333,0.000170235666666667,0.0,0.0381297733333333,0.0,0.0,1.63126666666667e-05,0.00107489766666667,3.33333333333333e-06,4.27866666666667e-05,0.014186938
Indianapolis,0.0,0.002007599,0.016058837,0.00165165366666667,0.00888721033333333,0.006935365,0.00289494233333333,3.33333333333333e-06,0.00785214066666667,1e-05,0.000177604666666667,0.00831579133333333
Kansas City,0.0,0.00106533,0.00262826566666667,0.001514265,0.00226013766666667,0.001088239,0.000792226,0.0,0.00167056533333333,0.0,1.0239e-05,0.00163081933333333
Los Angeles,0.0,0.00297699966666667,0.000799637333333333,0.003984542,0.028209881,4.0547e-05,1.50413333333333e-05,0.00183549333333333,0.00854346366666667,0.00311924633333333,0.003427265,0.0126958206666667
New York,0.0,0.00600732,0.00849071066666667,0.00511348933333333,0.0191337006666667,0.00956225666666667,0.00244020166666667,1e-05,0.0257878276666667,4.47616666666667e-05,0.000544138333333333,0.01556389
Seattle,0.0,4.9425e-05,0.000193771,0.00276779,0.000484373,0.0,2.13586666666667e-05,0.00721926433333333,0.00101039033333333,0.00129674433333333,0.00627456933333333,6.11893333333333e-05
Sunnyvale,0.0,0.001189085,0.000396064333333333,0.001308195,0.004716391,1.74246666666667e-05,0.000661866666666667,0.005615041,0.001951334,0.00114498066666667,0.000183668333333333,0.001620163
Washington DC,0.0,0.0114523713333333,0.00881950633333333,6.83333333333333e-06,0.0374522366666667,0.010713944,0.00516175266666667,1.78466666666667e-05,0.0218331723333333,2.43066666666667e-05,0.000790955666666667,0.0261765296666667
