src/dst,Atlanta_1,Atlanta_2,Chicago,Denver,Houston,Indianapolis,Kansas City,Los Angeles,New York,Seattle,Sunnyvale,Washington DC
Atlanta_1,0.0,0.0,9.949e-06,1.27083333333333e-05,0.0,0.0,0.0,8.252e-06,0.0,0.0,6.66666666666667e-06,0.000123080666666667
Atlanta_2,0.0,0.00269276333333333,0.000404921666666667,0.00100134466666667,8.8895e-05,0.00131552966666667,3.718e-05,0.001332273,0.000877230333333333,2.09466666666667e-05,0.000677508,0.005011861
Chicago,6.80633333333333e-06,0.00222251166666667,0.00295254,0.000956344333333333,0.000488901666666667,0.00211915,0.000271307333333333,0.004043136,0.000173492,0.000116689,0.000612305333333333,0.00252148
Denver,0.0,0.000119853,0.00638801766666667,0.000221214,0.00123593133333333,0.00177250366666667,0.00108860033333333,0.000584717,0.002393583,0.000422668333333333,0.000440671,0.00374345733333333
Houston,1.79493333333333e-05,0.000164650333333333,0.001228284,8.21223333333333e-05,0.00131272333333333,8.44456666666667e-05,0.000149678333333333,0.000819193666666667,0.000528085333333333,3.33333333333333e-06,0.000198613333333333,0.000579705
Indianapolis,4.197e-06,0.00134750666666667,0.00345753233333333,0.00205897566666667,0.000562612,0.00261042633333333,0.000341538,0.00221159666666667,0.001734626,0.000327562333333333,0.00115843,0.002897308
Kansas City,0.0,9.54386666666667e-05,0.00117635866666667,0.000855618,0.000209081666666667,0.000973663,0.00051622,0.000834506333333333,0.000259300666666667,0.000185532,0.000482695333333333,0.001472442
Los Angeles,9.69366666666667e-06,0.000944309333333333,0.007555776,0.000611416666666667,0.000310632,0.00114055066666667,0.000618004666666667,0.001628238,0.00297671233333333,0.001215503,0.003033,0.00977212166666667
New York,2.63593333333333e-05,0.00131737533333333,0.00154765566666667,0.003592149,0.000509104333333333,0.00287669933333333,0.000709334333333333,0.00525296733333333,0.006242038,5.78943333333333e-05,0.00158617533333333,0.00739411266666667
Seattle,0.0,6.66666666666667e-06,0.0,0.00105901,4.95466666666667e-06,2.6085e-05,0.0,0.00426763566666667,1.8888e-05,0.000631747666666667,0.00325311266666667,0.0
Sunnyvale,0.0,0.000908691,0.001504245,0.000156454333333333,7.85553333333333e-05,0.000738605,8.085e-05,0.004239006,0.001130161,0.000152723666666667,0.000100734333333333,0.00123886633333333
Washington DC,6.66666666666667e-06,0.008405156,0.00572065633333333,0.004236698,0.002852703,0.003501068,0.00105623633333333,0.0248221033333333,0.0116414363333333,0.000137512,0.00266890466666667,0.030705012
