src/dst,Atlanta_1,Atlanta_2,Chicago,Denver,Houston,Indianapolis,Kansas City,Los Angeles,New York,Seattle,Sunnyvale,Washington DC
Atlanta_1,3.33333333333333e-06,3.23993333333333e-05,0.000239735,0.0,0.000208705333333333,8.37643333333333e-05,3.6899e-05,0.0,0.000144537333333333,0.0,1e-05,0.000297774
Atlanta_2,0.0,0.00278364966666667,0.00395735966666667,1.2009e-05,0.00666274066666667,0.00315211766666667,0.000501881333333333,3.888e-06,0.002052922,6.66666666666667e-06,0.000194379,0.006898471
Chicago,0.0,0.00473803033333333,0.0176356283333333,0.003569605,0.0205133206666667,0.00859775366666667,0.00233477033333333,0.000262248,0.00582985,3.33333333333333e-06,0.000895027666666667,0.00999898
Denver,0.0,0.001135813,0.00811577766666667,0.00314830833333333,0.00589216933333333,0.003572136,0.00304190733333333,3.33333333333333e-06,0.003188801,0.00163261633333333,7.3655e-05,0.00668815366666667
Houston,0.0,0.00418158333333333,0.000328529666666667,0.0,0.017715737,0.0,6.66666666666667e-06,6.66666666666667e-06,0.000776115333333333,0.0,1.33333333333333e-05,0.0164220226666667
Indianapolis,0.0,0.00209058366666667,0.0164984116666667,0.00214369066666667,0.0163730043333333,0.00350889033333333,0.001620668,0.0,0.00798913466666667,7.73466666666667e-06,0.000455404333333333,0.005356571
Kansas City,0.0,0.000506534,0.004035131,0.0016263,0.00272548266666667,0.00230284433333333,0.00139940566666667,0.0,0.00120841233333333,0.0,9.6246e-05,0.00177124133333333
Los Angeles,0.0,0.003433636,0.1683095,0.00483788466666667,0.02357029,0.000163219333333333,7.57506666666667e-05,0.00145665333333333,0.0114002966666667,0.001622596,0.004919758,0.0145653406666667
New York,0.0,0.00364610733333333,0.009239431,0.005220143,0.0203214406666667,0.00832518633333333,0.00247478666666667,2.93556666666667e-05,0.0299018436666667,3.33333333333333e-06,0.001309038,0.011939457
Seattle,0.0,4.49e-05,3.692e-05,0.001018719,0.00114408966666667,0.0,6.40566666666667e-05,0.005539622,0.000532375666666667,0.00178573233333333,0.00763933966666667,7.86976666666667e-05
Sunnyvale,0.0,0.001295337,0.000514195666666667,0.000590267,0.00652437666666667,2.96683333333333e-05,0.000344371,0.00257148666666667,0.00130529133333333,0.00297165433333333,0.000838078666666667,0.00138945166666667
Washington DC,0.0,0.0159462966666667,0.0137493916666667,0.000976860333333333,0.031961299,0.00807871566666667,0.00306358333333333,4.04713333333333e-05,0.0209505473333333,0.000394250333333333,0.00151137,0.0389149633333333
