src/dst,Atlanta_1,Atlanta_2,Chicago,Denver,Houston,Indianapolis,Kansas City,Los Angeles,New York,Seattle,Sunnyvale,Washington DC
Atlanta_1,0.0,9.398e-06,0.000211696333333333,0.0,0.000129142333333333,1.78706666666667e-05,2.0588e-05,0.0,2.6037e-05,0.0,0.0,6.81336666666667e-05
Atlanta_2,0.0,0.002758419,0.004735482,6.66666666666667e-06,0.00510003266666667,0.00352745133333333,0.000341020666666667,5.13333333333333e-06,0.001957178,3.33333333333333e-06,3.65206666666667e-05,0.0108143753333333
Chicago,0.0,0.00447972866666667,0.0191886196666667,0.00283227066666667,0.0152848176666667,0.00366003866666667,0.00223122566666667,6.40566666666667e-06,0.00533666633333333,7.478e-06,0.000688414,0.00427648933333333
Denver,0.0,0.000475759666666667,0.009685301,0.00173905933333333,0.005051493,0.003876523,0.00260008866666667,0.000262905333333333,0.002882366,0.00172853133333333,2.42823333333333e-05,0.00484330966666667
Houston,0.0,0.00249207133333333,0.000277829666666667,3.33333333333333e-06,0.0152454776666667,0.0,0.0,0.0,0.000756215,6.66666666666667e-06,2.2962e-05,0.01023409
Indianapolis,0.0,0.00172317,0.0193533233333333,0.00234919933333333,0.00985316366666667,0.00887738066666667,0.002810495,5.20533333333333e-05,0.008957472,1.71566666666667e-05,0.000307460666666667,0.003650835
Kansas City,0.0,0.000518069,0.004280793,0.00110365966666667,0.00246635166666667,0.00172410066666667,0.00104845,0.0,0.00118903,0.0,7.36193333333333e-05,0.001917111
Los Angeles,0.0,0.00183745233333333,0.00145795433333333,0.00312226133333333,0.023748626,8.40053333333333e-05,2.34943333333333e-05,0.00265838333333333,0.00848692133333333,0.001430718,0.00337261466666667,0.00937016466666667
New York,0.0,0.004650181,0.0124529093333333,0.005026571,0.017415963,0.00404649266666667,0.00291545633333333,1.70563333333333e-05,0.0269050116666667,2.13133333333333e-05,0.000475966333333333,0.00997432333333333
Seattle,0.0,5.07326666666667e-05,4.33766666666667e-06,0.000241529,0.000969407,0.0,5.85746666666667e-05,0.00423435833333333,0.0021113,0.000983305,0.00570132166666667,3.6734e-05
Sunnyvale,0.0,0.001415121,0.000899499333333333,0.000830964333333333,0.00496256566666667,1.43506666666667e-05,0.000647235666666667,0.00318897766666667,0.001959557,0.00117273833333333,0.00213355666666667,0.00113746033333333
Washington DC,0.0,0.0159342583333333,0.015677536,2.08886666666667e-05,0.0320632986666667,0.00389908,0.00314099366666667,1.14906666666667e-05,0.020572227,1.63503333333333e-05,0.001094578,0.0432713566666667
