src/dst,Atlanta_1,Atlanta_2,Chicago,Denver,Houston,Indianapolis,Kansas City,Los Angeles,New York,Seattle,Sunnyvale,Washington DC
Atlanta_1,3.33333333333333e-06,5.5506e-05,0.000150658333333333,0.0,0.000183393333333333,5.25133333333333e-05,3.354e-05,0.0,7.8847e-05,0.0,3.33333333333333e-06,0.000199378333333333
Atlanta_2,0.0,0.00326929333333333,0.00354241433333333,8.336e-06,0.00686677533333333,0.00273623866666667,0.000373543,8.35533333333333e-06,0.00174470366666667,0.0,7.72413333333333e-05,0.008393115
Chicago,0.0,0.00603196366666667,0.0167415623333333,0.00365716066666667,0.0231442166666667,0.00816673066666667,0.00223559766666667,0.000355813333333333,0.00483791566666667,6.66666666666667e-06,0.000292557,0.00998158166666667
Denver,0.0,0.00100283533333333,0.006903541,0.00277868733333333,0.00436481866666667,0.003492909,0.00160248633333333,6.66666666666667e-06,0.002159061,0.001793233,0.000203054333333333,0.00621479233333333
Houston,0.0,0.003560565,0.000216470666666667,0.0,0.0169601496666667,0.0,6.66666666666667e-06,3.33333333333333e-06,0.000585521666666667,0.0,1.66686666666667e-05,0.0161137456666667
Indianapolis,0.0,0.00263568566666667,0.0173238333333333,0.00221630033333333,0.0131799963333333,0.00541024066666667,0.00162429566666667,6.66666666666667e-06,0.007317083,1.3985e-05,0.00064621,0.00584359433333333
Kansas City,0.0,0.000539933333333333,0.00460771433333333,0.00158291066666667,0.003355874,0.00203693133333333,0.000901322666666667,0.0,0.00107804633333333,0.0,6.52416666666667e-05,0.00169567233333333
Los Angeles,0.0,0.00294835833333333,0.591915366666667,0.00474491266666667,0.0234745133333333,9.09183333333333e-05,1.41843333333333e-05,0.00156655733333333,0.0115921486666667,0.00158517033333333,0.00440375033333333,0.01521743
New York,0.0,0.00402545366666667,0.00981626433333333,0.00499816666666667,0.018331675,0.005864249,0.00270259566666667,9.7003e-05,0.028452866,0.0,0.001056784,0.011714907
Seattle,0.0,0.000158437666666667,3.78416666666667e-05,0.001368806,0.000993542333333333,0.0,2.57046666666667e-05,0.00567576233333333,0.000459122666666667,0.001692413,0.007147835,0.000147943
Sunnyvale,0.0,0.001364591,0.000585970333333333,0.000622933333333333,0.006443428,2.97186666666667e-05,0.000374967333333333,0.003105679,0.001311946,0.002555272,0.000416424666666667,0.00124626066666667
Washington DC,0.0,0.010939055,0.013407956,0.001368004,0.0308911466666667,0.00860032633333333,0.004000025,7.93493333333333e-05,0.02133441,2.80956666666667e-05,0.00152351266666667,0.0387029966666667
