src/dst,Atlanta_1,Atlanta_2,Chicago,Denver,Houston,Indianapolis,Kansas City,Los Angeles,New York,Seattle,Sunnyvale,Washington DC
Atlanta_1,6.66666666666667e-06,4.40686666666667e-05,0.000224022666666667,0.0,0.000204148,7.56566666666667e-05,6.96633333333333e-05,0.0,5.42986666666667e-05,0.0,0.0,0.000150676333333333
Atlanta_2,0.0,0.00437631833333333,0.00474811766666667,3.13033333333333e-05,0.00681994266666667,0.00449270533333333,0.000981672333333333,1.2141e-05,0.002721759,0.0,3.7587e-05,0.00629369733333333
Chicago,0.0,0.00363602966666667,0.014519686,0.002759044,0.016604611,0.00897846033333333,0.00246271533333333,3.2671e-05,0.00694166066666667,3.33333333333333e-06,0.000260125,0.0128688083333333
Denver,0.0,0.00193784966666667,0.00550332566666667,0.00319956633333333,0.00876620433333333,0.00599372333333333,0.00135534166666667,6.66666666666667e-06,0.00247941333333333,0.00114068533333333,3.99446666666667e-05,0.00469037866666667
Houston,0.0,0.00601041566666667,6.89793333333333e-05,3.33333333333333e-06,0.0168297333333333,3.12006666666667e-05,0.0,0.0,0.00162602533333333,6.66666666666667e-06,4.9487e-05,0.0179189096666667
Indianapolis,0.0,0.00404258166666667,0.0204861573333333,0.00290493233333333,0.0148866823333333,0.00844909733333333,0.002632144,0.0,0.0108668666666667,1.4834e-05,0.000406854333333333,0.00703403666666667
Kansas City,0.0,0.000954924,0.00343021866666667,0.001526583,0.002769377,0.002236236,0.00116277966666667,0.0,0.000976894,0.0,4.28546666666667e-05,0.002890523
Los Angeles,0.0,0.00515837666666667,0.00155259766666667,0.00496197933333333,0.031736536,6.17286666666667e-05,4.96793333333333e-05,0.002019823,0.0134252413333333,0.00157433033333333,0.00439709133333333,0.0156630463333333
New York,0.0,0.00514930433333333,0.0481703,0.00547540266666667,0.025053057,0.00904966,0.00250345733333333,5.96706666666667e-05,0.0335386,6.66666666666667e-06,0.001555779,0.01687355
Seattle,0.0,7.172e-05,6.6792e-05,0.000954862333333333,0.00109966333333333,3.33333333333333e-06,9.03833333333333e-05,0.00536154266666667,0.001009564,0.00170922833333333,0.00702894633333333,0.000145990666666667
Sunnyvale,0.0,0.001647639,0.000273607,0.000398650666666667,0.004954309,5.35253333333333e-05,0.000824954333333333,0.00431688466666667,0.00130217733333333,0.00108582533333333,0.000188123,0.001696578
Washington DC,0.0,0.0172745393333333,0.0115800743333333,0.000683137,0.0314734746666667,0.009552264,0.00179648466666667,2.02393333333333e-05,0.0202703983333333,3.30196666666667e-05,0.001641519,0.028082405
