src/dst,Atlanta_1,Atlanta_2,Chicago,Denver,Houston,Indianapolis,Kansas City,Los Angeles,New York,Seattle,Sunnyvale,Washington DC
Atlanta_1,6.66666666666667e-06,0.000115565,0.000261626333333333,0.0,0.000127007666666667,8.68063333333333e-05,1.9458e-05,0.0,8.77503333333333e-05,0.0,3.33333333333333e-06,0.000231970333333333
Atlanta_2,0.0,0.00478145466666667,0.00440635366666667,3.5117e-05,0.006710789,0.00417639766666667,0.00321090866666667,1.14e-05,0.002406996,6.66666666666667e-06,0.000134729333333333,0.00964738066666667
Chicago,0.0,0.008348554,0.0188089576666667,0.006286751,0.0180884243333333,0.00830276066666667,0.00260677333333333,1.03013333333333e-05,0.007108912,2.01783333333333e-05,0.000109435666666667,0.008193603
Denver,0.0,0.00182769,0.00974009733333333,0.002320467,0.00946658033333333,0.00307069066666667,0.00239528266666667,3.33333333333333e-06,0.003527669,0.001952731,0.00111163933333333,0.006083802
Houston,0.0,0.00807791733333333,0.000286019666666667,7.65966666666667e-06,0.0215237926666667,1e-05,3.33333333333333e-06,0.0,0.00124177766666667,6.66666666666667e-06,2.0004e-05,0.023126273
Indianapolis,0.0,0.005655633,0.0235418153333333,0.00324416966666667,0.00974021166666667,0.00743805,0.001942858,1.34386666666667e-05,0.00946441733333333,5.0286e-05,0.000235452666666667,0.00659318933333333
Kansas City,0.0,0.00172959166666667,0.006841408,0.00135014733333333,0.00285888833333333,0.00242852233333333,0.000709940333333333,0.0,0.00134481133333333,3.33333333333333e-06,1e-05,0.00314832366666667
Los Angeles,0.0,0.00566660266666667,0.00117724,0.005958287,0.0405700433333333,0.000136775333333333,0.000102133666666667,0.002680384,0.0121901566666667,0.00229383666666667,0.00472853233333333,0.0212672936666667
New York,0.0,0.009627528,0.013667917,0.00723975766666667,0.025157373,0.010434271,0.00406782066666667,5.50006666666667e-05,0.0426418366666667,1.2099e-05,0.000359649,0.0264465083333333
Seattle,0.0,6.2433e-05,2.53853333333333e-05,0.002126528,0.000921696,0.0,0.000133483666666667,0.00587188033333333,0.000867073333333333,0.00228773466666667,0.00631603933333333,0.000320106
Sunnyvale,0.0,0.00165695733333333,0.000107653333333333,0.00231576166666667,0.008578083,8.8296e-05,0.000837507666666667,0.00534194766666667,0.00203643733333333,0.00255087033333333,0.000347922,0.00229215666666667
Washington DC,0.0,0.0212961696666667,0.0180821316666667,0.001760053,0.03453458,0.005862467,0.00460578066666667,2.86666666666667e-05,0.028995955,3.76166666666667e-05,0.000328255,0.0376210666666667
