src/dst,Atlanta_1,Atlanta_2,Chicago,Denver,Houston,Indianapolis,Kansas City,Los Angeles,New York,Seattle,Sunnyvale,Washington DC
Atlanta_1,0.000201789333333333,3.47286666666667e-05,0.000124828333333333,0.0,0.000474846333333333,1.3643e-05,8.3748e-05,0.0,0.000167094,0.0,1.03086666666667e-05,0.000106859
Atlanta_2,0.0,0.00492133833333333,0.00328277266666667,3.47066666666667e-05,0.005560755,0.00283001766666667,0.000902337333333333,0.0,0.00169388566666667,0.0,5.8631e-05,0.004221176
Chicago,0.0,0.00340148133333333,0.010531732,0.002369957,0.0150431666666667,0.00556463333333333,0.00258114833333333,0.360998433333333,0.00363325533333333,6.66666666666667e-06,0.000122555,0.00691947666666667
Denver,0.0,0.000481692,0.005920321,0.001732212,0.003981144,0.00537415966666667,0.001910303,4.256e-06,0.002014231,0.00101845033333333,4.6856e-05,0.00474096733333333
Houston,0.0,0.00318232466666667,7.79496666666667e-05,1.3339e-05,0.0163287873333333,3.50896666666667e-05,3.33333333333333e-06,0.0,0.000908549,4.95633333333333e-06,2.936e-05,0.00860539366666667
Indianapolis,0.0,0.00123228133333333,0.0118577506666667,0.001324693,0.0062445,0.002530069,0.002376746,0.0,0.0100829533333333,1.33333333333333e-05,6.85886666666667e-05,0.004761596
Kansas City,0.0,0.000291628333333333,0.00319904433333333,0.000956664666666667,0.00176513666666667,0.001868813,0.00166025933333333,0.0,0.000663164333333333,8.63966666666667e-06,7.0703e-05,0.001379216
Los Angeles,0.0,0.00274680433333333,0.00198138633333333,0.00365330533333333,0.018006815,0.000179423666666667,2.9498e-05,0.00145437366666667,0.00797050866666667,0.000637405,0.00271251233333333,0.00756379533333333
New York,0.0,0.00420652533333333,0.00860759933333333,0.004737802,0.013525118,0.007776005,0.002888077,3.67716666666667e-05,0.0245513846666667,2.0621e-05,0.000566884333333333,0.0148171896666667
Seattle,0.0,2.46056666666667e-05,6.66666666666667e-06,0.001057089,0.000517012666666667,5.13466666666667e-06,0.000755424666666667,0.00367214833333333,0.000587130333333333,0.000901851666666667,0.00546800333333333,5.18206666666667e-05
Sunnyvale,0.0,0.00159010433333333,0.000547012666666667,0.000544382,0.00412402,0.000174051666666667,0.000759105666666667,0.00307536233333333,0.00141206766666667,0.000727164333333333,0.000424156666666667,0.000886800666666667
Washington DC,0.0,0.0128962883333333,0.0110592236666667,0.000375662333333333,0.0249071023333333,0.01046307,0.00432980166666667,6.66666666666667e-06,0.0199139246666667,2.3369e-05,0.00127033366666667,0.0232224366666667
