src/dst,Atlanta_1,Atlanta_2,Chicago,Denver,Houston,Indianapolis,Kansas City,Los Angeles,New York,Seattle,Sunnyvale,Washington DC
Atlanta_1,0.0,6.66666666666667e-06,0.000162478,0.0,0.000391106666666667,5.80886666666667e-05,1.1579e-05,0.0,1.8576e-05,0.0,0.0,0.000255315
Atlanta_2,0.0,0.003082243,0.001750662,6.66666666666667e-06,0.00469625866666667,0.00253494433333333,0.000639115,0.0,0.00178370933333333,6.66666666666667e-06,5.31343333333333e-05,0.008562462
Chicago,0.0,0.002245517,0.0220238073333333,0.00326223333333333,0.0139848306666667,0.003445038,0.00185172066666667,6.66666666666667e-06,0.00275869466666667,0.0,0.000140380333333333,0.00337701766666667
Denver,0.0,0.000917187666666667,0.0108679056666667,0.00112289133333333,0.00431987833333333,0.00406799233333333,0.001644843,3.33333333333333e-06,0.002162907,0.000482266,1.07396666666667e-05,0.004037526
Houston,0.0,0.003158123,0.000209807,0.0,0.013226086,0.0,0.0,0.0,0.000842116333333333,0.0,3.33333333333333e-06,0.009467633
Indianapolis,0.0,0.004089709,0.0214869813333333,0.00254132233333333,0.007691864,0.002258898,0.00123563033333333,6.66666666666667e-06,0.00516477966666667,1.43403333333333e-05,6.61873333333333e-05,0.00276783366666667
Kansas City,0.0,0.000622357,0.00499006633333333,0.00111159366666667,0.00230143266666667,0.00132765633333333,0.00052995,3.33333333333333e-06,0.000668214666666667,3.33333333333333e-06,7.65833333333333e-06,0.001288709
Los Angeles,0.0,0.00168144766666667,0.001350033,0.001131497,0.0229206396666667,0.0,5.85033333333333e-06,0.003530563,0.006742466,0.000824704666666667,0.00270079166666667,0.00900820466666667
New York,0.0,0.00451211566666667,0.010135617,0.00520109,0.017166955,0.00529351233333333,0.002435486,2.78053333333333e-05,0.03339237,3.33333333333333e-06,0.000706333666666667,0.013554007
Seattle,0.0,7.69286666666667e-05,1.89653333333333e-05,0.00135478933333333,0.000337415333333333,1.00516666666667e-05,8.02866666666667e-05,0.00472111466666667,9.68256666666667e-05,0.00120486633333333,0.00501165766666667,2.32533333333333e-05
Sunnyvale,0.0,0.00129619366666667,0.000430355666666667,0.000595481666666667,0.00575945433333333,6.66666666666667e-06,0.000936893333333333,0.00274536133333333,0.001141423,0.00221931666666667,0.000507077333333333,0.000989142
Washington DC,0.0,0.0131232553333333,0.0116520193333333,0.000948691,0.0227498556666667,0.003417553,0.00224146566666667,0.000211883333333333,0.0191767753333333,0.000183226,0.000679284,0.0475247366666667
