src/dst,Atlanta_1,Atlanta_2,Chicago,Denver,Houston,Indianapolis,Kansas City,Los Angeles,New York,Seattle,Sunnyvale,Washington DC
Atlanta_1,1.68833333333333e-05,5.69663333333333e-05,0.000123751666666667,4.09866666666667e-06,0.000131188666666667,6.46633333333333e-05,6.59533333333333e-05,0.0,7.79923333333333e-05,0.0,0.0,0.000198024333333333
Atlanta_2,0.0,0.00250029666666667,0.0044609,1.3336e-05,0.00832838166666667,0.00427431066666667,0.000799228666666667,0.0,0.00334511033333333,3.33333333333333e-06,1.42663333333333e-05,0.00900529966666667
Chicago,0.0,0.006379373,0.0209867256666667,0.0309553503333333,0.00468364566666667,0.006498209,0.00276547466666667,3.68463333333333e-05,0.007086931,3.33333333333333e-06,0.000580533,0.0069135
Denver,0.0,0.00192894733333333,0.00224063566666667,0.0103549153333333,0.00494186833333333,0.00661225766666667,0.00450754533333333,0.0,4.29523333333333e-05,0.0126989416666667,0.000357749333333333,0.00366207766666667
Houston,0.0,0.00695123633333333,6.99376666666667e-05,0.000114517,0.0219881203333333,0.0,6.66666666666667e-06,0.0,0.001692711,3.576e-06,2.7795e-05,0.0138972313333333
Indianapolis,0.0,0.003028386,0.0309814863333333,0.0224475806666667,0.003249686,0.00503143933333333,0.003714602,7.3171e-05,0.0109430353333333,3.33333333333333e-06,4.5107e-05,0.00548885666666667
Kansas City,0.0,0.001062775,0.004215694,0.00279470166666667,0.00128130833333333,0.00184087633333333,0.000975001666666667,0.0,0.00160123366666667,0.0,0.0,0.00258349433333333
Los Angeles,0.0,0.00391285733333333,0.000315636,1.73886666666667e-05,0.002620382,1.46686666666667e-05,3.36933333333333e-05,0.00270755566666667,0.000387905666666667,0.0414287733333333,0.00297920033333333,0.00980836233333333
New York,0.0,0.009491762,0.0136055413333333,0.0194278443333333,0.008217277,0.007925871,0.003276501,3.33333333333333e-06,0.0315900666666667,1e-05,0.000242635,0.0189004373333333
Seattle,0.0,0.000148940333333333,1.7457e-05,6.66666666666667e-06,7.32633333333333e-05,0.0,0.0,0.000740641666666667,3.33333333333333e-06,0.014253015,0.00672334133333333,0.000485347666666667
Sunnyvale,0.0,0.002653144,0.000235007333333333,2.44183333333333e-05,0.00138015833333333,3.33333333333333e-06,7.0364e-05,0.00229793766666667,0.000232705333333333,0.0175797896666667,0.002424397,0.00195665133333333
Washington DC,0.0,0.013874434,0.014363313,0.000643267333333333,0.0433705066666667,0.00489470733333333,0.00521495933333333,3.33333333333333e-06,0.025174273,1.22816666666667e-05,0.000822003,0.0550882833333333
