src/dst,Atlanta_1,Atlanta_2,Chicago,Denver,Houston,Indianapolis,Kansas City,Los Angeles,New York,Seattle,Sunnyvale,Washington DC
Atlanta_1,2.40336666666667e-05,2.45586666666667e-05,0.000218851666666667,0.0,0.000236299333333333,0.000299237666666667,2.4592e-05,0.0,0.000406724333333333,0.0,0.0,0.000106103666666667
Atlanta_2,0.0,0.00307742133333333,0.00550126266666667,0.0,0.00464738633333333,0.00424362366666667,0.000858077333333333,0.0,0.00210215766666667,0.0,4.49456666666667e-05,0.00663549466666667
Chicago,0.0,0.00430258966666667,0.0121910656666667,0.001919866,0.018030316,0.00407275233333333,0.00345129666666667,5.977e-05,0.00739324166666667,3.33333333333333e-06,0.00017973,0.005445338
Denver,0.0,0.00135707,0.00842764633333333,0.00217818533333333,0.00688544633333333,0.004434328,0.003776861,0.0,0.00276364533333333,0.00188613733333333,2.04133333333333e-05,0.005090638
Houston,0.0,0.00355805333333333,0.000316065333333333,0.0,0.0193833726666667,6.66666666666667e-06,0.0,0.0,0.00109921966666667,3.33333333333333e-06,2.0755e-05,0.0141698896666667
Indianapolis,0.0,0.002710733,0.0166570176666667,0.002411451,0.00922568366666667,0.004105656,0.003047416,1e-05,0.0113559876666667,0.000591352666666667,8.73993333333333e-05,0.00591858866666667
Kansas City,0.0,0.000950394,0.00416631766666667,0.000907799,0.00320099733333333,0.00217618966666667,0.001397066,0.0,0.00160072733333333,3.33333333333333e-06,4.85363333333333e-05,0.00238631366666667
Los Angeles,0.0,0.00262874633333333,0.00149475533333333,0.00187341733333333,0.0205767776666667,0.000151763333333333,8.35633333333333e-06,0.00192507933333333,0.010203689,0.00203117566666667,0.00459961433333333,0.0129651823333333
New York,0.0,0.00598977266666667,0.014475491,0.005200876,0.0227731536666667,0.007816678,0.00268766766666667,2.15506666666667e-05,0.0254956413333333,6.66666666666667e-06,0.00124589733333333,0.0165687123333333
Seattle,0.0,8.53223333333333e-05,6.66666666666667e-06,0.000270963666666667,0.001182858,3.33333333333333e-06,6.7615e-05,0.00484731766666667,0.000700776333333333,0.001998815,0.00683453233333333,0.000156337
Sunnyvale,0.0,0.001491421,0.00290350533333333,0.000828697333333333,0.00547155333333333,8.469e-06,0.000768461,0.00398550766666667,0.001820115,0.000563573666666667,0.000987834,0.00394009866666667
Washington DC,0.0,0.0191443906666667,0.018111591,0.000156735333333333,0.0370182966666667,0.00597398233333333,0.002588327,1e-05,0.0230186186666667,1e-05,0.000690665,0.0394054433333333
