src/dst,Atlanta_1,Atlanta_2,Chicago,Denver,Houston,Indianapolis,Kansas City,Los Angeles,New York,Seattle,Sunnyvale,Washington DC
Atlanta_1,0.0,3.33333333333333e-06,6.46633333333333e-05,0.0,0.000170372333333333,1.3072e-05,6.66666666666667e-06,0.0,4.52633333333333e-05,0.0,0.0,0.000142284
Atlanta_2,0.0,0.00273618466666667,0.003510312,1.39876666666667e-05,0.00531441333333333,0.00200834233333333,0.000325006666666667,6.66666666666667e-06,0.000907387666666667,3.33333333333333e-06,4.3681e-05,0.00447903733333333
Chicago,0.0,0.00199533866666667,0.010526924,0.00345848066666667,0.0141729253333333,0.005557239,0.002515324,0.000123561333333333,0.00425688533333333,7.42743333333333e-05,0.000169296,0.00424268
Denver,0.0,0.000554318333333333,0.00554292133333333,0.002588307,0.00545724266666667,0.00705667233333333,0.00278758133333333,0.0,0.002051715,0.00137493766666667,0.000549597,0.00519831933333333
Houston,0.0,0.002359106,7.17376666666667e-05,3.33333333333333e-06,0.0138643903333333,0.0,6.66666666666667e-06,0.0,0.000845298,3.33333333333333e-06,2.16806666666667e-05,0.0106062013333333
Indianapolis,0.0,0.00277519033333333,0.0145515103333333,0.00121404,0.00658104133333333,0.00259953266666667,0.00255413666666667,4.27693333333333e-05,0.00318829833333333,3.33333333333333e-06,0.000148349,0.00481099833333333
Kansas City,0.0,0.000195557333333333,0.00330735733333333,0.000929504333333333,0.001309871,0.00121991166666667,0.001193585,0.0,0.000753744666666667,6.66666666666667e-06,4.68773333333333e-05,0.00137518833333333
Los Angeles,0.0,0.00153356433333333,0.000985934333333333,0.00417021133333333,0.012352516,3.6191e-05,2.07576666666667e-05,0.00159541866666667,0.005753982,0.000870899,0.003486271,0.00968389866666667
New York,0.0,0.00249946,0.007359529,0.00492380033333333,0.0136466733333333,0.00427523266666667,0.00244237766666667,5.78926666666667e-05,0.017938462,1.17076666666667e-05,0.000822433666666667,0.007151006
Seattle,0.0,4.09633333333333e-06,0.0,0.000251637,0.00060935,0.0,0.000147926333333333,0.00495252533333333,0.000796008333333333,0.001410319,0.00642682433333333,3.33333333333333e-05
Sunnyvale,0.0,0.000870523,0.000244259,0.000220869,0.00374184133333333,7.3358e-05,0.000631595666666667,0.003026513,0.00104547833333333,0.000496459,0.000841717666666667,0.00100767866666667
Washington DC,0.0,0.0154846423333333,0.0111688113333333,0.00103272966666667,0.0283292886666667,0.00504129,0.003941144,3.8748e-05,0.0152218793333333,1.88626666666667e-05,0.00144683,0.0258371153333333
