src/dst,Atlanta_1,Atlanta_2,Chicago,Denver,Houston,Indianapolis,Kansas City,Los Angeles,New York,Seattle,Sunnyvale,Washington DC
Atlanta_1,3.33333333333333e-06,6.66666666666667e-06,4.7263e-05,0.0,0.000117223333333333,2.00366666666667e-05,0.000229617,0.0,1.9018e-05,0.0,3.33333333333333e-06,0.000301142333333333
Atlanta_2,0.0,0.002677281,0.002310942,3.33333333333333e-06,0.003377794,0.00229020566666667,0.00106909366666667,0.0,0.00107983866666667,3.33333333333333e-06,0.000110209666666667,0.00860156366666667
Chicago,0.0,0.00376012466666667,0.0204818873333333,0.00376437633333333,0.0146688276666667,0.005576938,0.000979637333333333,1.1276e-05,0.00289999833333333,3.33333333333333e-06,0.000149236,0.00371738733333333
Denver,0.0,0.00048697,0.007394809,0.000683921333333333,0.003849829,0.00368324633333333,0.000635074,0.0,0.00170510333333333,0.001192619,1e-05,0.00455463166666667
Houston,0.0,0.005033681,0.000297135,0.0,0.0131920426666667,0.0,0.0,0.0,0.000430522333333333,3.33333333333333e-06,2.0333e-05,0.00656914833333333
Indianapolis,0.0,0.00137394966666667,0.017465815,0.000770643666666667,0.008497022,0.001699135,0.000616457333333333,6.66666666666667e-06,0.00399128133333333,2.3466e-05,0.000220844333333333,0.004049398
Kansas City,0.0,0.000425294333333333,0.00381061166666667,0.000364033666666667,0.00171853866666667,0.001529884,0.000864138333333333,5.01333333333333e-06,0.000664134333333333,0.0,7.42136666666667e-05,0.00126312066666667
Los Angeles,0.0,0.004942226,0.00144951833333333,0.00120685,0.0242080623333333,7.8326e-05,3.33333333333333e-06,0.00233487233333333,0.00448316466666667,0.00135581333333333,0.00630096533333333,0.00591694333333333
New York,0.0,0.00294159366666667,0.00890638633333333,0.00304468766666667,0.0130640433333333,0.00654796633333333,0.00133801466666667,1.30623333333333e-05,0.027102754,3.33333333333333e-06,0.000883598333333333,0.00865338233333333
Seattle,0.0,3.1072e-05,0.000108827666666667,0.000634087,0.000306732,0.0,2.3651e-05,0.00396526133333333,7.27773333333333e-05,0.001480215,0.00568212566666667,3.8098e-05
Sunnyvale,0.0,0.00068217,0.000364291333333333,0.000633631,0.004181949,0.0,0.000260715,0.00429484666666667,0.000808366666666667,0.000292999333333333,0.000220825,0.000934400333333333
Washington DC,0.0,0.0132496346666667,0.008528471,0.00228469666666667,0.0343478066666667,0.00633273366666667,0.001984891,4.5843e-05,0.0148687256666667,0.000280939666666667,0.001030102,0.0555940466666667
