src/dst,Atlanta_1,Atlanta_2,Chicago,Denver,Houston,Indianapolis,Kansas City,Los Angeles,New York,Seattle,Sunnyvale,Washington DC
Atlanta_1,3.33333333333333e-06,1.33333333333333e-05,1.85326666666667e-05,0.0,4.58446666666667e-05,1.5436e-05,5.77066666666667e-06,0.0,1.33333333333333e-05,0.0,0.0,0.000113754666666667
Atlanta_2,0.0,0.00669203933333333,0.00813974933333333,6.66666666666667e-06,0.00240529233333333,0.00188911066666667,0.000419463333333333,1.12063333333333e-05,0.000984288666666667,3.93753333333333e-05,0.000173635666666667,0.00631861433333333
Chicago,0.0,0.00261451333333333,0.0141716816666667,0.00208500233333333,0.0163752676666667,0.00519218733333333,0.000873703333333333,0.0,0.003407047,9.6428e-05,0.000110789,0.00334679433333333
Denver,0.0,0.001111695,0.006564992,0.00165542633333333,0.00397112,0.00374603233333333,0.00158523633333333,0.0,0.002031402,0.001674223,8.47126666666667e-05,0.00423994033333333
Houston,0.0,0.002256446,0.000323270666666667,0.0,0.0168794436666667,3.33333333333333e-06,0.0,0.0,0.000397841,0.0,3.33333333333333e-06,0.011015786
Indianapolis,0.0,0.00203836433333333,0.0119083163333333,0.00179291366666667,0.00529248066666667,0.00341115033333333,0.00157566866666667,3.68073333333333e-05,0.00560766133333333,6.03703333333333e-05,6.2955e-05,0.00316503
Kansas City,0.0,0.000367730666666667,0.00314653933333333,0.000516197666666667,0.00122810466666667,0.00222297666666667,0.00190802133333333,0.0,0.000787085333333333,0.0,5.8863e-05,0.001334716
Los Angeles,0.0,0.00156767233333333,0.002143465,0.00177085633333333,0.0154126276666667,2.1052e-05,3.5877e-05,0.00249555933333333,0.00660085566666667,0.000641972666666667,0.001503134,0.0103778686666667
New York,0.0,0.00338321833333333,0.007063171,0.004642684,0.00990101033333333,0.00444515133333333,0.001269605,1.85083333333333e-05,0.0193622806666667,2.35416666666667e-05,0.000298269,0.008576001
Seattle,0.0,1.66666666666667e-05,5.8396e-05,0.000821750666666667,0.000796742666666667,0.0,3.3015e-05,0.005193547,0.000439478,0.00154278766666667,0.003244246,0.000263416
Sunnyvale,0.0,0.000224002333333333,0.000183912666666667,0.000229929666666667,0.00358712566666667,1.90013333333333e-05,0.000180135666666667,0.00259070333333333,0.000473919666666667,0.000505575666666667,0.000622836666666667,0.000732137
Washington DC,0.0,0.0153704546666667,0.00855961233333333,0.001572358,0.02772352,0.00881587133333333,0.00173170733333333,1.8167e-05,0.015906323,2.22333333333333e-05,0.000478271,0.0276479646666667
