src/dst,Atlanta_1,Atlanta_2,Chicago,Denver,Houston,Indianapolis,Kansas City,Los Angeles,New York,Seattle,Sunnyvale,Washington DC
Atlanta_1,0.0,3.33333333333333e-06,2.0974e-05,0.0,4.07973333333333e-05,1.4796e-05,3.2503e-05,0.0,1.39466666666667e-05,0.0,0.0,4.20413333333333e-05
Atlanta_2,0.0,0.00644704433333333,0.00120496133333333,0.0,0.00292021466666667,0.00190607466666667,0.000652935333333333,0.0,0.000855751,5.92026666666667e-05,0.000162995666666667,0.00553564333333333
Chicago,0.0,0.00346382433333333,0.0142825583333333,0.002338375,0.00751038766666667,0.005466058,0.000971839666666667,1.33333333333333e-05,0.00224460333333333,4.73333333333333e-06,0.000118428333333333,0.00310834166666667
Denver,0.0,0.000995178333333333,0.00821465533333333,0.001687679,0.00449645366666667,0.00659129766666667,0.00177306333333333,0.0,0.00189772966666667,0.00101662966666667,5.83803333333333e-05,0.004254324
Houston,0.0,0.004024911,0.000322047333333333,1.08146666666667e-05,0.0100297123333333,0.0,0.0,0.0,0.000659728666666667,0.0,7.597e-06,0.011238541
Indianapolis,0.0,0.001591742,0.012235521,0.000913163,0.00561703633333333,0.00504251933333333,0.001031014,4.2075e-05,0.00535071333333333,2.81286666666667e-05,3.77203333333333e-05,0.00371790166666667
Kansas City,0.0,0.000769322666666667,0.00263641433333333,0.000428046333333333,0.00135096833333333,0.00188938833333333,0.001439884,0.0,0.000784918666666667,0.0,4.83916666666667e-05,0.001125633
Los Angeles,0.0,0.003422967,0.00101491133333333,0.001686846,0.0150827203333333,2.30766666666667e-05,3.20196666666667e-05,0.001964448,0.006151836,0.00183162966666667,0.001277125,0.0106503946666667
New York,0.0,0.003701092,0.00736451633333333,0.00449363666666667,0.0100905406666667,0.005447783,0.00149442266666667,3.1431e-05,0.0194970966666667,8.33333333333333e-06,0.000262744333333333,0.0129205936666667
Seattle,0.0,1.66666666666667e-05,7.40466666666667e-05,0.000199307666666667,0.000217201666666667,0.0,2.74446666666667e-05,0.00557296433333333,5.87336666666667e-05,0.00175804133333333,0.00410469,4.0789e-05
Sunnyvale,0.0,0.000409817666666667,0.000117107666666667,0.000223162333333333,0.004621816,1.87413333333333e-05,0.000309344333333333,0.006327256,0.000755837666666667,0.000476313666666667,0.000673729,0.000793616333333333
Washington DC,0.0,0.0167023183333333,0.007959336,0.00171648366666667,0.0267518333333333,0.00896057933333333,0.00212811566666667,1.33333333333333e-05,0.017834478,3.33333333333333e-06,0.000387556666666667,0.0296534633333333
