src/dst,Atlanta_1,Atlanta_2,Chicago,Denver,Houston,Indianapolis,Kansas City,Los Angeles,New York,Seattle,Sunnyvale,Washington DC
Atlanta_1,0.0,6.66406666666667e-05,5.48876666666667e-05,0.0,0.000182053,1.13716666666667e-05,2.79666666666667e-05,0.0,1.06743333333333e-05,0.0,0.0,7.32756666666667e-05
Atlanta_2,0.0,0.00307074433333333,0.00430979533333333,3.33333333333333e-06,0.003943301,0.00440733966666667,0.000795794666666667,3.33333333333333e-06,0.00199468766666667,3.33333333333333e-06,9.39153333333333e-05,0.00786897933333333
Chicago,0.0,0.002435814,0.019368865,0.00164225833333333,0.0154593556666667,0.00396640066666667,0.00190560466666667,3.07546666666667e-05,0.00615520066666667,0.0,0.000257786,0.00422409233333333
Denver,0.0,0.000935021,0.00891832166666667,0.00106436366666667,0.00410219833333333,0.00427075266666667,0.00184043233333333,3.13013333333333e-05,0.002277031,0.00168084433333333,3.52126666666667e-05,0.005092183
Houston,0.0,0.00331296633333333,0.000337465333333333,3.33333333333333e-06,0.0122099716666667,0.0,0.0,0.0,0.00100544733333333,3.33333333333333e-06,2.37093333333333e-05,0.0121233186666667
Indianapolis,0.0,0.001941976,0.0176445313333333,0.00143123633333333,0.01095655,0.00259846666666667,0.00327137966666667,3.33333333333333e-06,0.00632131633333333,0.000694423666666667,9.5455e-05,0.00453823933333333
Kansas City,0.0,0.000416862,0.00364866466666667,0.001099907,0.00273055633333333,0.00155614266666667,0.001008173,0.0,0.00139457033333333,3.33333333333333e-06,2.80246666666667e-05,0.00221129233333333
Los Angeles,0.0,0.00249909066666667,0.00301469333333333,0.000929193,0.021583911,0.000125058333333333,1.00626666666667e-05,0.00161094666666667,0.00856493133333333,0.00212262933333333,0.00454712866666667,0.01160804
New York,0.0,0.004461246,0.012830562,0.004617185,0.017805189,0.00464048033333333,0.00218577233333333,2.49113333333333e-05,0.026732151,0.0,0.000816903,0.00881045
Seattle,0.0,3.8767e-05,1e-05,0.00014098,0.000556431333333333,0.0,5.60583333333333e-05,0.00421823766666667,0.000555141333333333,0.00156366566666667,0.005371016,7.15736666666667e-05
Sunnyvale,0.0,0.00118980066666667,0.00287043033333333,0.000807955666666667,0.00599374233333333,1.5796e-05,0.000234372666666667,0.003750272,0.00205009466666667,0.000337044333333333,0.000417719333333333,0.00340406933333333
Washington DC,0.0,0.0181201633333333,0.013846628,0.000559008666666667,0.03507168,0.003428532,0.002660059,1e-05,0.0202215243333333,4.48e-06,0.000810644333333333,0.0533915333333333
