src/dst,Atlanta_1,Atlanta_2,Chicago,Denver,Houston,Indianapolis,Kansas City,Los Angeles,New York,Seattle,Sunnyvale,Washington DC
Atlanta_1,0.0,3.3814e-05,2.6946e-05,0.0,0.00016766,9.33993333333333e-05,4.38163333333333e-05,0.0,1.40576666666667e-05,0.0,0.0,6.5165e-05
Atlanta_2,0.0,0.003689111,0.00181717466666667,4.36766666666667e-06,0.00494956533333333,0.00223390266666667,0.00074455,9.24e-06,0.00180946666666667,3.33333333333333e-06,1.02963333333333e-05,0.00457679166666667
Chicago,0.0,0.00270523833333333,0.0121714116666667,0.002082138,0.0154587413333333,0.003893684,0.001563955,4.4564e-05,0.00438309233333333,3.33333333333333e-06,0.000331101,0.0116903843333333
Denver,0.0,0.000737832,0.00654442566666667,0.00243278233333333,0.00545528733333333,0.003917621,0.00242363266666667,3.33333333333333e-06,0.00341169733333333,0.00111227633333333,1.65e-05,0.00478828933333333
Houston,0.0,0.00380162233333333,0.000172348,0.0,0.0114155533333333,3.33333333333333e-06,0.0,6.66666666666667e-06,0.000701593,3.33333333333333e-06,3.33333333333333e-06,0.011911979
Indianapolis,0.0,0.00214043766666667,0.0148857333333333,0.00128931166666667,0.0176619633333333,0.003211726,0.00292534033333333,7.36173333333333e-05,0.006667163,3.4032e-05,7.83923333333333e-05,0.00288926466666667
Kansas City,0.0,0.000524061333333333,0.00303421333333333,0.00169436366666667,0.001902383,0.00145851233333333,0.000846495,0.0,0.001090862,0.0,1.28326666666667e-05,0.00104127233333333
Los Angeles,0.0,0.003513702,0.00233161566666667,0.000646628,0.0175526563333333,1.5742e-05,1.78333333333333e-05,0.00201035,0.00887580066666667,0.000989359666666667,0.004539918,0.0116690643333333
New York,0.0,0.00272507466666667,0.00835917166666667,0.004979531,0.0166599563333333,0.00534611333333333,0.00189174933333333,3.93303333333333e-05,0.019896694,6.66666666666667e-06,0.000432205,0.00838353466666667
Seattle,0.0,2.9628e-05,6.97933333333333e-06,0.000157087,0.00165325533333333,0.0,2.9019e-05,0.00455584366666667,0.000562773,0.00124231166666667,0.005511802,3.98733333333333e-05
Sunnyvale,0.0,0.000954208666666667,0.000403662,0.000465496666666667,0.00505100266666667,0.0,0.000328558,0.00315734533333333,0.00108544533333333,0.000470514333333333,0.000912798333333333,0.000610907
Washington DC,0.0,0.0100246173333333,0.0116981233333333,1.44033333333333e-05,0.0289543056666667,0.006641359,0.00149477266666667,1e-05,0.014241003,3.33333333333333e-06,0.001044049,0.0258972583333333
