src/dst,Atlanta_1,Atlanta_2,Chicago,Denver,Houston,Indianapolis,Kansas City,Los Angeles,New York,Seattle,Sunnyvale,Washington DC
Atlanta_1,0.0,1.96853333333333e-05,0.000114431,0.0,0.000237491,0.000101282666666667,2.9372e-05,0.0,0.000166841666666667,0.0,0.0,0.00031095
Atlanta_2,0.0,0.00309222166666667,0.00657269233333333,3.33333333333333e-06,0.00668772833333333,0.00280559166666667,0.000976576333333333,1.66666666666667e-06,0.00256688833333333,5e-06,2.12166666666667e-05,0.00884567866666667
Chicago,0.0,0.00361593733333333,0.0148538906666667,0.003732693,0.0174978423333333,0.008005655,0.00235318466666667,6.66666666666667e-06,0.006827894,1.28143333333333e-05,0.000642340333333333,0.00488970566666667
Denver,0.0,0.000750107333333333,0.00814277866666667,0.001879432,0.004972794,0.00334892133333333,0.00254783333333333,0.000175288,0.00305255,0.00142708966666667,4.47543333333333e-05,0.00588576833333333
Houston,0.0,0.00343116033333333,0.00010699,0.0,0.016859958,9.137e-06,3.33333333333333e-06,1.67333333333333e-05,0.00105477533333333,1.0166e-05,1.47506666666667e-05,0.012913809
Indianapolis,0.0,0.00225363366666667,0.0166253696666667,0.00169917633333333,0.01074272,0.00244612433333333,0.00343033266666667,3.33333333333333e-06,0.005998738,3.63813333333333e-05,0.000241994,0.003554875
Kansas City,0.0,0.00120583966666667,0.00445263333333333,0.00163120066666667,0.00320914533333333,0.00207498933333333,0.000757534,0.0,0.00100902333333333,0.0,4.09263333333333e-05,0.00230829366666667
Los Angeles,0.0,0.002655103,0.001512488,0.00300582366666667,0.020311634,4.43976666666667e-05,1.61043333333333e-05,0.00296063033333333,0.0102271523333333,0.002277155,0.00380327266666667,0.0122812983333333
New York,0.0,0.00659048066666667,0.0142556356666667,0.005525382,0.020535419,0.005185249,0.002678173,2.85076666666667e-05,0.0253932416666667,6.66666666666667e-06,0.000529951,0.015627095
Seattle,0.0,6.81433333333333e-05,2.3992e-05,0.00115141766666667,0.00070226,0.0,5.1144e-05,0.00412039533333333,0.000904977,0.001205768,0.00917956333333333,5.98843333333333e-05
Sunnyvale,0.0,0.00152411866666667,0.000524569666666667,0.000930365666666667,0.005013836,1.19323333333333e-05,0.000528734666666667,0.00323477433333333,0.00193908733333333,0.000544467666666667,0.00209864766666667,0.00147478233333333
Washington DC,0.0,0.00966465566666667,0.0171183383333333,3.33333333333333e-06,0.03518621,0.00541968666666667,0.003676579,1.88273333333333e-05,0.0217578616666667,4.854e-06,0.00123771966666667,0.0358159666666667
