src/dst,Atlanta_1,Atlanta_2,Chicago,Denver,Houston,Indianapolis,Kansas City,Los Angeles,New York,Seattle,Sunnyvale,Washington DC
Atlanta_1,0.0,5.87033333333333e-05,6.6539e-05,0.0,3.32236666666667e-05,0.000341689333333333,0.0,0.0,0.000533457333333333,0.0,0.0,0.000292395666666667
Atlanta_2,0.0,0.00354116166666667,0.006516446,0.0,0.00146089366666667,0.004146802,6.00333333333333e-06,0.0,0.00822575233333333,0.0,1.81656666666667e-05,0.005566917
Chicago,0.0,0.005216475,0.00414754233333333,0.0,0.003306031,0.00808204466666667,7.36533333333333e-06,1.66666666666667e-05,0.028233803,6.62133333333333e-06,0.0,0.004635407
Denver,0.0,0.000836929333333333,0.00488014733333333,0.00173911933333333,0.00675573066666667,0.00398127733333333,0.00264054033333333,3.33333333333333e-06,0.00451502566666667,0.001606035,1.10293333333333e-05,0.005324936
Houston,0.0,0.00503727133333333,0.000170606333333333,0.0,0.018721686,3.33333333333333e-06,0.0,0.0,0.000940963666666667,6.66666666666667e-06,0.0,0.0156473973333333
Indianapolis,0.0,0.00190340133333333,0.0178073166666667,0.0,0.00117553266666667,0.00302720533333333,0.00327977166666667,0.0,0.0199533366666667,1e-05,3.33333333333333e-06,0.00486071633333333
Kansas City,0.0,0.000723046333333333,0.002709212,0.00244066766666667,0.00195988066666667,0.00281491,0.00126792766666667,0.0,0.00233724333333333,3.33333333333333e-06,0.0,0.00142929133333333
Los Angeles,0.0,0.00449588,0.000317514,0.003830963,0.0159567636666667,6.60236666666667e-05,2.8773e-05,0.00229416833333333,0.00959787066666667,0.002353356,0.002590071,0.0131402276666667
New York,0.0,0.00454220333333333,9.46326666666667e-05,0.0,0.00240472733333333,1.3789e-05,2.44463333333333e-05,1.34706666666667e-05,0.116759323333333,0.0,1.2143e-05,0.0362147366666667
Seattle,0.0,0.00011222,6.66666666666667e-06,0.00146393533333333,0.000631578,0.0,4.18673333333333e-05,0.00445592,0.000710615333333333,0.00198980566666667,0.00694984233333333,8.5252e-05
Sunnyvale,0.0,0.00103892666666667,0.000483833333333333,0.001163018,0.00327418133333333,2.54633333333333e-05,0.00033471,0.00367939133333333,0.00627261733333333,0.00099869,0.000727614666666667,0.00411535333333333
Washington DC,0.0,0.0161166406666667,6.03716666666667e-05,0.0,0.0116251056666667,0.0,1.21826666666667e-05,2.08333333333333e-05,0.0769470066666667,0.0,3.33333333333333e-06,0.03458426
