src/dst,Atlanta_1,Atlanta_2,Chicago,Denver,Houston,Indianapolis,Kansas City,Los Angeles,New York,Seattle,Sunnyvale,Washington DC
Atlanta_1,0.0,6.66666666666667e-06,2.05493333333333e-05,0.0,8.2384e-05,6.66666666666667e-06,1.00693333333333e-05,0.0,1.01686666666667e-05,0.0,0.0,0.000151629
Atlanta_2,0.0,0.002974331,0.00769194466666667,0.0,0.002932911,0.001721343,0.000295649,3.33333333333333e-06,0.000679150333333333,8.112e-06,0.000140204,0.00719127966666667
Chicago,0.0,0.00185541166666667,0.0145476233333333,0.002373224,0.0105288423333333,0.004549593,0.001342026,1e-05,0.00277151866666667,4.41566666666667e-05,0.000107859333333333,0.00419062133333333
Denver,0.0,0.000811859333333333,0.00727343266666667,0.001421898,0.00380034033333333,0.00371130166666667,0.001606171,6.81253333333333e-05,0.00188607,0.00157380833333333,5.54156666666667e-05,0.00388888633333333
Houston,0.0,0.00189725233333333,0.000280916,6.66666666666667e-06,0.0102002856666667,0.0,0.0,0.0,0.00036799,0.0,3.33333333333333e-06,0.0101859786666667
Indianapolis,0.0,0.00175906033333333,0.0110182666666667,0.002068547,0.00614541366666667,0.00260737666666667,0.00102950866666667,5.2891e-05,0.00289960733333333,8.65066666666667e-05,4.70463333333333e-05,0.00323770933333333
Kansas City,0.0,0.000489621333333333,0.002572933,0.000564441333333333,0.00186492566666667,0.00178162166666667,0.00159652266666667,4.46666666666667e-06,0.000766963,0.0,3.74386666666667e-05,0.00119702133333333
Los Angeles,0.0,0.001465919,0.00108036166666667,0.001624131,0.0145738473333333,2.7429e-05,0.000138004,0.00243033466666667,0.00852925666666667,0.00113644433333333,0.001205612,0.00969963433333333
New York,0.0,0.00370474633333333,0.00664195466666667,0.004345486,0.00874434333333333,0.00483631066666667,0.00155194466666667,6.27933333333333e-05,0.0171838673333333,1.90426666666667e-05,0.000210792,0.00903237633333333
Seattle,0.0,2.3326e-05,7.15453333333333e-05,0.00104763533333333,0.000221713333333333,3.33333333333333e-06,1.2305e-05,0.004642688,0.000505505,0.001680958,0.004012533,6.63226666666667e-05
Sunnyvale,0.0,0.00028973,0.000148073666666667,0.000256658666666667,0.00332537666666667,1.04473333333333e-05,0.000286361333333333,0.00253110266666667,0.000632346333333333,0.000548211,0.000668200333333333,0.000771455333333333
Washington DC,0.0,0.0178620206666667,0.008205376,0.001218592,0.026331513,0.00847000833333333,0.001596853,1e-05,0.01565881,5.71063333333333e-05,0.000523592333333333,0.029362764
