src/dst,Atlanta_1,Atlanta_2,Chicago,Denver,Houston,Indianapolis,Kansas City,Los Angeles,New York,Seattle,Sunnyvale,Washington DC
Atlanta_1,0.0,2.00533333333333e-05,0.000177353666666667,0.0,0.000352321,8.85573333333333e-05,0.000117199,0.0,2.93603333333333e-05,0.0,3.33333333333333e-06,6.67063333333333e-05
Atlanta_2,0.0,0.00350907633333333,0.00308338166666667,0.0,0.00556378366666667,0.00471578633333333,0.002839429,5e-06,0.002161906,3.47966666666667e-06,9.2432e-05,0.005747721
Chicago,0.0,0.00394390166666667,0.012365289,0.00333545366666667,0.016053256,0.011700075,0.00250788,5.56663333333333e-05,0.006563558,6.66666666666667e-06,0.000196459333333333,0.005367874
Denver,0.0,0.00104906466666667,0.00735555366666667,0.002071874,0.007082572,0.003978241,0.00255798833333333,0.000305682,0.002701825,0.00180809133333333,0.000921276333333333,0.005273482
Houston,0.0,0.00537831866666667,0.000130423333333333,0.0,0.0194414653333333,3.33333333333333e-06,5.16166666666667e-06,6.66666666666667e-06,0.00150839733333333,6.66666666666667e-06,5.981e-06,0.0156431206666667
Indianapolis,0.0,0.00224373866666667,0.014451819,0.00240431,0.0102521856666667,0.00517832466666667,0.00239711533333333,2.15356666666667e-05,0.00898340133333333,2.39496666666667e-05,0.000143088666666667,0.00353830533333333
Kansas City,0.0,0.000971856333333333,0.00396517933333333,0.00100088766666667,0.00222495066666667,0.00377554433333333,0.00131133766666667,0.0,0.00184041966666667,0.0,3.04733333333333e-05,0.00186483866666667
Los Angeles,0.0,0.004387786,0.002169456,0.00484141433333333,0.0209149793333333,2.8715e-05,1e-05,0.00224330033333333,0.00903808633333333,0.002835751,0.003134632,0.013608298
New York,0.0,0.00753562233333333,0.012045026,0.004479576,0.019818117,0.0131413293333333,0.00314981833333333,3.90413333333333e-05,0.0280229896666667,1.032e-05,0.000585866,0.013662375
Seattle,0.0,5.76936666666667e-05,1.90686666666667e-05,0.00163363633333333,0.000756697,0.0,2.89703333333333e-05,0.00534852,0.000714805333333333,0.00358181,0.00604155966666667,0.000379171333333333
Sunnyvale,0.0,0.001458522,0.000620644333333333,0.000842173666666667,0.006776298,0.0,0.000602742666666667,0.00416765033333333,0.002645282,0.000661110333333333,0.000778297666666667,0.00201962833333333
Washington DC,0.0,0.0172653373333333,0.0130770636666667,3.33333333333333e-06,0.0299004853333333,0.010604688,0.00549732766666667,0.000120639666666667,0.0256177256666667,3.60223333333333e-05,0.00112449733333333,0.029465325
