src/dst,Atlanta_1,Atlanta_2,Chicago,Denver,Houston,Indianapolis,Kansas City,Los Angeles,New York,Seattle,Sunnyvale,Washington DC
Atlanta_1,3.33333333333333e-06,7.0075e-05,3.33333333333333e-06,0.0,3.33333333333333e-06,9.13106666666667e-05,0.0,0.0,0.0,0.0,0.0,0.000943949666666667
Atlanta_2,0.0,0.00748104533333333,2.222e-05,0.0,3.96343333333333e-05,0.00470941666666667,0.0,0.0,2.42786666666667e-05,0.0,3.33333333333333e-06,0.0234140163333333
Chicago,0.0,0.00378370333333333,0.0161546426666667,0.0,0.000123690333333333,0.009898584,0.00343204733333333,3.33333333333333e-06,0.008199544,0.0,1.12286666666667e-05,0.0295073233333333
Denver,0.0,0.00134626933333333,0.009335668,0.002638463,0.007408454,0.00603585033333333,0.00287641,0.0,0.00269720266666667,0.003222559,5.09366666666667e-05,0.00921393633333333
Houston,0.0,0.00657121933333333,0.000414689,3.33333333333333e-06,0.0200952693333333,6.66666666666667e-06,0.0,3.33333333333333e-06,1.81593333333333e-05,3.33333333333333e-06,0.0,0.0188907616666667
Indianapolis,0.0,0.004194017,0.0171095963333333,0.001688836,6.3681e-05,0.006304133,0.00309496466666667,7.752e-06,0.011937364,4.24993333333333e-05,0.0,0.0209564316666667
Kansas City,0.0,0.000662636,0.00428621333333333,0.001531763,0.00208936633333333,0.00292885566666667,0.002311718,0.0,0.00195761766666667,3.33333333333333e-06,0.0,0.002627297
Los Angeles,0.0,0.00540824066666667,0.001269116,0.00211767066666667,0.0211156726666667,3.5138e-05,3.22856666666667e-05,0.00244667733333333,0.012995219,0.00269584233333333,0.00513536466666667,0.014487527
New York,0.0,1.81766666666667e-05,9.74883333333333e-05,0.0,0.000230775666666667,1.66986666666667e-05,3.33333333333333e-06,1.80346666666667e-05,0.03120383,8.17133333333333e-06,3.33333333333333e-06,0.0913852066666667
Seattle,0.0,0.000136560333333333,1e-05,0.001247706,0.00140297766666667,0.0,5.98413333333333e-05,0.001097341,0.000978454333333333,0.00646300733333333,0.006656927,0.000157707
Sunnyvale,0.0,0.00152671133333333,0.000326426,0.000953604333333333,0.008546321,3.33333333333333e-06,0.000629230666666667,0.003256287,0.00167362166666667,0.00156096833333333,0.000919907666666667,0.002593876
Washington DC,0.0,0.000547357666666667,0.000238576,0.0,0.000423234333333333,1e-05,0.0,7.341e-06,0.000200917666666667,3.33333333333333e-06,7.963e-06,0.136058
