src/dst,Atlanta_1,Atlanta_2,Chicago,Denver,Houston,Indianapolis,Kansas City,Los Angeles,New York,Seattle,Sunnyvale,Washington DC
Atlanta_1,9.3431e-05,2.76153333333333e-05,0.000172452,0.0,0.000394323666666667,0.000178044666666667,0.0,0.0,0.000103435333333333,0.0,3.46133333333333e-06,7.72546666666667e-05
Atlanta_2,0.0,0.004645445,0.00243400833333333,0.0,0.000828765666666667,0.00364593966666667,3.33333333333333e-06,0.0,0.011273875,0.0,3.784e-06,0.004964978
Chicago,0.0,0.00459852166666667,0.005655652,0.0,0.001847909,0.00670133033333333,6.66666666666667e-06,3.33333333333333e-06,0.026595229,3.33333333333333e-06,2.52636666666667e-05,0.005979531
Denver,0.0,0.001085346,0.006415676,0.00161928933333333,0.00415537133333333,0.003738634,0.00216983066666667,0.0,0.005341538,0.00108573733333333,0.00035122,0.005423722
Houston,0.0,0.00458499066666667,0.000193581666666667,8.76533333333333e-06,0.0146077336666667,6.66666666666667e-06,3.33333333333333e-06,0.0,0.000862516,6.66666666666667e-06,0.0,0.014493451
Indianapolis,0.0,0.00252880766666667,0.010962325,0.0,0.00119384866666667,0.00280934266666667,0.003515268,1.09523333333333e-05,0.0268571133333333,1e-05,7.11e-06,0.005869146
Kansas City,0.0,0.000813083666666667,0.002482168,0.000866421333333333,0.00257699566666667,0.00320139266666667,0.000822562333333333,0.0,0.00276473233333333,3.33333333333333e-06,0.0,0.00127868166666667
Los Angeles,0.0,0.00360722166666667,0.000518635333333333,0.00218059066666667,0.0153189943333333,0.000377455666666667,3.35773333333333e-05,0.00170745266666667,0.012572327,0.000980066333333333,0.00199091833333333,0.0122406003333333
New York,0.0,0.00523199466666667,0.000305969,0.0,0.00228721333333333,3.16686666666667e-05,0.000132426,7.4084e-05,0.07165466,2.59066666666667e-05,3.33333333333333e-06,0.0167241843333333
Seattle,0.0,9.11513333333333e-05,9.13066666666667e-06,0.001708309,0.000704353333333333,0.0,5.3748e-05,0.004243374,0.00201481433333333,0.001657621,0.00508916666666667,0.000122151
Sunnyvale,0.0,0.00133203866666667,9.43406666666667e-05,0.00110705666666667,0.00383271,3.54633333333333e-05,0.000598367333333333,0.00230967666666667,0.00615020266666667,0.000485271666666667,0.00044193,0.004070981
Washington DC,0.0,0.0181853486666667,0.000451025,0.0,0.010535408,1.60446666666667e-05,3.65706666666667e-05,0.0,0.0652241333333333,2.72643333333333e-05,3.47226666666667e-05,0.0326637656666667
