src/dst,Atlanta_1,Atlanta_2,Chicago,Denver,Houston,Indianapolis,Kansas City,Los Angeles,New York,Seattle,Sunnyvale,Washington DC
Atlanta_1,0.0,8.44033333333333e-06,0.000299939333333333,0.0,0.000182558,0.000223124333333333,8.44433333333333e-05,0.0,6.54256666666667e-05,0.0,6.66666666666667e-06,0.000189124333333333
Atlanta_2,0.0,0.00357527666666667,0.00362788233333333,1e-05,0.00591495166666667,0.00315111066666667,0.00205612766666667,3.33333333333333e-06,0.002057959,3.33333333333333e-06,6.25733333333333e-05,0.00422377933333333
Chicago,0.0,0.003703686,0.009217081,0.00346459766666667,0.0183288163333333,0.007670096,0.00260126966666667,1.14356666666667e-05,0.006267175,3.33333333333333e-06,0.000380277333333333,0.00459861233333333
Denver,0.0,0.001124454,0.006188291,0.001053,0.004319797,0.00436562566666667,0.001159653,0.000237133333333333,0.003746782,0.000544176333333333,2.38906666666667e-05,0.004706943
Houston,0.0,0.00339090966666667,9.25666666666667e-05,0.0,0.016258804,0.0,0.0,1.41656666666667e-05,0.00162035466666667,0.0,2.53076666666667e-05,0.0142710566666667
Indianapolis,0.0,0.002440802,0.0171353133333333,0.002475232,0.0136212166666667,0.00483307733333333,0.00321957333333333,1.5674e-05,0.0106042483333333,0.0,0.000113579333333333,0.005240049
Kansas City,0.0,0.000679217666666667,0.00324205733333333,0.00146647,0.00317599666666667,0.00222655133333333,0.000776742666666667,3.33333333333333e-06,0.001803702,0.0,4.72373333333333e-05,0.001974612
Los Angeles,0.0,0.00246301466666667,0.001311832,0.00277434133333333,0.0215723523333333,2.06326666666667e-05,1.1195e-05,0.00231395666666667,0.014192965,0.00219656033333333,0.00348774733333333,0.013492502
New York,0.0,0.00472797366666667,0.0100569826666667,0.00505861333333333,0.0215207816666667,0.008593997,0.00358453233333333,0.000108936333333333,0.025230453,0.0,0.000971833666666667,0.0132416113333333
Seattle,0.0,6.6001e-05,1.66666666666667e-05,0.000174773666666667,0.00113381933333333,7.52933333333333e-06,6.39316666666667e-05,0.00467278733333333,0.000499400666666667,0.002846828,0.00556240033333333,7.07356666666667e-05
Sunnyvale,0.0,0.001492867,0.000312076,0.000742325333333333,0.005638605,6.66666666666667e-06,0.000851375333333333,0.003415176,0.00140832766666667,0.000353591333333333,0.000196216666666667,0.001303303
Washington DC,0.0,0.0123124726666667,0.00947011366666667,0.000164769333333333,0.0293601473333333,0.006869242,0.001726966,1e-05,0.023007232,3.33333333333333e-06,0.000435848,0.0212081033333333
