src/dst,Atlanta_1,Atlanta_2,Chicago,Denver,Houston,Indianapolis,Kansas City,Los Angeles,New York,Seattle,Sunnyvale,Washington DC
Atlanta_1,0.0,6.62443333333333e-05,0.000130814,0.0,0.000176897,0.00023206,3.33333333333333e-06,0.0,0.000271534333333333,0.0,1.6856e-05,0.000263080333333333
Atlanta_2,0.0,0.00364965933333333,0.003515895,6.911e-06,0.00452209333333333,0.00361472333333333,0.000562647,0.0,0.001994617,0.0,5.7411e-05,0.00674255333333333
Chicago,0.0,0.00325936066666667,0.0120528006666667,0.001895331,0.0154152716666667,0.005549426,0.002943376,5.7108e-05,0.00721612466666667,0.0,0.000137895333333333,0.004623686
Denver,0.0,0.00113060366666667,0.00816882033333333,0.000667470333333333,0.00496905333333333,0.00395730266666667,0.002333207,0.0,0.00238882766666667,0.00152756533333333,2.97066666666667e-05,0.00547088033333333
Houston,0.0,0.003369793,0.000185359333333333,6.66666666666667e-06,0.0174907603333333,0.0,0.0,0.0,0.000773029333333333,3.33333333333333e-06,1e-05,0.0139587106666667
Indianapolis,0.0,0.00308038366666667,0.020284019,0.00219860533333333,0.0121371816666667,0.00294086466666667,0.00280310433333333,3.33333333333333e-06,0.0109835333333333,0.000609278,7.78366666666667e-05,0.00520697533333333
Kansas City,0.0,0.000553888333333333,0.00437407133333333,0.00130646466666667,0.00447870433333333,0.00177024533333333,0.000623571,3.33333333333333e-06,0.001974113,7.719e-06,0.000117382666666667,0.00186861166666667
Los Angeles,0.0,0.00257562966666667,0.00154210433333333,0.00176735433333333,0.020699539,9.63733333333333e-05,2.2917e-05,0.001710051,0.0115116573333333,0.00142436233333333,0.00348627133333333,0.0130369306666667
New York,0.0,0.005992677,0.0132336506666667,0.004732407,0.0211956573333333,0.00548033466666667,0.001858736,0.000117733,0.0325208216666667,3.33333333333333e-06,0.000860928666666667,0.0138689996666667
Seattle,0.0,0.000120837666666667,2.386e-05,0.00103621766666667,0.000712029333333333,3.33333333333333e-06,4.2496e-05,0.00455865166666667,0.000620159666666667,0.001756699,0.00647865333333333,0.000190827
Sunnyvale,0.0,0.001927589,0.003279327,0.0005587,0.00648470266666667,7.46166666666667e-06,0.000485832666666667,0.00333101466666667,0.00253034366666667,0.000503585666666667,0.000402698,0.003804923
Washington DC,0.0,0.0160034396666667,0.0148614046666667,0.000425639,0.03820575,0.006418229,0.00383825133333333,7.048e-06,0.0203852523333333,6.66666666666667e-06,0.00112310766666667,0.0449286133333333
