src/dst,Atlanta_1,Atlanta_2,Chicago,Denver,Houston,Indianapolis,Kansas City,Los Angeles,New York,Seattle,Sunnyvale,Washington DC
Atlanta_1,0.0,1.9119e-05,0.000146592,0.0,0.000112265666666667,4.8108e-05,6.62666666666667e-06,0.0,6.66666666666667e-06,0.0,0.0,0.000104769333333333
Atlanta_2,0.0,0.002852923,0.003648404,0.0,0.004382786,0.00391175433333333,0.000271929,0.0,0.001776224,1.05933333333333e-05,0.000152907333333333,0.00815124666666667
Chicago,0.0,0.00239332866666667,0.0230687173333333,0.00189656666666667,0.017399493,0.00684515866666667,0.00322473933333333,3.3191e-05,0.004375221,3.33333333333333e-06,0.000138486666666667,0.004702482
Denver,0.0,0.000242652333333333,0.00796159133333333,0.00288959633333333,0.00438224,0.00333494266666667,0.00171584033333333,0.0,0.00197945266666667,0.00113380666666667,1.85156666666667e-05,0.00278490266666667
Houston,0.0,0.00285603166666667,0.000212271333333333,0.0,0.0110351733333333,9.35133333333333e-06,0.0,3.33333333333333e-06,0.000815907333333333,0.0,6.66666666666667e-06,0.0108458673333333
Indianapolis,0.0,0.001362591,0.0180305723333333,0.000977597333333333,0.013636266,0.00536501533333333,0.000910543666666667,0.0,0.00734831066666667,7.90866666666667e-05,0.000329627666666667,0.00284668366666667
Kansas City,0.0,0.000618308,0.00460777266666667,0.00190382533333333,0.002109922,0.00159083266666667,0.000832247666666667,1.64746666666667e-05,0.000934433666666667,0.0,1.2611e-05,0.001451687
Los Angeles,0.0,0.00195913466666667,0.002041058,0.00147096,0.0288778173333333,1e-05,1.6385e-05,0.00218899666666667,0.00911578066666667,0.0012261,0.004762412,0.009773683
New York,0.0,0.00298709366666667,0.0138185236666667,0.00426354433333333,0.0230845,0.00664751966666667,0.00215339533333333,2.29903333333333e-05,0.0309058496666667,0.0,0.000555960666666667,0.010368681
Seattle,0.0,2.51173333333333e-05,8.935e-06,0.000156803666666667,0.000536654,0.0,4.75633333333333e-06,0.00443926566666667,0.000455730666666667,0.000736668666666667,0.00313425633333333,0.000202335666666667
Sunnyvale,0.0,0.000904264666666667,0.000231099666666667,0.000242115666666667,0.00418548466666667,3.33333333333333e-06,0.000518063666666667,0.00304050966666667,0.001731168,0.000331143333333333,0.000641541666666667,0.002373153
Washington DC,0.0,0.00650103466666667,0.0134256536666667,0.0,0.026003424,0.00685924,0.004147076,1.88973333333333e-05,0.013661482,0.0,0.000443631,0.04270678
