src/dst,Atlanta_1,Atlanta_2,Chicago,Denver,Houston,Indianapolis,Kansas City,Los Angeles,New York,Seattle,Sunnyvale,Washington DC
Atlanta_1,4.45523333333333e-05,5.89733333333333e-06,3.13056666666667e-05,0.0,3.53263333333333e-05,0.0,0.0,0.0,9.7939e-05,0.0,0.0,0.000206491333333333
Atlanta_2,0.0,0.00283608833333333,0.00122081533333333,1e-05,0.00418722766666667,0.00179565233333333,0.000608780333333333,6.66666666666667e-06,0.000504914,4.16666666666667e-06,0.000181539333333333,0.004037824
Chicago,0.0,0.00246674433333333,0.009491653,0.00239096733333333,0.0114274916666667,0.006549736,0.00113666166666667,0.434059066666667,0.002206386,0.0,0.000180686,0.00213318466666667
Denver,0.0,0.000287728333333333,0.00435111233333333,0.000428699,0.003698041,0.00239769533333333,0.00117332866666667,0.0,0.00148564066666667,0.000480533333333333,1.83453333333333e-05,0.003308023
Houston,0.0,0.00185995033333333,7.15686666666667e-05,0.0,0.0116680976666667,0.0,0.0,0.0,0.000287244666666667,3.33333333333333e-06,1.43726666666667e-05,0.0107281993333333
Indianapolis,0.0,0.000938254,0.00762797833333333,0.000643269,0.00560339,0.00170124233333333,0.00209383166666667,6.2468e-05,0.00418115033333333,1.38763333333333e-05,0.000971776,0.002741625
Kansas City,0.0,0.00022572,0.00255666766666667,0.000838570666666667,0.00131571366666667,0.00431068266666667,0.000449736666666667,0.0,0.000585642,0.0,1.73466666666667e-05,0.00114287
Los Angeles,0.0,0.001596057,0.001517415,0.000321735,0.0103455013333333,6.2636e-05,2.2249e-05,0.00163260133333333,0.00502101433333333,0.000327572666666667,0.002269677,0.010143236
New York,0.0,0.002252356,0.00646000066666667,0.00404331466666667,0.0114570343333333,0.00342663966666667,0.00150479733333333,3.06293333333333e-05,0.0115158566666667,3.33333333333333e-06,0.000715704,0.006120248
Seattle,0.0,1.1094e-05,3.33333333333333e-06,7.4003e-05,0.000302221333333333,3.33333333333333e-06,6.91676666666667e-05,0.00400885,0.000428962666666667,0.000989418666666667,0.00566524066666667,2.3605e-05
Sunnyvale,0.0,0.000725629,0.000215315666666667,0.000355146333333333,0.00324977333333333,7.71673333333333e-05,0.000463275333333333,0.00192044,0.00106070666666667,0.000280575666666667,7.8301e-05,0.00151006266666667
Washington DC,0.0,0.0104398153333333,0.006299232,0.000676878333333333,0.0224239456666667,0.00446707766666667,0.002281552,1.40396666666667e-05,0.0117967183333333,2.1857e-05,0.00119926733333333,0.0368424
