src/dst,Atlanta_1,Atlanta_2,Chicago,Denver,Houston,Indianapolis,Kansas City,Los Angeles,New York,Seattle,Sunnyvale,Washington DC
Atlanta_1,6.31063333333333e-05,2.28023333333333e-05,6.28643333333333e-05,0.0,0.000112936666666667,4.47193333333333e-05,6.669e-05,0.0,1.65103333333333e-05,0.0,0.0,0.000242844333333333
Atlanta_2,0.0,0.004255786,0.00187357866666667,6.66666666666667e-06,0.00504720533333333,0.002841783,0.000838609333333333,3.33333333333333e-06,0.000989272,0.0,0.000367049333333333,0.00551255233333333
Chicago,0.0,0.00381297133333333,0.013606473,0.00282835033333333,0.0162012503333333,0.00987648833333333,0.001739044,6.66666666666667e-06,0.00697473333333333,0.0,0.000102109,0.00473094233333333
Denver,0.0,0.00103110433333333,0.00671822,0.000541405666666667,0.003941217,0.003899754,0.000865719,5.68333333333333e-06,0.001813062,0.001131845,0.000282415,0.005711607
Houston,0.0,0.00522521,0.000286111,0.0,0.017203208,1.49026666666667e-05,0.0,3.33333333333333e-06,0.000844965666666667,6.66666666666667e-06,6.66666666666667e-06,0.0128301523333333
Indianapolis,0.0,0.003026107,0.0161220136666667,0.00119105166666667,0.00845698533333333,0.00300901666666667,0.000939846,0.000126067,0.00784498666666667,2.32883333333333e-05,0.000290122,0.00520541633333333
Kansas City,0.0,0.000662579333333333,0.00437011166666667,0.000807132,0.001821977,0.001801218,0.000944793333333333,3.33333333333333e-06,0.00144046833333333,0.0,1e-05,0.00199607033333333
Los Angeles,0.0,0.00317354,0.001130011,0.00465052366666667,0.0214961226666667,2.78936666666667e-05,1.65533333333333e-05,0.001953612,0.010178431,0.000820734333333333,0.002489947,0.011855893
New York,0.0,0.00337740666666667,0.006168539,0.00483947166666667,0.015273589,0.00874515033333333,0.002309033,3.29856666666667e-05,0.024424952,3.33333333333333e-06,0.000332522,0.016999017
Seattle,0.0,5.40756666666667e-05,3.09133333333333e-05,0.000887239666666667,0.000437838666666667,0.0,0.000174612333333333,0.00582467333333333,0.000429433666666667,0.001733154,0.00580507133333333,5.37023333333333e-05
Sunnyvale,0.0,0.00120868666666667,0.000150681333333333,0.000750547333333333,0.00366314966666667,0.0,0.000660631666666667,0.003263172,0.00100246566666667,0.00051981,0.000226507,0.001257822
Washington DC,0.0,0.0152985806666667,0.008394507,0.000648484333333333,0.0295709176666667,0.00845635233333333,0.001935896,1.353e-05,0.023057886,3.33333333333333e-06,0.00185200366666667,0.027904137
