src/dst,Atlanta_1,Atlanta_2,Chicago,Denver,Houston,Indianapolis,Kansas City,Los Angeles,New York,Seattle,Sunnyvale,Washington DC
Atlanta_1,0.0,1.83466666666667e-05,7.49733333333333e-05,0.0,3.25126666666667e-05,1.33333333333333e-05,2.26513333333333e-05,0.0,1.19176666666667e-05,0.0,0.0,3.04136666666667e-05
Atlanta_2,0.0,0.00415188833333333,0.001987682,1.163e-05,0.00415482966666667,0.00278035,0.000645723,0.0,0.00106140033333333,3.33333333333333e-06,0.000138219333333333,0.00381713
Chicago,0.0,0.00347463533333333,0.013228057,0.00273843633333333,0.01498114,0.00753243133333333,0.00226696233333333,0.0,0.00348646866666667,0.0,0.000134107333333333,0.00423715733333333
Denver,0.0,0.00109330533333333,0.00811306266666667,0.00141471166666667,0.00447078866666667,0.00469773866666667,0.00125079566666667,6.66666666666667e-06,0.00165908433333333,0.000919886666666667,0.000319872,0.004441393
Houston,0.0,0.004413127,0.000154015333333333,0.0,0.018918327,3.33333333333333e-06,3.33333333333333e-06,6.66666666666667e-06,0.000461213666666667,0.0,1.4073e-05,0.0124778873333333
Indianapolis,0.0,0.00142336633333333,0.0108382373333333,0.00159801333333333,0.0106056893333333,0.00481595566666667,0.001815545,3.33333333333333e-06,0.00415934733333333,6.66666666666667e-06,0.000584558333333333,0.00405122733333333
Kansas City,0.0,0.000729678666666667,0.00303158966666667,0.000748958333333333,0.002463419,0.00242409066666667,0.00130059133333333,3.49543333333333e-05,0.000752087,0.0,3.30646666666667e-05,0.001381487
Los Angeles,0.0,0.00290709066666667,0.000960178,0.00190330133333333,0.017288553,2.46053333333333e-05,2.7254e-05,0.002195168,0.00813941966666667,0.001017248,0.003199356,0.0112978743333333
New York,0.0,0.00419815133333333,0.00663367366666667,0.00426539666666667,0.0151862503333333,0.00708515633333333,0.00207721566666667,2.66666666666667e-05,0.021406258,6.66666666666667e-06,0.000451381333333333,0.010881595
Seattle,0.0,9.13683333333333e-05,0.000901518666666667,0.000194124333333333,0.000520847,0.0,7.89656666666667e-05,0.00551815733333333,0.000146686333333333,0.00131058333333333,0.00550838066666667,3.3135e-05
Sunnyvale,0.0,0.001058233,8.50173333333333e-05,0.000586787333333333,0.004076432,1.1428e-05,0.000476254333333333,0.00269588066666667,0.000837318666666667,0.000624686,0.000533870666666667,0.00134055566666667
Washington DC,0.0,0.00811363633333333,0.0102121906666667,0.00159223633333333,0.026469707,0.00530648333333333,0.003245453,1.31986666666667e-05,0.0158153126666667,0.0,0.00096448,0.028355259
