src/dst,Atlanta_1,Atlanta_2,Chicago,Denver,Houston,Indianapolis,Kansas City,Los Angeles,New York,Seattle,Sunnyvale,Washington DC
Atlanta_1,3.33333333333333e-06,1.072e-05,4.8748e-05,0.0,7.04153333333333e-05,1.66666666666667e-05,7.29233333333333e-06,0.0,1.81206666666667e-05,0.0,0.0,0.000288529
Atlanta_2,0.0,0.00414420933333333,0.00181677466666667,3.33333333333333e-06,0.00435365533333333,0.00213815,0.000425569,0.0,0.000799199333333333,4.20666666666667e-06,6.66666666666667e-06,0.005698176
Chicago,0.0,0.002197362,0.012868693,0.00252088333333333,0.011148054,0.004001398,0.00141643333333333,3.4323e-05,0.003068856,0.0,0.000128741666666667,0.00391270666666667
Denver,0.0,0.00117246966666667,0.00687819733333333,0.00165397433333333,0.00459977733333333,0.00445605733333333,0.002423487,0.000268336,0.002366597,0.000989197666666667,3.33333333333333e-06,0.00467311266666667
Houston,0.0,0.00254875366666667,0.000269819333333333,0.0,0.010660798,3.33333333333333e-06,0.0,0.0,0.000481527,0.0,2.72776666666667e-05,0.0110913363333333
Indianapolis,0.0,0.00354336733333333,0.0131357666666667,0.00106475433333333,0.010048003,0.00266768133333333,0.00340037933333333,0.0,0.005746204,6.66666666666667e-06,3.93366666666667e-05,0.00469267666666667
Kansas City,0.0,0.000383330333333333,0.003319062,0.001198975,0.00180792766666667,0.001607161,0.00104741666666667,4.02e-06,0.000833900333333333,0.0,8.76533333333333e-06,0.001226231
Los Angeles,0.0,0.00209509566666667,0.001277731,0.000803581333333333,0.015351671,2.2102e-05,3.05976666666667e-05,0.00207149566666667,0.00699770333333333,0.00247250633333333,0.00360325833333333,0.0105250596666667
New York,0.0,0.00270018133333333,0.00837712133333333,0.00451742,0.016265625,0.00436079333333333,0.00183319833333333,3.1868e-05,0.01701841,3.33333333333333e-06,0.000483639,0.009875548
Seattle,0.0,6.2893e-05,3.33333333333333e-06,0.00124966066666667,0.000309353666666667,0.0,2.7869e-05,0.00360301766666667,0.000583346333333333,0.00127394,0.00622441266666667,2.01663333333333e-05
Sunnyvale,0.0,0.000913043333333333,0.000544723,0.000329288,0.00397061633333333,0.0,0.000454137666666667,0.00262775,0.001222401,0.000515544333333333,0.000739749666666667,0.000801865333333333
Washington DC,0.0,0.0142746406666667,0.009864254,6.66666666666667e-06,0.0310648313333333,0.00490013233333333,0.00115399333333333,1.34446666666667e-05,0.015615906,3.33333333333333e-06,0.000639236666666667,0.0296250736666667
