src/dst,Atlanta_1,Atlanta_2,Chicago,Denver,Houston,Indianapolis,Kansas City,Los Angeles,New York,Seattle,Sunnyvale,Washington DC
Atlanta_1,1.33013333333333e-05,3.31873333333333e-05,0.000132212666666667,0.0,0.000222602666666667,6.66666666666667e-06,3.732e-06,0.0,1.7155e-05,0.0,0.0,0.000275519
Atlanta_2,0.0,0.00297812833333333,0.003856949,0.0,0.005633502,0.00388283766666667,0.000653474666666667,0.0,0.00179559266666667,5.022e-06,1.47663333333333e-05,0.008695834
Chicago,0.0,0.00247476,0.0213896013333333,0.00244652,0.0174055076666667,0.007573231,0.00328441133333333,2.0485e-05,0.00469007433333333,3.33333333333333e-06,0.000105732,0.00527023966666667
Denver,0.0,0.000423464333333333,0.008109533,0.00127464033333333,0.00445252166666667,0.00320931533333333,0.00129332833333333,0.0,0.001389727,0.000999639333333333,1.314e-05,0.00322244533333333
Houston,0.0,0.002974942,0.000188447,0.0,0.0147938783333333,3.33333333333333e-06,0.0,0.0,0.000834777,0.0,1.66336666666667e-05,0.011370303
Indianapolis,0.0,0.00154297433333333,0.0208656876666667,0.001115908,0.014546674,0.00542155433333333,0.000887030333333333,3.33333333333333e-06,0.00876990633333333,0.000106956,7.7263e-05,0.003964721
Kansas City,0.0,0.000682752333333333,0.00548715933333333,0.000740465666666667,0.002448188,0.001460347,0.000804818333333333,1.3376e-05,0.000984568,0.0,1.66396666666667e-05,0.00188237433333333
Los Angeles,0.0,0.004339708,0.001458621,0.00205602566666667,0.0293243166666667,1.1756e-05,6.66666666666667e-06,0.00198028766666667,0.009568609,0.00178298966666667,0.00452192533333333,0.010340632
New York,0.0,0.00390183966666667,0.013367088,0.00377206066666667,0.0206528706666667,0.00857256566666667,0.002769428,2.5866e-05,0.0280571946666667,1.49453333333333e-05,0.000694813,0.0128806463333333
Seattle,0.0,4.62903333333333e-05,3.33333333333333e-06,0.000843991,0.000706143333333333,3.33333333333333e-06,3.28583333333333e-05,0.00535658333333333,0.000453382333333333,0.00104182466666667,0.003344434,0.000171650333333333
Sunnyvale,0.0,0.000733431,0.000457796333333333,0.000276644666666667,0.004214328,3.33333333333333e-06,0.000540073333333333,0.00460339766666667,0.00126900366666667,0.000246699333333333,0.000542006333333333,0.00195600066666667
Washington DC,0.0,0.010021112,0.0149371113333333,0.0,0.02663068,0.007196687,0.00417832,9.01366666666667e-06,0.0180119613333333,9.17366666666667e-06,0.000447414666666667,0.05153649
