src/dst,Atlanta_1,Atlanta_2,Chicago,Denver,Houston,Indianapolis,Kansas City,Los Angeles,New York,Seattle,Sunnyvale,Washington DC
Atlanta_1,0.0,0.0,0.0,3.67333333333333e-06,0.0,0.0,0.0,0.0,0.0,0.0,3.33333333333333e-06,0.0
Atlanta_2,0.0,0.000633046,0.001720971,0.000363424333333333,0.000114922666666667,0.000864018333333333,0.00034927,0.00108940916666667,0.00214882866666667,8.04275e-05,0.000382875666666667,0.00417752533333333
Chicago,0.0,0.000803089,0.00721051433333333,0.00120969366666667,0.000846826666666667,0.00100274266666667,0.000529513333333333,0.00200899433333333,0.00127814233333333,0.000263316666666667,0.000438269333333333,0.000710925
Denver,0.0,0.000874452,0.00649756433333333,0.002933609,0.00170825633333333,0.002916304,0.002493246,0.000652761,0.001552543,0.00123389666666667,0.00126073,0.005712097
Houston,0.0,0.000422017333333333,0.00317568033333333,0.000187604,0.000471478666666667,0.000298808,0.000204147666666667,0.001083312,0.000313639,0.000293754666666667,0.000158856,0.000346427333333333
Indianapolis,0.0,0.000777144333333333,0.007538668,0.00338646633333333,0.000434779666666667,0.002485755,0.00287920666666667,0.00850226866666667,0.00128143466666667,0.000108068333333333,0.00272595833333333,0.003167775
Kansas City,0.0,0.000613337333333333,0.00257452633333333,0.001168231,0.000491792333333333,0.00110839266666667,0.00107681666666667,0.000517975,0.000407067,0.000156490333333333,0.000669196333333333,0.000994755
Los Angeles,0.0,0.00108923466666667,0.00785529233333333,0.001317564,0.000866102,0.00107180766666667,0.000730462333333333,0.00223478633333333,0.005319322,0.000910348333333333,0.001575072,0.004143952
New York,0.0,0.00269933333333333,0.005321107,0.00314104333333333,0.001525639,0.00363920033333333,0.00234243833333333,0.00675577,0.0122024686666667,0.000483794,0.00212775366666667,0.00719461266666667
Seattle,0.0,1.1631e-05,0.000307509333333333,0.000557092666666667,5.13223333333333e-05,6.8718e-05,6.24983333333333e-05,0.00509427866666667,8.8688e-05,0.001768989,0.00687518666666667,4.622e-05
Sunnyvale,0.0,0.000724831,0.007125859,0.000460262,0.000419801,0.00131286733333333,0.000508192,0.003235208,0.00241090733333333,0.001248206,0.000631798666666667,0.000848215666666667
Washington DC,0.0,0.0118209896666667,0.00935167166666667,0.00602072066666667,0.00298455633333333,0.00441699533333333,0.00233074133333333,0.00833774366666667,0.020077142,0.000162292666666667,0.00310271266666667,0.025893487
