src/dst,Atlanta_1,Atlanta_2,Chicago,Denver,Houston,Indianapolis,Kansas City,Los Angeles,New York,Seattle,Sunnyvale,Washington DC
Atlanta_1,3.33333333333333e-06,1e-05,9.54086666666667e-05,0.0,4.81323333333333e-05,2.63656666666667e-05,1.39053333333333e-05,0.0,4.2057e-05,0.0,0.0,0.000209983333333333
Atlanta_2,0.0,0.00534282666666667,0.001835441,0.0,0.00582522966666667,0.00318146533333333,0.000607612666666667,3.33333333333333e-06,0.001283309,0.0,0.000246665,0.00839069066666667
Chicago,0.0,0.00567535066666667,0.0215755926666667,0.00332073733333333,0.0201760243333333,0.006566632,0.002014545,7.07066666666667e-06,0.00583791566666667,0.0,0.000161868333333333,0.00481029866666667
Denver,0.0,0.000916207333333333,0.008332346,0.00187582766666667,0.00444150433333333,0.00365188266666667,0.001506394,2.73073333333333e-05,0.00195624033333333,0.001101063,4.88336666666667e-05,0.00413784733333333
Houston,0.0,0.00349890866666667,0.000300861,7.38933333333333e-06,0.01822616,0.0,3.33333333333333e-06,0.0,0.000842119,0.0,1.73106666666667e-05,0.0143703833333333
Indianapolis,0.0,0.004099938,0.0225737216666667,0.001167603,0.0100076346666667,0.00310095566666667,0.00100874,2.22933333333333e-05,0.008248012,0.0,0.000179712,0.00556361533333333
Kansas City,0.0,0.001403611,0.00472603266666667,0.00122068633333333,0.00241783533333333,0.002484344,0.00103003566666667,0.0,0.001476759,0.0,2.1434e-05,0.00223460733333333
Los Angeles,0.0,0.002280208,0.00196866933333333,0.00182281333333333,0.0246888883333333,9.77733333333333e-06,1.33333333333333e-05,0.00453409266666667,0.00989200333333333,0.000742453333333333,0.00368837066666667,0.011996875
New York,0.0,0.00763000833333333,0.0129497693333333,0.005808833,0.0244788963333333,0.00615247733333333,0.00205688,2.66863333333333e-05,0.0340520233333333,3.33333333333333e-06,0.00113245266666667,0.0136227453333333
Seattle,0.0,7.86456666666667e-05,1.87476666666667e-05,0.00104062566666667,0.000834668333333333,0.0,4.15763333333333e-05,0.00533860866666667,0.000233823333333333,0.00146549833333333,0.006344439,4.49236666666667e-05
Sunnyvale,0.0,0.000867398,0.000635044333333333,0.000552289333333333,0.00574638533333333,9.58766666666667e-06,0.000296668,0.00310355333333333,0.00157346333333333,0.00244078866666667,0.000542627,0.001102017
Washington DC,0.0,0.0127700583333333,0.0163721453333333,0.000992676,0.028229085,0.00471811233333333,0.00497517466666667,2.46126666666667e-05,0.019876832,6.66666666666667e-06,0.000926768,0.0459894466666667
