src/dst,Atlanta_1,Atlanta_2,Chicago,Denver,Houston,Indianapolis,Kansas City,Los Angeles,New York,Seattle,Sunnyvale,Washington DC
Atlanta_1,0.0,1.24453333333333e-05,0.000289844333333333,3.33333333333333e-06,6.2473e-05,1.66666666666667e-05,0.0,0.0,0.000251434666666667,0.0,0.0,0.000100617
Atlanta_2,0.0,0.002579812,0.00217534266666667,7.40933333333333e-06,0.00378657266666667,0.00236227533333333,0.000208031666666667,0.0,0.00175823533333333,7.08866666666667e-06,2.7847e-05,0.00584457966666667
Chicago,0.0,0.00436159533333333,0.013129396,0.003366111,0.0107934446666667,0.007942039,0.00250345366666667,1.08886666666667e-05,0.00508378633333333,3.33333333333333e-06,7.4481e-05,0.00577627166666667
Denver,0.0,0.001973346,0.006426106,0.00113153966666667,0.00442815,0.004299182,0.00189252533333333,0.0,0.00177661866666667,0.000841717,0.000178696333333333,0.004676019
Houston,0.0,0.00264181666666667,8.57493333333333e-05,1e-05,0.0141833293333333,1.32786666666667e-05,3.33333333333333e-06,0.0,0.001371156,0.0,2e-05,0.013034205
Indianapolis,0.0,0.00184088,0.0115688683333333,0.000776308,0.00514638766666667,0.00202029033333333,0.00260116933333333,1.11666666666667e-05,0.00893966533333333,1.53173333333333e-05,0.000306284,0.00615735033333333
Kansas City,0.0,0.000868203666666667,0.00368241866666667,0.000839724,0.00125702033333333,0.000940899666666667,0.00103085433333333,0.0,0.000629552,0.0,3.75133333333333e-06,0.00249809633333333
Los Angeles,0.0,0.001757177,0.00189306566666667,0.001053449,0.017726369,0.000269892,0.000172428333333333,0.002232771,0.00780843266666667,0.000453563333333333,0.00226761133333333,0.012345391
New York,0.0,0.004343711,0.00902863533333333,0.00495702366666667,0.0136818833333333,0.00799117,0.002010667,5.9079e-05,0.019005809,0.0,0.000780800333333333,0.0130400596666667
Seattle,0.0,5.81606666666667e-05,1e-05,0.000264730333333333,0.000611579,6.66666666666667e-06,5.93833333333333e-06,0.004518609,0.000578696,0.000990011333333333,0.006171629,6.22423333333333e-05
Sunnyvale,0.0,0.001156833,0.000244974,0.00053234,0.00611918066666667,9.77816666666667e-05,0.000522309333333333,0.002004365,0.00194710633333333,0.000275333666666667,0.000507032,0.001554566
Washington DC,0.0,0.0122302406666667,0.00970251166666667,0.001114782,0.0249279526666667,0.00673098366666667,0.00286496466666667,6.864e-06,0.020410345,1.90126666666667e-05,0.000558673,0.0271975673333333
