src/dst,Atlanta_1,Atlanta_2,Chicago,Denver,Houston,Indianapolis,Kansas City,Los Angeles,New York,Seattle,Sunnyvale,Washington DC
Atlanta_1,3.33333333333333e-06,1.27066666666667e-05,7.14826666666667e-05,0.0,0.000212083666666667,3.8185e-05,6.42933333333333e-06,0.0,2.79506666666667e-05,0.0,0.0,8.9162e-05
Atlanta_2,0.0,0.00473007666666667,0.00213532466666667,3.33333333333333e-06,0.00422829766666667,0.00285345233333333,0.000990543,3.928e-06,0.000862710666666667,0.0,0.000132477666666667,0.004287267
Chicago,0.0,0.00305541,0.0117978853333333,0.003694663,0.0159260626666667,0.00735168966666667,0.001989799,7.01733333333333e-06,0.00779847066666667,0.0,0.00015628,0.00580322566666667
Denver,0.0,0.001034454,0.008377126,0.00170532266666667,0.00489405566666667,0.00354994766666667,0.001354683,0.0,0.001987549,0.00102498066666667,3.33333333333333e-06,0.00560359966666667
Houston,0.0,0.00395162833333333,0.000221965,3.33333333333333e-06,0.0195044436666667,3.33333333333333e-06,0.0,0.0,0.000628541333333333,0.0,1.1491e-05,0.011862185
Indianapolis,0.0,0.001743254,0.0104825173333333,0.00135771333333333,0.0103980513333333,0.00367461633333333,0.003401314,4.84763333333333e-05,0.003913019,1.52843333333333e-05,0.000523553,0.004921833
Kansas City,0.0,0.000886982666666667,0.00383247566666667,0.00065673,0.00242974233333333,0.00235281933333333,0.00139235066666667,1e-05,0.000788049333333333,3.33333333333333e-06,2.58503333333333e-05,0.00166660966666667
Los Angeles,0.0,0.00244603833333333,0.001020125,0.002191426,0.0164777986666667,1.7273e-05,2.0118e-05,0.0021442,0.00966888533333333,0.00189003833333333,0.00281368466666667,0.0108832466666667
New York,0.0,0.00415534566666667,0.00629343733333333,0.00433874666666667,0.016722475,0.00714999766666667,0.002152595,4.33163333333333e-05,0.0203728896666667,3.33333333333333e-06,0.000262721333333333,0.0105059773333333
Seattle,0.0,5.6362e-05,0.000879276666666667,0.000197994333333333,0.000861580333333333,0.0,6.88573333333333e-05,0.00540088933333333,0.000346093,0.00159117933333333,0.006108097,2.72376666666667e-05
Sunnyvale,0.0,0.001012528,6.995e-05,0.000641054666666667,0.00348439866666667,6.66666666666667e-06,0.000422688333333333,0.00278446833333333,0.000557847333333333,0.000578535666666667,0.000533243,0.001504948
Washington DC,0.0,0.0108722133333333,0.0104901523333333,0.00151867066666667,0.0250747693333333,0.00724258266666667,0.003100462,3.33333333333333e-06,0.016890081,6.66666666666667e-06,0.00070904,0.0428603233333333
