src/dst,Atlanta_1,Atlanta_2,Chicago,Denver,Houston,Indianapolis,Kansas City,Los Angeles,New York,Seattle,Sunnyvale,Washington DC
Atlanta_1,2.3324e-05,9.6072e-05,7.6149e-05,0.0,0.000141012,0.000175773666666667,2.2344e-05,0.0,0.000122196,0.0,0.0,0.000239532333333333
Atlanta_2,0.0,0.00689979866666667,0.003926266,3.33333333333333e-06,0.00567245166666667,0.00422419533333333,0.000686906333333333,8.83333333333333e-06,0.00274879266666667,2.4346e-05,6.7132e-05,0.00961957533333333
Chicago,0.0,0.004519298,0.0242756826666667,0.00263564766666667,0.0156058623333333,0.00635783233333333,0.00165283433333333,2.6805e-05,0.00629601333333333,6.66666666666667e-06,0.000166159666666667,0.00564418866666667
Denver,0.0,0.001292177,0.00972398666666667,0.00182339933333333,0.004402601,0.003654779,0.00169728966666667,0.0,0.002828432,0.00133308366666667,1.4125e-05,0.00579837566666667
Houston,0.0,0.00641638266666667,0.000359139666666667,1.12486666666667e-05,0.0198674973333333,4.74666666666667e-06,1.85e-05,0.0,0.001545318,0.0,1.79823333333333e-05,0.0149918126666667
Indianapolis,0.0,0.004039233,0.0206887333333333,0.001287463,0.005623208,0.00437112066666667,0.001455812,6.66666666666667e-06,0.00885293266666667,5.58653333333333e-05,7.38213333333333e-05,0.00699960166666667
Kansas City,0.0,0.00111623733333333,0.00605214833333333,0.000561951,0.003682653,0.00265555933333333,0.000974707333333333,6.66666666666667e-06,0.00271198566666667,0.0,0.0,0.00236292666666667
Los Angeles,0.0,0.005414884,0.001477112,0.003436212,0.0312080506666667,8.76216666666667e-05,0.000105006666666667,0.00332547666666667,0.0105780833333333,0.00163349566666667,0.00213622266666667,0.0135425026666667
New York,0.0,0.00776104333333333,0.014247145,0.005144868,0.0170434453333333,0.007408645,0.00374554433333333,1.66666666666667e-05,0.0405707266666667,6.66666666666667e-06,0.000373183,0.0208965796666667
Seattle,0.0,0.000138704666666667,1.6291e-05,0.00160120066666667,0.000615256,0.0,0.000200318666666667,0.00568236433333333,0.000212615666666667,0.001782772,0.00576495933333333,0.000311642
Sunnyvale,0.0,0.00151651333333333,0.00056933,0.001214838,0.00688499133333333,3.8093e-05,0.000558793666666667,0.00610523266666667,0.001868977,0.00256181033333333,0.000576029,0.00273697433333333
Washington DC,0.0,0.0140106956666667,0.0171575283333333,0.001456615,0.0299722593333333,0.00677767,0.00415090633333333,1.75936666666667e-05,0.028066256,1.89183333333333e-05,0.000494024333333333,0.0485392266666667
