src/dst,Atlanta_1,Atlanta_2,Chicago,Denver,Houston,Indianapolis,Kansas City,Los Angeles,New York,Seattle,Sunnyvale,Washington DC
Atlanta_1,4.39986666666667e-05,1.9402e-05,7.19256666666667e-05,0.0,6.439e-05,0.000181727666666667,1.1304e-05,0.0,2.6817e-05,0.0,0.0,5.63953333333333e-05
Atlanta_2,0.0,0.00489122266666667,0.002141915,2.25553333333333e-05,0.00605268833333333,0.00402316666666667,0.000360328666666667,0.0,0.00090276,3.33333333333333e-06,5.34076666666667e-05,0.00399662133333333
Chicago,0.0,0.005955789,0.00957075033333333,0.00206546766666667,0.012981597,0.007521648,0.00202839,0.641503666666667,0.00542118633333333,3.33333333333333e-06,6.8504e-05,0.004242886
Denver,0.0,0.000613045333333333,0.00613964766666667,0.00198526166666667,0.00432244033333333,0.00359537333333333,0.002084839,0.0,0.00169087933333333,0.000880191666666667,1e-05,0.005443812
Houston,0.0,0.00466686566666667,6.65513333333333e-05,3.33333333333333e-06,0.015245673,1e-05,2.42573333333333e-05,0.0,0.001058553,3.33333333333333e-06,2e-05,0.00800983033333333
Indianapolis,0.0,0.00139474,0.0125854913333333,0.00153846033333333,0.0112898183333333,0.00492226166666667,0.00252502066666667,4.84933333333333e-06,0.0106781746666667,3.33333333333333e-06,9.82733333333333e-05,0.00456400633333333
Kansas City,0.0,0.000693197333333333,0.00343370933333333,0.001407414,0.00203719366666667,0.001356544,0.000779646,0.0,0.00168271566666667,0.0,0.000136864666666667,0.00187295133333333
Los Angeles,0.0,0.00388648833333333,0.002131472,0.00295322533333333,0.0174785413333333,0.000569795666666667,3.6679e-05,0.001551508,0.00911764833333333,0.00149220333333333,0.002158822,0.00737401833333333
New York,0.0,0.00380453233333333,0.00785797433333333,0.004487989,0.0176028893333333,0.00976466133333333,0.00249038233333333,9.0114e-05,0.022061946,6.66666666666667e-06,0.000449017,0.0207812606666667
Seattle,0.0,9.698e-05,2.7331e-05,0.00115281166666667,0.000515316,1.13066666666667e-05,2.2504e-05,0.00510293066666667,0.00108530633333333,0.001269289,0.007183068,2.2583e-05
Sunnyvale,0.0,0.00128577166666667,0.000365051,0.000477960666666667,0.004423859,5.1934e-05,0.000486446666666667,0.00276213433333333,0.00205803233333333,0.000491468333333333,0.000480032,0.00102046733333333
Washington DC,0.0,0.0154593596666667,0.007613535,0.000532592333333333,0.0256241766666667,0.00562725633333333,0.00419840933333333,1.33333333333333e-05,0.0198256323333333,2.15186666666667e-05,0.000708571,0.0241859786666667
