src/dst,Atlanta_1,Atlanta_2,Chicago,Denver,Houston,Indianapolis,Kansas City,Los Angeles,New York,Seattle,Sunnyvale,Washington DC
Atlanta_1,0.0,0.0,1.18313333333333e-05,0.0,0.0,0.0,3.33333333333333e-06,2.7547e-05,3.33333333333333e-06,0.0,9.34066666666667e-06,0.000294265
Atlanta_2,5.39666666666667e-06,0.003914797,0.00151418733333333,0.000472216,0.000133442333333333,0.00296168333333333,0.000121369333333333,0.00165064016666667,0.001741186,3.82708333333333e-05,0.000857215333333333,0.004169138
Chicago,5.38953333333333e-05,0.00176600066666667,0.0103630116666667,0.001321711,0.00044921,0.002479859,0.000467802333333333,0.008963647,0.00109472066666667,2.78216666666667e-05,0.00113343666666667,0.001716685
Denver,1.424e-05,0.000777434666666667,0.00606268,0.001265669,0.00188041566666667,0.002942233,0.00204512433333333,0.00124607666666667,0.00210000466666667,0.001040612,0.00106158166666667,0.00491867366666667
Houston,1.5932e-05,0.000677027666666667,0.00128691966666667,0.000112994666666667,0.000674917,0.00103189166666667,0.000403798666666667,0.001491396,0.000163217333333333,0.0,0.000278146,0.000282769
Indianapolis,0.0,0.00178663266666667,0.0102863993333333,0.000311259,0.000102758333333333,0.001089921,0.001354238,0.006757313,0.00214766933333333,0.000168190333333333,0.000979905,0.000739587
Kansas City,0.0,0.000213358666666667,0.00266272966666667,0.00140279866666667,0.000722369,0.00134630166666667,0.000709645,0.00115638666666667,0.000101842333333333,0.0,0.000157382333333333,0.001458188
Los Angeles,9.02113333333333e-05,0.00298293866666667,0.522864566666667,0.002391418,0.000766123666666667,0.003489286,0.000241459666666667,0.002811177,0.00678259433333333,0.001330209,0.006543411,0.0104866353333333
New York,1e-05,0.004542656,0.00664559633333333,0.002908356,0.000888587,0.00351994933333333,0.000937949,0.012395392,0.0104460643333333,0.000260922,0.00324250033333333,0.006078431
Seattle,0.0,0.0,0.000143614666666667,2.29843333333333e-05,5.256e-06,0.000387938666666667,3.33333333333333e-06,0.00450555666666667,2.7196e-05,0.000986109,0.00191731366666667,0.0
Sunnyvale,8.65303333333333e-05,0.001260511,0.00336287333333333,0.00056312,0.000190617,0.000694265,0.000629581333333333,0.00356897833333333,0.00135167633333333,0.00192422833333333,0.000566086666666667,0.00133029066666667
Washington DC,2.0697e-05,0.011249896,0.00994331,0.00662044266666667,0.001335621,0.00328129533333333,0.00171858266666667,0.014966909,0.0130096903333333,0.000750746666666667,0.006148432,0.0316270673333333
