src/dst,Atlanta_1,Atlanta_2,Chicago,Denver,Houston,Indianapolis,Kansas City,Los Angeles,New York,Seattle,Sunnyvale,Washington DC
Atlanta_1,1.0766e-05,3.83443333333333e-05,8.6417e-05,0.0,0.000137834,3.75013333333333e-05,3.58946666666667e-05,0.0,0.000335349666666667,0.000188509333333333,0.0,0.000255537
Atlanta_2,0.0,0.00543757666666667,0.00418309866666667,0.0,0.00473234266666667,0.00445702933333333,0.000501872,0.0,0.00230790666666667,0.000215206,8.30506666666667e-05,0.0121020923333333
Chicago,0.0,0.003804482,0.0218613333333333,0.00106862633333333,0.0173833266666667,0.011637701,0.00423778166666667,2.70526666666667e-05,0.00443424366666667,9.07666666666667e-05,0.000139444666666667,0.00496862033333333
Denver,0.0,0.000759230666666667,0.009562605,0.00121810033333333,0.00474434266666667,0.00394716133333333,0.00174017166666667,0.0,0.002662722,0.00254197833333333,6.438e-06,0.004988849
Houston,0.0,0.00817281266666667,0.000673742,0.0,0.015679099,3.33333333333333e-06,0.0,0.0,0.00103908933333333,6.86e-06,6.66666666666667e-06,0.0150411776666667
Indianapolis,0.0,0.00510395866666667,0.020591237,0.000718681333333333,0.00660405833333333,0.005104618,0.000936806,1.41533333333333e-05,0.00856007933333333,9.23713333333333e-05,0.000100458666666667,0.003939294
Kansas City,0.0,0.000690204,0.004358906,0.00021192,0.001805536,0.00162321233333333,0.00106355566666667,0.0,0.00115429933333333,1.03493333333333e-05,7.56656666666667e-05,0.00196546366666667
Los Angeles,0.0,0.00701367433333333,0.00172167533333333,0.00134950833333333,0.0349243,0.000194080666666667,0.000100986,0.00182188966666667,0.0117834526666667,0.001845292,0.00385621166666667,0.0138461563333333
New York,0.0,0.00891042666666667,0.0107830853333333,0.004007432,0.0616853366666667,0.0101324796666667,0.001982449,4.58896666666667e-05,0.0399425766666667,0.000153163333333333,0.000382726,0.0155114806666667
Seattle,0.0,0.000232516666666667,4.54203333333333e-05,0.000407639666666667,0.001732928,0.0,5.5164e-05,0.005312897,0.00128629366666667,0.0010052,0.00353387733333333,0.000343181
Sunnyvale,0.0,0.00158128366666667,0.000433738333333333,0.000272462,0.00535572266666667,3.87966666666667e-05,0.000595556,0.00322160466666667,0.00226469233333333,0.000278375333333333,0.000437856,0.00203992333333333
Washington DC,0.0,0.0157910876666667,0.01415989,0.0,0.03653437,0.0115703676666667,0.002810794,3.33333333333333e-06,0.025679327,0.000104308333333333,0.000370716666666667,0.0613970866666667
