src/dst,Atlanta_1,Atlanta_2,Chicago,Denver,Houston,Indianapolis,Kansas City,Los Angeles,New York,Seattle,Sunnyvale,Washington DC
Atlanta_1,6.43233333333333e-05,2.2963e-05,5.7554e-05,0.0,1.93323333333333e-05,4.31476666666667e-05,0.0,0.0,0.000251328666666667,0.0,0.0,9.80143333333333e-05
Atlanta_2,0.0,0.00355132733333333,0.00239590566666667,0.0,0.000367134666666667,0.00328122433333333,3.33333333333333e-06,0.0,0.00596715433333333,6.66666666666667e-06,3.33333333333333e-06,0.00480666466666667
Chicago,0.0,0.004054523,0.00325599,0.0,0.002091838,0.00744442,3.33333333333333e-06,6.66666666666667e-06,0.025214505,6.66666666666667e-06,0.000253333333333333,0.005712911
Denver,0.0,0.000876899666666667,0.00405600566666667,0.00153373433333333,0.004533071,0.00456402633333333,0.00300330166666667,0.0,0.00478618966666667,0.00154254533333333,0.000599745333333333,0.00610007333333333
Houston,0.0,0.00442018033333333,0.000298306333333333,0.0,0.0172696993333333,3.88933333333333e-06,0.0,3.33333333333333e-06,0.000811540666666667,6.66666666666667e-06,0.0,0.0111253476666667
Indianapolis,0.0,0.00387286633333333,0.012620512,0.0,0.00734088933333333,0.00199448166666667,0.00256427566666667,0.0,0.0221158136666667,6.66666666666667e-06,3.44933333333333e-06,0.00495091266666667
Kansas City,0.0,0.000522546,0.00294988466666667,0.000786749333333333,0.00160837166666667,0.00145297766666667,0.00118071266666667,3.86553333333333e-05,0.00292736633333333,6.66666666666667e-06,0.0,0.001204453
Los Angeles,0.0,0.00364831666666667,0.000210615,0.00394452966666667,0.016574912,6.70193333333333e-05,6.12176666666667e-05,0.001689766,0.0107947083333333,0.00123905866666667,0.002516501,0.00849722
New York,0.0,0.00407999,0.000218189333333333,0.0,0.00299854766666667,1.30306666666667e-05,0.00014832,6.66666666666667e-06,0.0665151833333333,1e-05,8.098e-05,0.0287725393333333
Seattle,0.0,7.5662e-05,3.33333333333333e-06,0.00120743166666667,0.000295081333333333,0.0,5.8844e-05,0.00474054366666667,0.000889957666666667,0.001841021,0.00690349666666667,0.000156987666666667
Sunnyvale,0.0,0.00154171,5.40623333333333e-05,0.000678849333333333,0.00324029466666667,2.62326666666667e-05,0.000576298666666667,0.00370171966666667,0.005966162,0.000737213333333333,0.000852624,0.00385961033333333
Washington DC,0.0,0.0162367646666667,0.000173850666666667,0.0,0.00915047133333333,1.64653333333333e-05,1.68333333333333e-05,6.61766666666667e-06,0.0669185733333333,1.45043333333333e-05,1e-05,0.0317747923333333
