src/dst,Atlanta_1,Atlanta_2,Chicago,Denver,Houston,Indianapolis,Kansas City,Los Angeles,New York,Seattle,Sunnyvale,Washington DC
Atlanta_1,6.66666666666667e-06,8.68533333333333e-05,5.73956666666667e-05,0.0,0.000190821333333333,0.000171932,7.45293333333333e-05,0.0,5.05383333333333e-05,0.0,0.0,0.000143926
Atlanta_2,0.0,0.004878213,0.00369438766666667,1e-05,0.00774742266666667,0.00490249833333333,0.000846298666666667,0.0,0.004280198,6.66666666666667e-06,5.40836666666667e-05,0.00756678633333333
Chicago,0.0,0.00494058033333333,0.0156420456666667,0.00464846333333333,0.0225771506666667,0.007431979,0.00180728,2.91693333333333e-05,0.007726506,0.0,0.000113587333333333,0.008059348
Denver,0.0,0.000918847666666667,0.00846174433333333,0.000908799666666667,0.00662418166666667,0.004514522,0.000969584666666667,5.86053333333333e-05,0.003196129,0.001903934,0.00194044,0.006199627
Houston,0.0,0.00662664666666667,0.000149315,0.0,0.020837588,0.0,4.14666666666667e-06,0.0,0.00125189033333333,0.0,0.000254670333333333,0.0175300733333333
Indianapolis,0.0,0.00312402866666667,0.021315743,0.00272238266666667,0.0134838043333333,0.005462855,0.00138882866666667,0.0,0.0108619646666667,4.08136666666667e-05,0.000118367333333333,0.016959274
Kansas City,0.0,0.00118305366666667,0.00468809433333333,0.001668485,0.002194951,0.00208445566666667,0.000533808333333333,2.38e-05,0.001836974,4.669e-06,3.61206666666667e-05,0.00240858733333333
Los Angeles,0.0,0.00521674933333333,0.000884615666666667,0.002005156,0.0336310566666667,3.62356666666667e-05,5.0154e-05,0.00219461466666667,0.0110459086666667,0.00209608066666667,0.00539381266666667,0.0161957173333333
New York,0.0,0.008640805,0.0138822953333333,0.00738333533333333,0.024044825,0.00868449,0.00468183333333333,2.40833333333333e-05,0.0397865333333333,0.0,0.000875038666666667,0.0205806763333333
Seattle,0.0,0.000338422,6.66666666666667e-06,0.000489097,0.00114644466666667,0.0,9.1753e-05,0.006803558,0.000244397333333333,0.003315577,0.00842059566666667,0.000286436666666667
Sunnyvale,0.0,0.00162036533333333,0.000153439,0.00207277333333333,0.005785469,3.33333333333333e-06,0.000772813333333333,0.00547185933333333,0.001958792,0.000731198666666667,0.000306423666666667,0.002079564
Washington DC,0.0,0.0163809383333333,0.0132766376666667,0.001366286,0.03621897,0.00668770733333333,0.00269123666666667,1e-05,0.023369362,2.75186666666667e-05,0.000706876666666667,0.031030002
