src/dst,Atlanta_1,Atlanta_2,Chicago,Denver,Houston,Indianapolis,Kansas City,Los Angeles,New York,Seattle,Sunnyvale,Washington DC
Atlanta_1,0.0,0.0,2.11096666666667e-05,0.0,6.71803333333333e-05,6.66666666666667e-06,6.66666666666667e-06,0.0,1.33333333333333e-05,0.0,0.0,0.00010136
Atlanta_2,0.0,0.00308876166666667,0.00121272,7.27926666666667e-05,0.00432962,0.002441957,0.000430273666666667,3.3e-05,0.000824494333333333,3.33333333333333e-06,0.000160872,0.005384058
Chicago,0.0,0.00239718,0.0138840946666667,0.003717152,0.0108266063333333,0.00418093533333333,0.00142441533333333,1.9854e-05,0.002508493,0.0,7.0329e-05,0.00309240066666667
Denver,0.0,0.000668085333333333,0.007318265,0.000752149333333333,0.00392361233333333,0.00348961233333333,0.000832900333333333,0.0,0.00225727933333333,0.001112637,0.000108011,0.005169605
Houston,0.0,0.003696364,0.000160474,0.0,0.0102290256666667,0.0,0.0,3.33333333333333e-06,0.000453989,0.0,1.26916666666667e-05,0.0101277346666667
Indianapolis,0.0,0.00114940366666667,0.0133330103333333,0.00107745466666667,0.00771266033333333,0.00216269,0.000801784333333333,7.04566666666667e-06,0.001875523,2.09516666666667e-05,1.85533333333333e-05,0.003907682
Kansas City,0.0,0.000463918666666667,0.00329735933333333,0.000660165,0.001435764,0.00120115233333333,0.000733076333333333,2.93466666666667e-05,0.000762438333333333,3.33333333333333e-06,0.0,0.00126406566666667
Los Angeles,0.0,0.001969138,0.000953901666666667,0.00331299133333333,0.0162808,3.33333333333333e-06,6.92766666666667e-06,0.001159812,0.00660737666666667,0.000543860666666667,0.003069553,0.00968848566666667
New York,0.0,0.00234555933333333,0.004982589,0.00495934,0.01155531,0.004825885,0.00171139333333333,0.000104696,0.0181898546666667,0.0,0.000303736333333333,0.008817424
Seattle,0.0,5.15256666666667e-05,3.33333333333333e-06,0.000563022666666667,0.000218072666666667,0.0,1.9041e-05,0.00448699933333333,8.0097e-05,0.00165629633333333,0.00664829166666667,9.2583e-05
Sunnyvale,0.0,0.000610540333333333,0.000154878333333333,0.000530402666666667,0.00186672533333333,1.50573333333333e-05,0.000376238,0.00244240633333333,0.000439790666666667,0.000648496666666667,0.00033092,0.000907783333333333
Washington DC,0.0,0.0119241583333333,0.006344936,0.002071675,0.0258221386666667,0.00577183666666667,0.00418538633333333,6.66666666666667e-06,0.0168115326666667,3.33333333333333e-06,0.001583586,0.0306735483333333
