src/dst,Atlanta_1,Atlanta_2,Chicago,Denver,Houston,Indianapolis,Kansas City,Los Angeles,New York,Seattle,Sunnyvale,Washington DC
Atlanta_1,3.33333333333333e-06,1e-05,1.09066666666667e-05,0.0,4.4844e-05,0.0,0.0,0.0,7.07433333333333e-06,0.0,0.0,0.000209022666666667
Atlanta_2,0.0,0.003345072,0.002289608,3.94423333333333e-05,0.003977066,0.002278025,0.000125756333333333,2.74666666666667e-06,0.000660859666666667,2.74666666666667e-06,4.73043333333333e-05,0.006103074
Chicago,0.0,0.001053476,0.00700309133333333,0.002357814,0.00963964466666667,0.006134487,0.00152526866666667,3.58046666666667e-05,0.00235198266666667,8.54566666666667e-06,0.000226163666666667,0.00406162133333333
Denver,0.0,0.000553319333333333,0.00733042866666667,0.00160654233333333,0.00509567,0.00296582,0.003087471,0.0,0.00244944766666667,0.00104944733333333,6.66666666666667e-06,0.00532565933333333
Houston,0.0,0.00156476,0.000162154333333333,0.0,0.0251566536666667,0.0,0.0,0.0,0.000539957666666667,0.0,3.33333333333333e-06,0.00828879333333333
Indianapolis,0.0,0.00187329066666667,0.00566688066666667,0.001944471,0.011979755,0.00177064733333333,0.000712158,1.188e-05,0.00171753566666667,7.04933333333333e-06,0.000908974,0.001757292
Kansas City,0.0,0.000503334,0.002831844,0.001311001,0.00238408966666667,0.000998445,0.000721429,6.66666666666667e-06,0.00127726533333333,3.33333333333333e-06,5.963e-06,0.00170223666666667
Los Angeles,0.0,0.001373821,0.00116601833333333,0.001464557,0.0183834226666667,0.000146229,7.297e-05,0.00280004066666667,0.00615760166666667,0.00144101033333333,0.00194380866666667,0.00806417733333333
New York,0.0,0.00353018566666667,0.00369113966666667,0.00353271866666667,0.014749446,0.006108828,0.00208553866666667,6.41926666666667e-05,0.012784301,1.39276666666667e-05,0.000593282333333333,0.013672497
Seattle,0.0,0.000112338666666667,1e-05,0.000610630333333333,0.000468029666666667,3.33333333333333e-06,5.35246666666667e-05,0.003994611,0.000275342666666667,0.00183548333333333,0.00681127233333333,5.81323333333333e-05
Sunnyvale,0.0,0.000995046,0.000364116,0.000150003,0.00768922166666667,8.1496e-05,0.000379142666666667,0.002264675,0.001245778,0.000643492666666667,0.000639088,0.000808085666666667
Washington DC,0.0,0.0115213576666667,0.00679418333333333,0.000724605666666667,0.0206735666666667,0.00708219466666667,0.00383801766666667,2.2161e-05,0.018410607,0.0,0.000683195666666667,0.0250758366666667
