src/dst,Atlanta_1,Atlanta_2,Chicago,Denver,Houston,Indianapolis,Kansas City,Los Angeles,New York,Seattle,Sunnyvale,Washington DC
Atlanta_1,1e-05,2.74276666666667e-05,2.12693333333333e-05,0.0,0.000219128666666667,4.0062e-05,1.2727e-05,0.0,2.7159e-05,0.0,0.0,0.000136772666666667
Atlanta_2,0.0,0.00417753566666667,0.00629967733333333,0.0,0.00629496633333333,0.006232257,0.001318503,3.20626666666667e-05,0.00339211133333333,9.98566666666667e-06,8.2095e-05,0.00642440933333333
Chicago,0.0,0.00521582,0.016229699,0.00284272066666667,0.019057959,0.012673459,0.003872095,3.35903333333333e-05,0.00479214666666667,3.33333333333333e-06,0.000167303,0.00628343433333333
Denver,0.0,0.00100449166666667,0.00670102733333333,0.001384803,0.00642622766666667,0.00471009833333333,0.000756311333333333,3.33333333333333e-06,0.003352258,0.000737425333333333,0.000122205666666667,0.00452133266666667
Houston,0.0,0.00610766433333333,0.000204571,0.0,0.0247375946666667,1.73073333333333e-05,1e-05,0.0,0.001187526,0.0,8.78826666666667e-05,0.0171916913333333
Indianapolis,0.0,0.00276517133333333,0.0241665816666667,0.00548571466666667,0.00997423166666667,0.00670045033333333,0.00120646533333333,6.864e-06,0.011379968,6.52943333333333e-05,7.88443333333333e-05,0.00815672566666667
Kansas City,0.0,0.001394554,0.00395866933333333,0.000848,0.00223641033333333,0.00236678466666667,0.000602499666666667,1.69343333333333e-05,0.00117965566666667,6.66666666666667e-06,3.33333333333333e-06,0.002364007
Los Angeles,0.0,0.00496308766666667,0.002700715,0.002972564,0.0319602906666667,5.93406666666667e-05,0.00017893,0.002964105,0.012395825,0.001903773,0.00581613,0.0152174226666667
New York,0.0,0.006625101,0.0146067163333333,0.00615349433333333,0.023790662,0.011526188,0.002757724,0.000257568666666667,0.0358364666666667,1.54946666666667e-05,0.000816506,0.0204437576666667
Seattle,0.0,5.06593333333333e-05,5.17423333333333e-05,0.000185265666666667,0.000723478,3.33333333333333e-06,2.53723333333333e-05,0.00768212666666667,0.000534681666666667,0.000838182,0.00375062666666667,0.000230140666666667
Sunnyvale,0.0,0.001979265,0.000103273666666667,0.000788268333333333,0.00565331333333333,1e-05,0.000672658666666667,0.00512526166666667,0.001505062,0.002583443,0.000298186333333333,0.00321660733333333
Washington DC,0.0,0.0118091036666667,0.0146669153333333,0.0,0.03379261,0.00852821333333333,0.002289519,2.99626666666667e-05,0.0239165533333333,3.33333333333333e-06,0.000628941666666667,0.0337702933333333
