src/dst,Atlanta_1,Atlanta_2,Chicago,Denver,Houston,Indianapolis,Kansas City,Los Angeles,New York,Seattle,Sunnyvale,Washington DC
Atlanta_1,0.0,2.77223333333333e-05,8.31053333333333e-05,0.0,0.000110192,4.89666666666667e-05,1.4215e-05,0.0,5.38273333333333e-05,0.0,0.0,0.000103131333333333
Atlanta_2,0.0,0.00306673633333333,0.00254354066666667,0.0,0.00374243466666667,0.00332588266666667,0.002331226,0.0,0.001071452,7.39133333333333e-06,2.79643333333333e-05,0.006410089
Chicago,0.0,0.002402617,0.0143921176666667,0.001276971,0.0116402,0.00418770466666667,0.00143304466666667,3.33333333333333e-06,0.002586763,6.66666666666667e-06,0.000253641666666667,0.00279131933333333
Denver,0.0,0.002122475,0.00840137266666667,0.000929308666666667,0.00405203333333333,0.00385711233333333,0.001878786,5.413e-06,0.00295092833333333,0.00105508833333333,8.32373333333333e-05,0.00569882866666667
Houston,0.0,0.00571333133333333,0.000278823666666667,0.0,0.0106131983333333,6.66666666666667e-06,0.0,0.0,0.000683275,0.0,7.316e-06,0.0115695216666667
Indianapolis,0.0,0.00119076,0.013330614,0.00161491766666667,0.007198602,0.001534168,0.002305606,0.0,0.005265396,5.39e-05,0.000289262,0.002799715
Kansas City,0.0,0.000607263,0.00240781266666667,0.00107484866666667,0.001474684,0.000804620333333333,0.000864442666666667,0.0,0.000568683,7.45766666666667e-06,7.83333333333333e-06,0.001111675
Los Angeles,0.0,0.005294822,0.002735782,0.000650464333333333,0.01420717,6.46336666666667e-05,1.6245e-05,0.002842955,0.00688574766666667,0.003477933,0.002121941,0.0108588386666667
New York,0.0,0.0024881,0.00775578733333333,0.00589370166666667,0.0125135316666667,0.00504246366666667,0.001509688,6.40673333333333e-05,0.0155138866666667,0.0,0.000721,0.00713486133333333
Seattle,0.0,4.02623333333333e-05,1.06476666666667e-05,0.000283963333333333,0.000229673666666667,0.0,1e-05,0.00452249233333333,0.000446824,0.001163407,0.005718645,0.000150382666666667
Sunnyvale,0.0,0.00128408833333333,0.000427304666666667,0.000608486333333333,0.00557424433333333,1.10836666666667e-05,0.000434261333333333,0.00252693166666667,0.00167545166666667,0.000949358666666667,0.000422104333333333,0.000786242666666667
Washington DC,0.0,0.013722025,0.008833702,7.82633333333333e-06,0.027854367,0.00958990866666667,0.00304045633333333,1e-05,0.0174119893333333,2.83503333333333e-05,0.001108597,0.0279416676666667
