src/dst,Atlanta_1,Atlanta_2,Chicago,Denver,Houston,Indianapolis,Kansas City,Los Angeles,New York,Seattle,Sunnyvale,Washington DC
Atlanta_1,0.0,0.000253541666666667,4.751e-05,0.0,0.000249304333333333,0.0,3.62756666666667e-05,0.0,1.18586666666667e-05,0.0,0.0,0.000245272666666667
Atlanta_2,0.0,0.00331474933333333,0.00211871833333333,1.08583333333333e-05,0.00404389833333333,0.00291379666666667,0.000276555333333333,0.0,0.00107157766666667,0.0,1.33333333333333e-05,0.00435831166666667
Chicago,0.0,0.00477141966666667,0.00497940466666667,0.003476932,0.0126350116666667,0.00307621566666667,0.00229277333333333,7.7351e-05,0.009143496,3.33333333333333e-06,0.000156287666666667,0.00289445933333333
Denver,0.0,0.000639713333333333,0.00475657766666667,0.001840374,0.004688071,0.003549818,0.00325349333333333,3.33333333333333e-06,0.003984384,0.00144253666666667,0.000570174666666667,0.005122322
Houston,0.0,0.00146311566666667,4.61103333333333e-05,0.0,0.0129301703333333,3.33333333333333e-06,0.0,1.33333333333333e-05,0.000504620666666667,0.0,1.542e-05,0.00681170466666667
Indianapolis,0.0,0.001048569,0.00889977566666667,0.00134139566666667,0.007415089,0.00240316566666667,0.002642114,2.82066666666667e-05,0.008930629,3.33333333333333e-06,0.00039118,0.00296203433333333
Kansas City,0.0,0.000323344333333333,0.00235730366666667,0.00113978433333333,0.00159455766666667,0.000815068666666667,0.000883085666666667,0.0,0.00171109766666667,0.0,3.2206e-05,0.00141614
Los Angeles,0.0,0.000848142333333333,0.000418332333333333,0.00121787033333333,0.006978096,0.0,6.66666666666667e-06,0.00193525433333333,0.0100802516666667,0.000876313666666667,0.00255808366666667,0.00487203566666667
New York,0.0,0.00263893466666667,0.011446329,0.00554793133333333,0.011458926,0.00343328633333333,0.00165648266666667,4.36086666666667e-05,0.0208629666666667,6.66666666666667e-06,0.000608741,0.00846773
Seattle,0.0,6.3956e-05,3.33333333333333e-06,0.000254134,0.000182773333333333,0.0,5.319e-05,0.00520204733333333,0.000820310666666667,0.00154774933333333,0.006342378,4.37096666666667e-05
Sunnyvale,0.0,0.000929471666666667,0.000199904666666667,0.000651755,0.00164664533333333,4.9842e-05,0.000320102,0.00250304733333333,0.00587025466666667,0.00113568533333333,0.000830105333333333,0.00347901333333333
Washington DC,0.0,0.013312533,0.011958705,0.000639429,0.032968841,0.00577021,0.00136514066666667,6.66666666666667e-06,0.0146475453333333,1.85656666666667e-05,0.000679433,0.032255506
