src/dst,Atlanta_1,Atlanta_2,Chicago,Denver,Houston,Indianapolis,Kansas City,Los Angeles,New York,Seattle,Sunnyvale,Washington DC
Atlanta_1,0.0,6.20416666666667e-05,0.000116199666666667,0.0,0.000346052666666667,0.000107103333333333,0.000253545333333333,0.0,6.66666666666667e-06,0.0,0.0,0.000187489333333333
Atlanta_2,0.0,0.00326716533333333,0.00264389666666667,3.33333333333333e-06,0.00358800333333333,0.00332591333333333,0.000622879666666667,6.66666666666667e-06,0.00268293166666667,3.33333333333333e-06,1.74586666666667e-05,0.00564417466666667
Chicago,0.0,0.003501407,0.00520397633333333,0.00300775833333333,0.0153655866666667,0.00676173266666667,0.00385599566666667,3.33333333333333e-06,0.0105792536666667,0.0,0.000358112666666667,0.00482929233333333
Denver,0.0,0.000808569333333333,0.00381831533333333,0.00170718533333333,0.00537155,0.00358417866666667,0.002709579,3.33333333333333e-06,0.00403016466666667,0.00140063233333333,9.77613333333333e-05,0.00556972566666667
Houston,0.0,0.004722607,2.56983333333333e-05,0.0,0.01488439,0.0,7.71603333333333e-05,0.0,0.000790920333333333,2.1016e-05,2.78333333333333e-05,0.010012644
Indianapolis,0.0,0.00204655166666667,0.0140086476666667,0.00241685733333333,0.014753396,0.00310021966666667,0.00394692766666667,3.33333333333333e-06,0.012678466,1.33333333333333e-05,0.000789777,0.004163033
Kansas City,0.0,0.000349376,0.001947762,0.000867227333333333,0.00142818533333333,0.00177236333333333,0.00188139,0.0,0.00230296566666667,1e-05,2e-05,0.002058437
Los Angeles,0.0,0.004020721,0.00051055,0.00279878533333333,0.016015103,2.67713333333333e-05,3.5295e-05,0.00193462033333333,0.0122308183333333,0.001670786,0.00185045266666667,0.00815584166666667
New York,0.0,0.00422352733333333,0.0142155123333333,0.00417949266666667,0.015987168,0.00637090366666667,0.00343352033333333,7.66306666666667e-05,0.0302328623333333,3.33333333333333e-06,0.000816124666666667,0.01996412
Seattle,0.0,0.000255725333333333,0.0,0.000503575,0.000375425333333333,0.0,4.953e-05,0.00425734433333333,0.000607750333333333,0.00143616,0.005669634,5.5465e-05
Sunnyvale,0.0,0.00106419333333333,7.75516666666667e-05,0.001468467,0.00281338566666667,7.345e-06,0.000524811666666667,0.00312766666666667,0.00559366833333333,0.001614886,0.000571478333333333,0.003715706
Washington DC,0.0,0.012514553,0.0126251213333333,0.000256781666666667,0.0334927733333333,0.00422218833333333,0.002066033,3.33333333333333e-06,0.0190067426666667,3.13206666666667e-05,0.00126744966666667,0.04439098
