src/dst,Atlanta_1,Atlanta_2,Chicago,Denver,Houston,Indianapolis,Kansas City,Los Angeles,New York,Seattle,Sunnyvale,Washington DC
Atlanta_1,0.0,1.6307e-05,3.6711e-05,0.0,5.03936666666667e-05,4.4859e-05,3.33333333333333e-06,0.0,6.46e-05,0.0,6.66666666666667e-06,6.72043333333333e-05
Atlanta_2,0.0,0.00263787366666667,0.00152689033333333,3.33333333333333e-06,0.00378822466666667,0.003333491,0.000107137,9.05633333333333e-06,0.00139154733333333,7.41266666666667e-06,4.8884e-05,0.00465521433333333
Chicago,0.0,0.00207484933333333,0.004112511,0.00155747333333333,0.00716687633333333,0.00262379366666667,0.001357456,8.23333333333333e-06,0.009677719,0.000176474666666667,9.2956e-05,0.003033851
Denver,0.0,0.000663351333333333,0.003946633,0.00116669333333333,0.00474577833333333,0.00349132466666667,0.00247708366666667,0.0,0.00352479433333333,0.00100014066666667,1.33333333333333e-05,0.00427654666666667
Houston,0.0,0.00142661833333333,1.93233333333333e-05,3.33333333333333e-06,0.012378054,0.0,3.33333333333333e-06,3.33333333333333e-06,0.000382420333333333,1.1032e-05,0.0,0.0148782166666667
Indianapolis,0.0,0.00123821766666667,0.00626036066666667,0.00174413066666667,0.0125589956666667,0.00281524633333333,0.00222808533333333,1.06666666666667e-05,0.009315416,4.885e-06,0.000466787,0.002694977
Kansas City,0.0,0.000563017,0.00124737933333333,0.001645754,0.00131563633333333,0.000656540666666667,0.000490121,0.0,0.002894747,0.0,2.03633333333333e-05,0.00171536766666667
Los Angeles,0.0,0.000740547,0.000356215666666667,0.000579676,0.007053866,1e-05,1.66666666666667e-05,0.00385366633333333,0.010456266,0.00178279133333333,0.002348569,0.0121695683333333
New York,0.0,0.00247339633333333,0.00881938433333333,0.00392658033333333,0.009010198,0.00309835166666667,0.00139745933333333,6.26676666666667e-05,0.0175545526666667,6.66666666666667e-06,0.000585206666666667,0.00785922166666667
Seattle,0.0,5.2766e-05,0.0,0.005111739,0.000135415333333333,0.0,1.5495e-05,0.00426825,0.000904597333333333,0.00133469533333333,0.00592701433333333,3.4681e-05
Sunnyvale,0.0,0.000791580666666667,0.000262893,0.000546011333333333,0.00163480366666667,2.68573333333333e-05,0.000207629666666667,0.00257765966666667,0.010228956,0.000783847333333333,0.000557919666666667,0.00324461
Washington DC,0.0,0.0107532156666667,0.0125956123333333,0.000351331666666667,0.031638195,0.00266516,0.00142201733333333,1.14686666666667e-05,0.0175616043333333,2.88493333333333e-05,0.000512362,0.027965508
