src/dst,Atlanta_1,Atlanta_2,Chicago,Denver,Houston,Indianapolis,Kansas City,Los Angeles,New York,Seattle,Sunnyvale,Washington DC
Atlanta_1,6.66666666666667e-06,3.26446666666667e-05,4.31916666666667e-05,0.0,0.000139492333333333,2.27193333333333e-05,5.5368e-05,0.0,4.1801e-05,0.0,0.0,0.000247219
Atlanta_2,0.0,0.00346395666666667,0.00215062766666667,2.3677e-05,0.00396190933333333,0.00356092833333333,0.00036568,1.1965e-05,0.00132880766666667,6.66666666666667e-06,0.000105029666666667,0.00506204133333333
Chicago,0.0,0.00261458166666667,0.00704689333333333,0.00133423466666667,0.0108360403333333,0.00533721366666667,0.00229241533333333,0.0,0.0127499226666667,3.33333333333333e-06,0.000110070666666667,0.00515192766666667
Denver,0.0,0.000937442,0.00375891166666667,0.00138115433333333,0.006769494,0.00428884266666667,0.00220085466666667,0.0,0.00478947166666667,0.00159662433333333,7.666e-06,0.005993603
Houston,0.0,0.00326860766666667,1.66933333333333e-05,3.33333333333333e-06,0.0154056336666667,1.02113333333333e-05,3.33333333333333e-06,0.0,0.000662642666666667,0.0,1.08376666666667e-05,0.0122485006666667
Indianapolis,0.0,0.001716877,0.0132824736666667,0.00261044966666667,0.005453069,0.00318008633333333,0.002523422,1.33333333333333e-05,0.0143754673333333,6.66666666666667e-06,0.000762087666666667,0.006354925
Kansas City,0.0,0.000422179666666667,0.002484204,0.000975062,0.001833972,0.00200029066666667,0.00112417666666667,0.0,0.00316084333333333,0.0,2.5427e-05,0.001643592
Los Angeles,0.0,0.002264342,0.000445546,0.000833272,0.011086099,2.3412e-05,2.14933333333333e-05,0.00167415333333333,0.012801646,0.001127163,0.002191262,0.010954256
New York,0.0,0.00402987133333333,0.0114077903333333,0.00408385933333333,0.00967946,0.00513024166666667,0.00302797966666667,6.66666666666667e-06,0.0310249306666667,0.0,0.000496521333333333,0.0144647336666667
Seattle,0.0,4.12356666666667e-05,1.35086666666667e-05,0.000316163,0.000632513333333333,3.33333333333333e-06,9.17806666666667e-05,0.00411252866666667,0.000892659333333333,0.00157067333333333,0.006237747,0.000143256333333333
Sunnyvale,0.0,0.00105977566666667,0.000408482,0.000611257,0.002711489,3.1296e-05,0.000508922666666667,0.002432047,0.00603388066666667,0.000857708,0.000581518333333333,0.00390564466666667
Washington DC,0.0,0.013542795,0.0142287883333333,0.000186363666666667,0.0324600016666667,0.00399076233333333,0.00282083266666667,2.16616666666667e-05,0.017127994,0.0,0.000843661666666667,0.030405874
