src/dst,Atlanta_1,Atlanta_2,Chicago,Denver,Houston,Indianapolis,Kansas City,Los Angeles,New York,Seattle,Sunnyvale,Washington DC
Atlanta_1,1.2277e-05,8.2157e-05,7.92153333333333e-05,0.0,0.000149010666666667,3.2886e-05,8.71533333333333e-06,0.0,4.02026666666667e-05,0.0,0.0,0.000120447666666667
Atlanta_2,0.0,0.00438082666666667,0.00214152233333333,6.691e-06,0.003728579,0.00394018266666667,0.000798084,0.0,0.00257312733333333,0.000168877333333333,5.4464e-05,0.013622394
Chicago,0.0,0.00294765366666667,0.0203257926666667,0.001552143,0.011299396,0.004928788,0.00205189133333333,0.0,0.00530850166666667,1e-05,0.000142509,0.00516596066666667
Denver,0.0,0.00114327766666667,0.00720802933333333,0.001803789,0.00582205633333333,0.003467875,0.00342690033333333,0.0,0.00318629266666667,0.00235096366666667,2.0958e-05,0.00709892733333333
Houston,0.0,0.00580749766666667,0.000410624333333333,0.0,0.0140325536666667,1.38106666666667e-05,3.33333333333333e-06,0.0,0.000882292,3.33333333333333e-06,6.66666666666667e-06,0.0134849703333333
Indianapolis,0.0,0.002014986,0.015616794,0.00307160833333333,0.00615746333333333,0.00326235266666667,0.00322737766666667,6.66666666666667e-06,0.00390942966666667,0.000858291333333333,8.1429e-05,0.00519114933333333
Kansas City,0.0,0.000800170333333333,0.004024231,0.00124334966666667,0.001474023,0.00183687766666667,0.00137466766666667,3.33333333333333e-06,0.00101911533333333,1.70496666666667e-05,5.1527e-05,0.00153050766666667
Los Angeles,0.0,0.004304797,0.001747894,0.00122675366666667,0.0265355956666667,0.000238388,7.27436666666667e-05,0.00165417733333333,0.0106851516666667,0.00164446666666667,0.002825906,0.0127846423333333
New York,0.0,0.00647924666666667,0.0129248206666667,0.003741136,0.0132849783333333,0.005930727,0.00236299733333333,2.23056666666667e-05,0.031899705,1.97276666666667e-05,0.000685590666666667,0.0144940276666667
Seattle,0.0,5.04796666666667e-05,2.04693333333333e-05,0.00123415266666667,0.000512824,3.33333333333333e-06,0.000128551,0.00469204433333333,0.000528760333333333,0.00201156966666667,0.006589412,0.000149684666666667
Sunnyvale,0.0,0.001462151,0.00312232533333333,0.000525163333333333,0.00643584866666667,6.61576666666667e-05,0.000447845,0.00254787133333333,0.002029023,0.000557183666666667,0.000901425,0.00493370633333333
Washington DC,0.0,0.018323041,0.017144762,0.000473143666666667,0.0375752733333333,0.00496319866666667,0.00205747266666667,0.000114828,0.0212565446666667,0.00053373,0.000736116,0.0492992433333333
