src/dst,Atlanta_1,Atlanta_2,Chicago,Denver,Houston,Indianapolis,Kansas City,Los Angeles,New York,Seattle,Sunnyvale,Washington DC
Atlanta_1,4.352e-06,3.936e-06,0.000106372,0.0,0.000171938666666667,3.62633333333333e-05,3.33333333333333e-06,0.0,8.78523333333333e-05,0.0,4.32e-06,0.000245258333333333
Atlanta_2,0.0,0.003576187,0.00315537866666667,7.59566666666667e-06,0.00494476066666667,0.00229022233333333,0.000434683333333333,3.33333333333333e-06,0.00242359033333333,1.37226666666667e-05,3.08866666666667e-05,0.007714758
Chicago,0.0,0.00349214633333333,0.0164247953333333,0.00317101833333333,0.644470666666667,0.00550433966666667,0.001678138,6.562e-06,0.004023937,0.0,6.3535e-05,0.00691215566666667
Denver,0.0,0.001207553,0.009259261,0.000936832,0.00385514833333333,0.00378955133333333,0.00124007933333333,6.645e-06,0.00204361066666667,0.000805845,1.00186666666667e-05,0.00485376933333333
Houston,0.0,0.00261665266666667,0.000193481666666667,1e-05,0.0120075976666667,0.0,6.92566666666667e-06,0.0,0.000497930666666667,0.0,3.33333333333333e-06,0.014119519
Indianapolis,0.0,0.00174295166666667,0.01753643,0.00105165866666667,0.00732453633333333,0.001154989,0.001862473,6.47666666666667e-06,0.00586829333333333,2.19043333333333e-05,8.85436666666667e-05,0.00304898266666667
Kansas City,0.0,0.000572509,0.00407860666666667,0.001281944,0.00126677533333333,0.00104584333333333,0.001086628,6.12833333333333e-06,0.001229289,0.0,3.33333333333333e-06,0.00139725233333333
Los Angeles,0.0,0.00210609033333333,0.002320999,0.00124371833333333,0.0188895686666667,8.83403333333333e-05,1.208e-05,0.001971037,0.00855801766666667,0.00164908866666667,0.00285099766666667,0.0124614836666667
New York,0.0,0.00453982633333333,0.0136054373333333,0.004622256,0.01890141,0.00465397933333333,0.00270989033333333,0.000264262,0.026798412,1e-05,0.000403000333333333,0.010043245
Seattle,0.0,2.76046666666667e-05,4.11166666666667e-05,0.000366295333333333,0.001103573,0.0,3.21013333333333e-05,0.00408585266666667,0.000540333,0.00138825333333333,0.006675963,0.000118118333333333
Sunnyvale,0.0,0.001058932,0.000559703,0.000272449,0.00600805,3.33333333333333e-06,0.000513802333333333,0.00268943466666667,0.002287631,0.000429323333333333,0.000112109,0.000849523
Washington DC,0.0,0.0163528146666667,0.0145551343333333,0.001553555,0.0286720873333333,0.00372367833333333,0.00314645333333333,1.5907e-05,0.0210778646666667,3.26246666666667e-05,0.00108681933333333,0.0415930266666667
