src/dst,Atlanta_1,Atlanta_2,Chicago,Denver,Houston,Indianapolis,Kansas City,Los Angeles,New York,Seattle,Sunnyvale,Washington DC
Atlanta_1,3.40356666666667e-05,1.0772e-05,6.66666666666667e-06,0.0,0.0,1.83923333333333e-05,0.0,0.0,0.0,0.0,0.0,0.000565954333333333
Atlanta_2,0.0,0.00238537366666667,6.66666666666667e-06,0.0,1e-05,0.004132473,0.0,3.33333333333333e-06,1.85906666666667e-05,3.33333333333333e-06,0.0,0.0215801773333333
Chicago,0.0,0.003386801,0.0168821916666667,0.0,3.8958e-05,0.00709697166666667,0.00134865333333333,4.358e-05,0.00502253433333333,0.0,1.78703333333333e-05,0.0274050833333333
Denver,0.0,0.000996759,0.00957889333333333,0.00222068466666667,0.005636559,0.00572100733333333,0.00290875533333333,0.0,0.00349810966666667,0.00362184633333333,1.0907e-05,0.005778662
Houston,0.0,0.005001557,0.000297670333333333,3.33333333333333e-06,0.0185089793333333,0.0,0.0,0.0,1.5871e-05,0.0,0.0,0.0146179426666667
Indianapolis,0.0,0.00344483466666667,0.018145124,0.00266643733333333,2.94093333333333e-05,0.00343178266666667,0.002877487,3.33333333333333e-06,0.00766532166666667,1.8832e-05,3.33333333333333e-06,0.0151692523333333
Kansas City,0.0,0.00118406133333333,0.00360772,0.00138888266666667,0.002380664,0.00259170833333333,0.00243585033333333,0.0,0.001165571,0.0,0.0,0.00170108066666667
Los Angeles,0.0,0.00353185066666667,0.00188190133333333,0.00181079133333333,0.024646655,2.9473e-05,1.42033333333333e-05,0.00196304366666667,0.0103592186666667,0.00155435466666667,0.00399019333333333,0.011736374
New York,0.0,1.00226666666667e-05,7.10853333333333e-05,0.0,0.000380923,0.0,0.0,4.68703333333333e-05,0.0257502316666667,5.354e-06,3.33333333333333e-06,0.0665265066666667
Seattle,0.0,0.000120949333333333,1.6633e-05,0.000228714666666667,0.000535640333333333,0.0,6.22216666666667e-05,0.001066715,0.00115648833333333,0.006141343,0.00665309166666667,7.14176666666667e-05
Sunnyvale,0.0,0.00133495,0.000390405666666667,0.000395466333333333,0.007054395,1.09433333333333e-05,0.000501827,0.00269454866666667,0.00133587666666667,0.00152422933333333,0.000970046,0.00142661466666667
Washington DC,0.0,2.06576666666667e-05,0.000275625,0.0,0.000287202,6.66666666666667e-06,6.66666666666667e-06,0.000111640666666667,0.000180206333333333,1.66666666666667e-05,2.12036666666667e-05,0.394748966666667
