src/dst,Atlanta_1,Atlanta_2,Chicago,Denver,Houston,Indianapolis,Kansas City,Los Angeles,New York,Seattle,Sunnyvale,Washington DC
Atlanta_1,2.40583333333333e-05,0.000333914,0.000119307,0.0,0.000284211666666667,9.9341e-05,6.66666666666667e-06,0.0,4.72653333333333e-05,0.0,0.0,0.000191726333333333
Atlanta_2,0.0,0.00333179933333333,0.002802213,1.5151e-05,0.0126177286666667,0.00490033,0.000934961333333333,0.0,0.002475703,3.33333333333333e-06,3.3601e-05,0.00716503966666667
Chicago,0.0,0.004844193,0.013387652,0.003597214,0.0159019523333333,0.0105460846666667,0.002527508,2.9908e-05,0.00529772966666667,1e-05,0.000261579,0.00410211666666667
Denver,0.0,0.001535192,0.005945659,0.000630227666666667,0.00464754066666667,0.003675003,0.00143248433333333,0.0,0.002699568,0.00110798833333333,0.000146150666666667,0.00552536766666667
Houston,0.0,0.00532221833333333,0.00019466,1e-05,0.0184827646666667,2.15086666666667e-05,0.0,6.95866666666667e-06,0.001050664,3.33333333333333e-06,5.5238e-05,0.0140630543333333
Indianapolis,0.0,0.00556417733333333,0.015666155,0.00161461366666667,0.011734496,0.00599381666666667,0.00305543566666667,3.33333333333333e-06,0.00919720166666667,2.72806666666667e-05,5.56873333333333e-05,0.00434586833333333
Kansas City,0.0,0.0008214,0.00343827133333333,0.000961581,0.002334937,0.00294773366666667,0.000834978666666667,3.33333333333333e-06,0.00134824333333333,0.0,1.87933333333333e-05,0.00205825633333333
Los Angeles,0.0,0.00441518833333333,0.000526204,0.001847458,0.022968732,2.4748e-05,2.1151e-05,0.00190937433333333,0.00920852866666667,0.00218109466666667,0.003913667,0.012692031
New York,0.0,0.00506318633333333,0.0118618806666667,0.00560734433333333,0.0197956193333333,0.0109713193333333,0.00304713333333333,9.31263333333333e-05,0.032360733,3.33333333333333e-06,0.000699597666666667,0.0192423933333333
Seattle,0.0,0.000237311666666667,7.17163333333333e-05,0.00247380533333333,0.000833765333333333,0.0,7.42103333333333e-05,0.00465508166666667,0.000812521333333333,0.00197279366666667,0.00651691233333333,0.000170407333333333
Sunnyvale,0.0,0.00152710933333333,0.002782674,0.000796376,0.00523360066666667,4.24083333333333e-05,0.000804574333333333,0.00331033533333333,0.002197619,0.00080095,0.000203470333333333,0.00408978
Washington DC,0.0,0.0160220676666667,0.0102726073333333,0.000665448333333333,0.0417025033333333,0.00961404766666667,0.00160437433333333,5.7292e-05,0.0276942073333333,3.0075e-05,0.000553248,0.0399328333333333
