src/dst,Atlanta_1,Atlanta_2,Chicago,Denver,Houston,Indianapolis,Kansas City,Los Angeles,New York,Seattle,Sunnyvale,Washington DC
Atlanta_1,3.33333333333333e-06,3.7976e-05,3.1618e-05,0.0,0.0,3.33333333333333e-06,0.0,3.70813333333333e-05,8.1831e-05,0.0,3.46196666666667e-05,2.8119e-05
Atlanta_2,7.493e-06,0.00437149433333333,0.00343450366666667,0.000449499333333333,0.000232414333333333,0.001376645,8.79176666666667e-05,0.003363986,0.000476699,3.496e-05,0.000782357666666667,0.00202841066666667
Chicago,3.0308e-05,0.00173914666666667,0.00646439266666667,0.00195365133333333,0.007165247,0.00524761933333333,0.000638043333333333,0.003573147,0.00165808166666667,8.9849e-05,0.00118173366666667,0.002983748
Denver,3.196e-05,0.00118489066666667,0.0100679663333333,0.001653986,0.002692955,0.003155146,0.003746943,0.00210197566666667,0.00111414766666667,0.00118120566666667,0.00396413866666667,0.00537862266666667
Houston,0.0,0.00392731133333333,0.00210639133333333,0.000117391666666667,0.00187683066666667,0.000837343666666667,0.000156213666666667,0.000459222666666667,0.000620551333333333,0.0,0.000296776333333333,0.00105803166666667
Indianapolis,0.0,0.00118390033333333,0.006175255,0.001286191,8.86566666666667e-05,0.00261044966666667,0.000885379333333333,0.00145870666666667,0.000906301333333333,2.5553e-05,0.002801947,0.002413246
Kansas City,0.0,0.000189661333333333,0.00180094066666667,0.000589636666666667,0.000401427666666667,0.00192125633333333,0.001512067,0.000770297,0.000334236333333333,0.000253453,0.000542339,0.000989203
Los Angeles,6.75866666666667e-06,0.002131431,0.007015035,0.001820672,0.0002567,0.00213167066666667,0.000669320666666667,0.002327306,0.00319910866666667,0.003474209,0.00454150166666667,0.00938027866666667
New York,4.37643333333333e-05,0.00125191066666667,0.00409463066666667,0.00283307533333333,0.000315393,0.002667621,0.000373860666666667,0.00841576366666667,0.009440702,0.000218359666666667,0.00384166,0.00455709566666667
Seattle,0.0,2.8004e-05,0.0,0.000688780666666667,3.33333333333333e-06,5.326e-05,0.0,0.00633993633333333,2.0692e-05,0.001175861,0.00509757733333333,6.66666666666667e-06
Sunnyvale,5.433e-05,0.00078138,0.000833194,0.000462725,0.0156380803333333,0.000678764,0.000222633,0.00204419366666667,0.000767131,0.000962252333333333,0.000912541,0.000487017
Washington DC,2.8048e-05,0.011209895,0.009342393,0.007112796,0.008841731,0.00346665133333333,0.000997485333333333,0.016030016,0.0186544596666667,0.000131777,0.005779381,0.0284633736666667
