src/dst,Atlanta_1,Atlanta_2,Chicago,Denver,Houston,Indianapolis,Kansas City,Los Angeles,New York,Seattle,Sunnyvale,Washington DC
Atlanta_1,0.001031265,0.000127786333333333,3.51713333333333e-05,0.0,0.000158721666666667,5.53546666666667e-05,6.39376666666667e-05,0.0,5.0569e-05,0.0,0.0,0.000754495
Atlanta_2,0.0,0.003578265,0.005924264,1e-05,0.00554375466666667,0.00499394766666667,0.00229615566666667,0.0,0.002945866,6.42273333333333e-05,5.67863333333333e-05,0.0127985013333333
Chicago,0.0,0.003588802,0.0270846483333333,0.00426250566666667,0.00891280533333333,0.0111434163333333,0.002292148,4.23e-05,0.004735614,6.66666666666667e-06,9.67793333333333e-05,0.00790781033333333
Denver,0.0,0.000771366666666667,0.0109576206666667,0.00215414033333333,0.004340923,0.00313257033333333,0.00283644,3.33333333333333e-06,0.004802169,0.001388582,2.2258e-05,0.003709537
Houston,0.0,0.00522842533333333,0.000744347333333333,0.0,0.0215806903333333,1e-05,6.74233333333333e-06,0.0,0.00136594766666667,2.98333333333333e-05,1.27946666666667e-05,0.0159012846666667
Indianapolis,0.0,0.00311198533333333,0.023434415,0.000807840666666667,0.00873262966666667,0.00478962233333333,0.00176016933333333,3.33333333333333e-06,0.006532648,0.000113282333333333,0.000132339,0.00538414166666667
Kansas City,0.0,0.00218715566666667,0.00474704466666667,0.001405684,0.00254961266666667,0.002321857,0.00131986666666667,0.0,0.000970146,2.37806666666667e-05,1e-05,0.001706502
Los Angeles,0.0,0.003388191,0.00263698566666667,0.000965008666666667,0.0305084183333333,0.000154798666666667,5.69836666666667e-05,0.00331741066666667,0.00945562033333333,0.001791804,0.00365088433333333,0.0143076246666667
New York,0.0,0.00944351333333333,0.0144529793333333,0.004257426,0.0138556636666667,0.00737544033333333,0.00346029766666667,5.1766e-05,0.0350876366666667,9.45733333333333e-06,0.000176095,0.0204677623333333
Seattle,0.0,5.00506666666667e-05,0.000101373333333333,0.000546163,0.000865636666666667,3.33333333333333e-06,0.000638078666666667,0.005522564,0.000299271,0.00162870733333333,0.00627260566666667,0.000295782333333333
Sunnyvale,0.0,0.001930305,0.000413449,0.00166676133333333,0.00757257566666667,5.01333333333333e-05,0.000612218333333333,0.00248705333333333,0.002124742,0.000916291,0.000760348,0.00295767833333333
Washington DC,0.0,0.013273023,0.019259424,0.00164195233333333,0.0266399033333333,0.00885012566666667,0.003363515,6.66666666666667e-06,0.022757456,6.01093333333333e-05,0.000353940333333333,0.05114739
