src/dst,Atlanta_1,Atlanta_2,Chicago,Denver,Houston,Indianapolis,Kansas City,Los Angeles,New York,Seattle,Sunnyvale,Washington DC
Atlanta_1,0.0,0.0,3.09456666666667e-05,0.0,0.0,0.0,0.0,8.33333333333333e-06,3.33333333333333e-06,0.0,0.0,5.01776666666667e-05
Atlanta_2,2.53563333333333e-05,0.00346296933333333,0.000960146333333333,0.000612858,0.00112281133333333,0.00140869766666667,6.01976666666667e-05,0.00173794933333333,0.000705131,9.58433333333333e-06,0.000437975333333333,0.00347375333333333
Chicago,0.0,0.00167318,0.009907488,0.000550505,0.003743929,0.00458484966666667,0.000631557,0.00419914666666667,0.001239843,0.000217468666666667,0.000836902333333333,0.002521529
Denver,2.88133333333333e-05,0.000443753,0.011286629,0.001571,0.00301540966666667,0.00248779166666667,0.00287931733333333,0.00260995,0.001853993,0.001877479,0.003650159,0.00545152033333333
Houston,0.000125682666666667,0.000280345666666667,0.001898798,0.000132829666666667,0.0017218,5.63486666666667e-05,9.9681e-05,0.000510184,0.000210229,0.000250378666666667,0.000167681333333333,0.000812223666666667
Indianapolis,0.0,0.000646634666666667,0.006616833,0.000632393,0.000192843,0.000993134666666667,0.00119051333333333,0.00294603966666667,0.00134905433333333,3.73993333333333e-05,0.002208124,0.001488738
Kansas City,0.0,0.000179156666666667,0.00160178,0.000617002,0.000348134,0.001597512,0.001661989,0.000613069666666667,0.000353853,0.000255784,0.000348367666666667,0.00100978933333333
Los Angeles,3.33333333333333e-06,0.000568347333333333,0.011003306,0.001479731,0.00045099,0.002027627,0.000250504333333333,0.00158617466666667,0.00377216433333333,0.00299572833333333,0.002906215,0.00295788733333333
New York,0.000290293333333333,0.00125031566666667,0.00254134533333333,0.00267251266666667,0.000620549,0.00142858033333333,0.000805526,0.007800737,0.00719148766666667,0.000381185333333333,0.003213111,0.004112727
Seattle,0.0,0.0,0.0,0.000146691,0.0,1.7851e-05,0.0,0.003459844,6.66666666666667e-06,0.000969667666666667,0.00436751766666667,6.66666666666667e-06
Sunnyvale,0.0,0.000704461666666667,0.002279311,0.000523501666666667,0.000196421333333333,0.000243817,0.000625155333333333,0.00271469266666667,0.000808638,0.00123975766666667,0.000753326,0.000243803333333333
Washington DC,7.84766666666667e-05,0.00759032666666667,0.01074178,0.007042902,0.00142406066666667,0.0040985,0.00130722866666667,0.0106729203333333,0.0289342153333333,0.000742056666666667,0.00641748,0.0256122126666667
