src/dst,Atlanta_1,Atlanta_2,Chicago,Denver,Houston,Indianapolis,Kansas City,Los Angeles,New York,Seattle,Sunnyvale,Washington DC
Atlanta_1,0.0,0.000227966666666667,0.00020081,0.0,0.000172891666666667,3.3699e-05,3.32596666666667e-05,0.0,7.1935e-05,0.0,3.33333333333333e-06,0.000103821666666667
Atlanta_2,0.0,0.00367368066666667,0.003946739,0.0,0.00658623166666667,0.00544651766666667,0.00243112466666667,3.33333333333333e-06,0.00261505433333333,6.66666666666667e-06,0.000128818666666667,0.005420399
Chicago,0.0,0.00369004133333333,0.0131388876666667,0.00381434566666667,0.016950468,0.00694161733333333,0.00245984,4.4947e-05,0.00704807566666667,8e-06,0.000154244333333333,0.00511149033333333
Denver,0.0,0.001406081,0.00780632833333333,0.00187910766666667,0.00856321833333333,0.00414479933333333,0.00192815466666667,0.000285029333333333,0.00178929133333333,0.00118993966666667,0.000186497333333333,0.00627744166666667
Houston,0.0,0.006039838,0.000242685,0.0,0.0366288,4.716e-06,1.09223333333333e-05,6.97333333333333e-06,0.00122993433333333,0.0,9.36913333333333e-05,0.0155715423333333
Indianapolis,0.0,0.00273936566666667,0.0142066713333333,0.002235059,0.0106649963333333,0.00315604666666667,0.003764255,0.000109835,0.00882480833333333,4.68913333333333e-05,0.000179892666666667,0.00423785533333333
Kansas City,0.0,0.000986591,0.00394766233333333,0.00112443633333333,0.002099631,0.00272671866666667,0.00151969066666667,3.33333333333333e-06,0.00120541066666667,0.0,4.57776666666667e-05,0.001345855
Los Angeles,0.0,0.005107733,0.00196732233333333,0.00465540133333333,0.0316976783333333,1.62456666666667e-05,8.1804e-05,0.00329379166666667,0.0113809433333333,0.002877606,0.003365039,0.013337512
New York,0.0,0.004437617,0.0138921973333333,0.00463324233333333,0.0202517186666667,0.0104375393333333,0.00305535266666667,0.000106484333333333,0.0244544036666667,3.33333333333333e-06,0.000483891,0.01530005
Seattle,0.0,3.11443333333333e-05,5.12356666666667e-05,0.000405993,0.00117965766666667,0.0,6.98033333333333e-05,0.00430991433333333,0.000894316,0.00122567933333333,0.00548227966666667,0.000137098666666667
Sunnyvale,0.0,0.00189389833333333,0.000627231333333333,0.00135476366666667,0.00558084566666667,0.0,0.000557759333333333,0.004294826,0.002211715,0.000954968666666667,0.000558378,0.00293754633333333
Washington DC,0.0,0.013339759,0.0124610416666667,3.08333333333333e-05,0.0338174133333333,0.009893926,0.004162884,3.42246666666667e-05,0.0214005703333333,2.56393333333333e-05,0.000904927333333333,0.030895789
