src/dst,Atlanta_1,Atlanta_2,Chicago,Denver,Houston,Indianapolis,Kansas City,Los Angeles,New York,Seattle,Sunnyvale,Washington DC
Atlanta_1,0.0,0.000102938,4.19306666666667e-05,0.0,0.000274730666666667,0.000100758666666667,6.55366666666667e-06,0.0,4.57906666666667e-05,0.0,0.0,0.000244287666666667
Atlanta_2,0.0,0.00409379766666667,0.00577574933333333,0.0,0.00386972533333333,0.004348599,0.000254429,4.90566666666667e-06,0.00202614466666667,0.00011096,2.9539e-05,0.0124619806666667
Chicago,0.0,0.00316013,0.0206394556666667,0.00115560833333333,0.0106207566666667,0.00661932666666667,0.00195686466666667,1.16186666666667e-05,0.00421749966666667,1.61306666666667e-05,0.000102837333333333,0.00439150933333333
Denver,0.0,0.000524435666666667,0.00789825066666667,0.000786686333333333,0.00336855166666667,0.00382932866666667,0.000650025,0.0,0.00198008,0.000584628,0.0,0.003094855
Houston,0.0,0.00794583966666667,0.000256179333333333,0.0,0.0131078836666667,1.33333333333333e-05,1.33333333333333e-05,0.0,0.000809871666666667,3.33333333333333e-06,7.612e-06,0.0136115643333333
Indianapolis,0.0,0.00294380366666667,0.0184394453333333,0.000849672333333333,0.00612353566666667,0.005567065,0.000539258666666667,0.0,0.00463257333333333,5.474e-05,7.9494e-05,0.00358401866666667
Kansas City,0.0,0.000679731666666667,0.004130693,0.000711864333333333,0.00172196166666667,0.00141269366666667,0.000602796,0.0,0.00101449033333333,3.33333333333333e-06,6.87106666666667e-05,0.002524428
Los Angeles,0.0,0.00695752833333333,0.00138888,0.001399778,0.030601816,0.000114863666666667,8.7796e-05,0.00170674233333333,0.009982235,0.00130439366666667,0.00331721533333333,0.0128071923333333
New York,0.0,0.00622363433333333,0.0119599686666667,0.00397857233333333,0.0154204846666667,0.00807101966666667,0.00173470733333333,3.04543333333333e-05,0.032516632,1.91763333333333e-05,0.000468665666666667,0.0106337776666667
Seattle,0.0,3.48483333333333e-05,5.38426666666667e-05,7.3698e-05,0.00150049733333333,3.33333333333333e-06,6.669e-06,0.004777001,0.000739568,0.000915448333333333,0.00359664733333333,0.000372514333333333
Sunnyvale,0.0,0.000844000666666667,0.000327529333333333,0.000186060666666667,0.004837927,1.04533333333333e-05,0.000251115,0.00298606533333333,0.001521522,0.000264657,0.000239149666666667,0.00326816433333333
Washington DC,0.0,0.0101336883333333,0.0115227793333333,4.16666666666667e-06,0.0235241116666667,0.00748490666666667,0.001352791,2.3522e-05,0.017992515,0.0,0.000600388333333333,0.0504524966666667
