src/dst,Atlanta_1,Atlanta_2,Chicago,Denver,Houston,Indianapolis,Kansas City,Los Angeles,New York,Seattle,Sunnyvale,Washington DC
Atlanta_1,3.4308e-05,9.73566666666667e-06,0.000229600666666667,0.0,9.18416666666667e-05,7.92106666666667e-05,0.000211403,0.0,0.000198980666666667,0.0,3.33333333333333e-06,0.000253306333333333
Atlanta_2,0.0,0.003669536,0.00257904466666667,1.33333333333333e-05,0.00439511133333333,0.00281992833333333,0.000526175333333333,0.0,0.00185167166666667,3.33333333333333e-06,7.5031e-05,0.00598201366666667
Chicago,0.0,0.003449421,0.0114016396666667,0.00252246733333333,0.013777861,0.0104576953333333,0.00231408433333333,1.7692e-05,0.00359186533333333,0.0,4.78873333333333e-05,0.00513376733333333
Denver,0.0,0.00206632166666667,0.013139209,0.000851405,0.00413502966666667,0.00466168066666667,0.00139124266666667,2.9351e-05,0.00273390366666667,0.000507646666666667,0.000251989333333333,0.005074725
Houston,0.0,0.002510699,0.000157353333333333,7.423e-06,0.0134186653333333,0.0,1.54273333333333e-05,3.33333333333333e-06,0.000821459,3.33333333333333e-06,1e-05,0.0130998223333333
Indianapolis,0.0,0.003510675,0.014350472,0.00112825633333333,0.00937265533333333,0.005134737,0.00268354233333333,2.0905e-05,0.009992363,4.67933333333333e-06,0.000192161,0.005811539
Kansas City,0.0,0.000400433333333333,0.002865566,0.001422483,0.002040317,0.001165669,0.000834316333333333,0.0,0.000919951,3.33333333333333e-06,1.1827e-05,0.002065371
Los Angeles,0.0,0.001916075,0.00182064366666667,0.000937380666666667,0.0176153086666667,0.000181324666666667,8.02266666666667e-05,0.001832659,0.00884543766666667,0.00121869666666667,0.00238812666666667,0.0125492656666667
New York,0.0,0.00511744833333333,0.008101429,0.00502872966666667,0.0149420396666667,0.008713151,0.001799726,3.5856e-05,0.0218954156666667,1e-05,0.000779204666666667,0.016066676
Seattle,0.0,3.3085e-05,5.34666666666667e-05,0.000362747333333333,0.000682823,0.0,0.000111478,0.00413698266666667,0.00124717466666667,0.00103486866666667,0.00567553933333333,5.14756666666667e-05
Sunnyvale,0.0,0.00163599433333333,0.000508747,0.000742491,0.00420376466666667,3.83073333333333e-05,0.00106426533333333,0.00275983033333333,0.001728268,0.000474564333333333,0.000295821333333333,0.00146276733333333
Washington DC,0.0,0.01173126,0.00858083766666667,0.00093012,0.024071724,0.00800275233333333,0.00314414333333333,6.66666666666667e-06,0.019169073,2.5297e-05,0.000342968666666667,0.020916703
