src/dst,Atlanta_1,Atlanta_2,Chicago,Denver,Houston,Indianapolis,Kansas City,Los Angeles,New York,Seattle,Sunnyvale,Washington DC
Atlanta_1,1.09266666666667e-05,4.3813e-05,6.61056666666667e-05,0.0,0.000167502,8.96206666666667e-05,2.7765e-05,0.0,4.22486666666667e-05,0.0,3.33333333333333e-06,0.000184918333333333
Atlanta_2,0.0,0.004050268,0.005381107,0.0,0.00726884566666667,0.00458600266666667,0.000950956,4.73946666666667e-05,0.00291782766666667,5.76666666666667e-05,6.0756e-05,0.00760826966666667
Chicago,0.0,0.004839981,0.0162780066666667,0.00266485833333333,0.018302351,0.008952772,0.003583238,1.11716666666667e-05,0.00486018466666667,3.33333333333333e-06,0.000108413666666667,0.006141697
Denver,0.0,0.000988475,0.00609366233333333,0.00145077033333333,0.00547959033333333,0.00358341633333333,0.000741198,8.84666666666667e-06,0.002788899,0.000673042666666667,7.73e-05,0.004430128
Houston,0.0,0.00535081633333333,0.000122036,0.0,0.0242255,1.564e-05,0.0,0.0,0.001100696,0.0,5.0232e-05,0.0156977233333333
Indianapolis,0.0,0.003030104,0.023470898,0.00487990533333333,0.00936146533333333,0.00501919033333333,0.001321681,3.33333333333333e-06,0.0107209316666667,4.13073333333333e-05,0.000158233666666667,0.00935727366666667
Kansas City,0.0,0.00126039766666667,0.003653184,0.000807113333333333,0.00231791466666667,0.00209659533333333,0.000844478666666667,3.04753333333333e-05,0.00115654666666667,3.33333333333333e-06,1.52333333333333e-05,0.00245793266666667
Los Angeles,0.0,0.00424251966666667,0.00191053333333333,0.003499956,0.029568438,3.7245e-05,0.000214544333333333,0.00312393233333333,0.011064252,0.00144374933333333,0.005448325,0.013350918
New York,0.0,0.00695243066666667,0.0128309546666667,0.00629868166666667,0.022366444,0.010892127,0.00304702366666667,6.132e-05,0.030224252,0.0,0.000809893666666667,0.0197961596666667
Seattle,0.0,5.64483333333333e-05,4.18733333333333e-05,0.000300740666666667,0.000671292,0.0,4.16543333333333e-05,0.006332421,0.000449508666666667,0.000831599666666667,0.00354911333333333,0.000291195666666667
Sunnyvale,0.0,0.002446559,0.000101249,0.000844153333333333,0.00557168033333333,6.66666666666667e-06,0.000812309666666667,0.003980511,0.00170700766666667,0.00277988,0.000272188,0.00188223733333333
Washington DC,0.0,0.0148797026666667,0.011657088,0.0,0.032539345,0.00891077566666667,0.003014271,3.5259e-05,0.0225569476666667,8.66e-06,0.000487604,0.0382065533333333
