src/dst,Atlanta_1,Atlanta_2,Chicago,Denver,Houston,Indianapolis,Kansas City,Los Angeles,New York,Seattle,Sunnyvale,Washington DC
Atlanta_1,0.0,0.0,8.836e-06,0.0,3.99616666666667e-05,6.23346666666667e-05,0.0,0.0,3.33333333333333e-06,0.0,0.0,0.000154365333333333
Atlanta_2,0.0,0.003102065,0.00167551566666667,0.0,0.004453753,0.00191474833333333,0.000274864,0.0,0.00134186933333333,0.0,0.000391087,0.00543125133333333
Chicago,0.0,0.000900832333333333,0.00934851133333333,0.00161184566666667,0.00875063866666667,0.005381816,0.00178140033333333,3.7141e-05,0.001654288,6.66666666666667e-06,6.43176666666667e-05,0.003935891
Denver,0.0,0.000568303666666667,0.005836999,0.00103078566666667,0.00454507166666667,0.00297916833333333,0.00189309333333333,3.33333333333333e-06,0.00219921533333333,0.001028737,1.66666666666667e-05,0.00497042333333333
Houston,0.0,0.00130336166666667,0.000132218333333333,0.0,0.0220110576666667,0.0,0.0,0.0,0.000314575,6.66666666666667e-06,6.66666666666667e-06,0.005181247
Indianapolis,0.0,0.000724104666666667,0.00688369766666667,0.00106126266666667,0.00479856533333333,0.00156229133333333,0.000713143666666667,0.0,0.00108840566666667,6.66666666666667e-06,2.9391e-05,0.00130715566666667
Kansas City,0.0,0.00142533366666667,0.00276845866666667,0.00154129033333333,0.00177342866666667,0.001494228,0.000508516,3.33333333333333e-06,0.00100749333333333,0.0,3.33333333333333e-06,0.00106125733333333
Los Angeles,0.0,0.00103929733333333,0.00130726833333333,0.00241692433333333,0.025752202,4.93943333333333e-05,4.86263333333333e-05,0.00178324266666667,0.005387259,0.001129264,0.00175923,0.00501010566666667
New York,0.0,0.001825311,0.00359082066666667,0.00308965733333333,0.012642164,0.00301004733333333,0.00105990333333333,1.70513333333333e-05,0.01257794,1.96686666666667e-05,0.00062222,0.00699332933333333
Seattle,0.0,0.000172080666666667,6.1114e-05,0.00147766533333333,0.000448668,3.33333333333333e-06,7.6505e-05,0.004602099,7.91353333333333e-05,0.00198937966666667,0.007309204,0.000109905
Sunnyvale,0.0,0.00104219533333333,0.000245788666666667,0.000125030333333333,0.007428063,5.9517e-05,0.000195992333333333,0.00243830066666667,0.00104895533333333,0.000232792666666667,0.000516165666666667,0.00143915933333333
Washington DC,0.0,0.0142938063333333,0.00430196033333333,0.000366819666666667,0.0226689586666667,0.00482453766666667,0.00209426333333333,1.48606666666667e-05,0.0133687483333333,3.33333333333333e-06,0.000478579666666667,0.0231270786666667
