src/dst,Atlanta_1,Atlanta_2,Chicago,Denver,Houston,Indianapolis,Kansas City,Los Angeles,New York,Seattle,Sunnyvale,Washington DC
Atlanta_1,0.0,1.69143333333333e-05,0.000126218666666667,0.0,0.000213677,0.000158498333333333,1.20253333333333e-05,0.0,7.3218e-05,0.0,0.0,0.000228689
Atlanta_2,0.0,0.00355584066666667,0.004097306,0.0,0.00954776933333333,0.00289730833333333,0.000482807333333333,1.05486666666667e-05,0.00244698666666667,0.0,3.16156666666667e-05,0.011474256
Chicago,0.0,0.00467005,0.015902538,0.00452001333333333,0.017834591,0.00680686366666667,0.00167248233333333,0.000597434333333333,0.00455860566666667,1e-05,0.000365317,0.0104080516666667
Denver,0.0,0.000745282666666667,0.008230875,0.00197994566666667,0.00597890533333333,0.003506951,0.001499644,3.33333333333333e-06,0.002215015,0.00121759166666667,3.51223333333333e-05,0.005690259
Houston,0.0,0.005884054,0.000181280333333333,3.33333333333333e-06,0.0142225103333333,6.66666666666667e-06,0.0,3.33333333333333e-06,0.000554935,0.0,3.33333333333333e-06,0.0149557093333333
Indianapolis,0.0,0.00163115933333333,0.0165711503333333,0.00149851733333333,0.0111451756666667,0.00331256566666667,0.00145087833333333,4.78736666666667e-05,0.00680719366666667,3.33333333333333e-06,0.000733324666666667,0.00366782433333333
Kansas City,0.0,0.000545885,0.00455369666666667,0.00145700633333333,0.00247971433333333,0.002203567,0.000605919333333333,0.0,0.00116532966666667,0.0,5.0972e-05,0.00179152366666667
Los Angeles,0.0,0.00427340066666667,0.417318666666667,0.004366392,0.023404262,0.000105953,2.5584e-05,0.001683847,0.0102475276666667,0.00143312866666667,0.004361187,0.01372068
New York,0.0,0.00335798766666667,0.0105934473333333,0.00524182866666667,0.018385316,0.00564498766666667,0.00218271966666667,3.3236e-05,0.0300216833333333,3.33333333333333e-06,0.00105842166666667,0.0103071376666667
Seattle,0.0,2.06153333333333e-05,1.346e-05,0.000206165333333333,0.000638971,0.0,4.5932e-05,0.00573774033333333,0.000570085333333333,0.00172847133333333,0.00569659633333333,0.000524160666666667
Sunnyvale,0.0,0.001065819,0.000728368,0.000805230333333333,0.00614339366666667,6.69186666666667e-05,0.000347401333333333,0.00285368666666667,0.001281252,0.000959670333333333,0.000316559666666667,0.001318803
Washington DC,0.0,0.017445688,0.0126603173333333,0.000832941666666667,0.0314484316666667,0.00709241066666667,0.00233180033333333,2.8903e-05,0.0174604983333333,3.58496666666667e-05,0.00117533666666667,0.04370307
