src/dst,Atlanta_1,Atlanta_2,Chicago,Denver,Houston,Indianapolis,Kansas City,Los Angeles,New York,Seattle,Sunnyvale,Washington DC
Atlanta_1,6.66666666666667e-06,6.7326e-05,9.04033333333333e-05,0.0,0.000111055333333333,2.4186e-05,0.000106893333333333,0.0,8.04733333333333e-05,0.0,0.0,0.000124102
Atlanta_2,0.0,0.00421192266666667,0.00222653733333333,6.98466666666667e-06,0.004312293,0.00439150133333333,0.000605628666666667,0.0,0.00220588833333333,5.16866666666667e-05,2.3555e-05,0.0120129743333333
Chicago,0.0,0.003616655,0.0199730396666667,0.00225904433333333,0.012041364,0.004636673,0.001901532,1.02983333333333e-05,0.00324640433333333,1e-05,0.000162712666666667,0.00529159166666667
Denver,0.0,0.001333727,0.009047944,0.00161824466666667,0.00417843766666667,0.003775247,0.00290942533333333,3.33333333333333e-06,0.00201314433333333,0.00144391466666667,1.04086666666667e-05,0.00641379633333333
Houston,0.0,0.00633742366666667,0.000397616333333333,0.0,0.0316827036666667,3.33333333333333e-06,0.0,3.552e-06,0.000852124,0.0,3.33333333333333e-06,0.01305643
Indianapolis,0.0,0.001828957,0.0126310366666667,0.00160757433333333,0.00635361866666667,0.00289291866666667,0.00347144966666667,0.0,0.00373346166666667,0.000797968333333333,3.1125e-05,0.004577518
Kansas City,0.0,0.000601346333333333,0.004595685,0.000955719666666667,0.00134745,0.00166579833333333,0.001367756,3.33333333333333e-06,0.000843859666666667,7.968e-06,3.83506666666667e-05,0.00125446833333333
Los Angeles,0.0,0.00399865633333333,0.00194454866666667,0.00134702333333333,0.0342134633333333,0.000276423,3.32813333333333e-05,0.001574292,0.009306521,0.00152915233333333,0.003316565,0.0122746146666667
New York,0.0,0.005358193,0.01102776,0.00381396833333333,0.0126798413333333,0.00427187166666667,0.00201051133333333,5.31986666666667e-05,0.0302415393333333,1e-05,0.000323365333333333,0.0156991273333333
Seattle,0.0,0.000383839,3.2526e-05,0.000142217333333333,0.000412592,0.0,0.000112221,0.004216015,0.000679102333333333,0.00179000333333333,0.00586906733333333,0.000172894
Sunnyvale,0.0,0.00148975333333333,0.00311282,0.000542274333333333,0.006273392,5.8374e-05,0.000363373,0.00264883033333333,0.001872635,0.000348636333333333,0.000837784333333333,0.00459908233333333
Washington DC,0.0,0.0203515763333333,0.016653187,0.000192032,0.0358054066666667,0.00484330566666667,0.00140732666666667,6.66666666666667e-06,0.022536916,0.000510187333333333,0.000605036,0.0544486533333333
