src/dst,Atlanta_1,Atlanta_2,Chicago,Denver,Houston,Indianapolis,Kansas City,Los Angeles,New York,Seattle,Sunnyvale,Washington DC
Atlanta_1,0.0,3.33333333333333e-06,0.000193285666666667,3.33333333333333e-06,0.000231886,8.8912e-05,1.009e-05,0.0,5.41843333333333e-05,0.0,0.0,0.000485897
Atlanta_2,0.0,0.006086763,0.00186896533333333,3.33333333333333e-06,0.00486563133333333,0.00251139666666667,0.000322159333333333,0.0,0.00175335433333333,0.0,4.7709e-05,0.01036016
Chicago,0.0,0.00170063733333333,0.0219838406666667,0.005063248,0.0131894233333333,0.00352079166666667,0.00226706366666667,8.47733333333333e-06,0.00320306366666667,3.33333333333333e-06,0.000132273333333333,0.003422466
Denver,0.0,0.000835377333333333,0.0115209583333333,0.00208982,0.004124393,0.00346692366666667,0.00206741933333333,9.76266666666667e-06,0.002729219,0.000502954,7.959e-06,0.00455393466666667
Houston,0.0,0.00264873933333333,0.000347971666666667,0.0,0.0135571643333333,3.37066666666667e-06,0.0,0.0,0.000847103666666667,0.0,1e-05,0.00929950366666667
Indianapolis,0.0,0.00198050966666667,0.0213200886666667,0.00187006666666667,0.00858008233333333,0.001774316,0.001251131,0.0,0.005799725,1.83666666666667e-05,0.000253313666666667,0.00377734333333333
Kansas City,0.0,0.000615654666666667,0.004753626,0.000802198333333333,0.00179507366666667,0.00162924,0.000768436666666667,0.0,0.000943023,0.0,7.902e-06,0.00153801
Los Angeles,0.0,0.00164641066666667,0.00168870833333333,0.00141730033333333,0.022735892,1.21496666666667e-05,0.0,0.00324894033333333,0.00722682966666667,0.001184611,0.00281542766666667,0.008902549
New York,0.0,0.00382280633333333,0.012332623,0.00545536666666667,0.0200818823333333,0.004985021,0.00242187966666667,6.66666666666667e-06,0.0346648933333333,0.0,0.000607461333333333,0.014016092
Seattle,0.0,5.66213333333333e-05,2.82746666666667e-05,0.00107721966666667,0.000717268333333333,7.163e-06,6.39363333333333e-05,0.00488035466666667,9.7029e-05,0.001326278,0.005702687,2.88436666666667e-05
Sunnyvale,0.0,0.00116967166666667,0.000445374333333333,0.000620784666666667,0.00611634966666667,4.452e-06,0.000784105333333333,0.00277777766666667,0.00112905133333333,0.00235702033333333,0.00131747433333333,0.000973746333333333
Washington DC,0.0,0.0113644533333333,0.0135410313333333,0.00135636433333333,0.0220124913333333,0.00382464633333333,0.00374218066666667,0.000192049333333333,0.0223335803333333,0.000239782666666667,0.00065393,0.0489830466666667
