src/dst,Atlanta_1,Atlanta_2,Chicago,Denver,Houston,Indianapolis,Kansas City,Los Angeles,New York,Seattle,Sunnyvale,Washington DC
Atlanta_1,0.0,2.64046666666667e-05,6.06596666666667e-05,0.0,0.000136632333333333,1e-05,0.0,0.0,2.30333333333333e-05,0.0,0.0,0.000161549333333333
Atlanta_2,0.0,0.00444569433333333,0.004754136,0.0,0.00366178866666667,0.003590683,0.000471614666666667,0.0,0.00142551266666667,5.822e-06,1.10293333333333e-05,0.011696675
Chicago,0.0,0.00228953266666667,0.0205757326666667,0.00189754633333333,0.012665914,0.00624703133333333,0.00327578333333333,3.5432e-05,0.005062319,6.66e-06,0.000155412333333333,0.00424273466666667
Denver,0.0,0.000268271333333333,0.00888366533333333,0.00122938566666667,0.00317021366666667,0.00360843066666667,0.001439611,0.0,0.00165054666666667,0.000869869,6.66666666666667e-06,0.003342781
Houston,0.0,0.004112597,0.000183547666666667,0.0,0.0112640066666667,0.0,0.0,0.0,0.000701332333333333,0.0,3.33333333333333e-06,0.0119513196666667
Indianapolis,0.0,0.001764016,0.016830807,0.00130899,0.00822042333333333,0.00521187766666667,0.000412320333333333,0.0,0.00731216,0.000203964,4.67883333333333e-05,0.00393631766666667
Kansas City,0.0,0.00036366,0.00368671233333333,0.000583886333333333,0.00203201533333333,0.00131570966666667,0.000697216333333333,3.33333333333333e-06,0.001426578,6.041e-06,6.4838e-05,0.00135871933333333
Los Angeles,0.0,0.003362535,0.00163024833333333,0.001165955,0.0273854436666667,1.55376666666667e-05,1.33333333333333e-05,0.00192669333333333,0.008323428,0.00233145433333333,0.00364569433333333,0.0114119793333333
New York,0.0,0.00422312933333333,0.0107611476666667,0.003699928,0.0167687163333333,0.00730977866666667,0.00181020066666667,4.654e-05,0.030418255,7.331e-06,0.000810202,0.011184126
Seattle,0.0,4.04496666666667e-05,1.70563333333333e-05,5.4206e-05,0.000586251666666667,0.0,1e-05,0.00582649766666667,0.000525656,0.00106894166666667,0.004208377,0.000366937333333333
Sunnyvale,0.0,0.000865728333333333,0.000150757,0.000310707333333333,0.003840295,3.33333333333333e-06,0.000270348,0.00207986366666667,0.001409459,0.000242814333333333,0.000338746333333333,0.001329976
Washington DC,0.0,0.010539424,0.0136672493333333,0.0,0.025056147,0.00618572266666667,0.00306874,7.94933333333333e-06,0.0193061983333333,0.000585908666666667,0.000537352,0.04551392
