src/dst,Atlanta_1,Atlanta_2,Chicago,Denver,Houston,Indianapolis,Kansas City,Los Angeles,New York,Seattle,Sunnyvale,Washington DC
Atlanta_1,0.0,3.53276666666667e-05,5.67306666666667e-05,0.0,8.6066e-05,1.08506666666667e-05,0.0,0.0,1e-05,0.0,0.0,6.21323333333333e-05
Atlanta_2,0.0,0.003634276,0.00117487666666667,9.73733333333333e-06,0.003883722,0.00269178566666667,0.000196850333333333,2.20546666666667e-05,0.00104542833333333,3.38453333333333e-05,0.00011938,0.00538906133333333
Chicago,0.0,0.00215858666666667,0.0143670333333333,0.001830598,0.00914222733333333,0.00493271633333333,0.00100155966666667,4.24573333333333e-05,0.00247053533333333,3.33333333333333e-06,6.48786666666667e-05,0.003878625
Denver,0.0,0.000750266333333333,0.00669201166666667,0.001132688,0.00421634866666667,0.00302469233333333,0.00200758033333333,0.0,0.00223061033333333,0.001788207,0.000208468,0.00495297266666667
Houston,0.0,0.00366877133333333,0.000206133333333333,3.33333333333333e-06,0.012004995,6.66666666666667e-06,3.33333333333333e-06,3.33333333333333e-06,0.000483549666666667,0.0,1.1859e-05,0.0105647643333333
Indianapolis,0.0,0.00221071133333333,0.013339753,0.000944932333333333,0.00488129766666667,0.00167825566666667,0.000610998333333333,1e-05,0.00388751533333333,4.76536666666667e-05,7.4008e-05,0.003402541
Kansas City,0.0,0.000604395333333333,0.003033045,0.000573685666666667,0.00120637166666667,0.001343704,0.00141417666666667,0.0,0.000643851,0.0,6.66666666666667e-06,0.002173787
Los Angeles,0.0,0.00265088766666667,0.00157647233333333,0.003052256,0.0167210006666667,2.74116666666667e-05,1.1275e-05,0.00112899266666667,0.005857343,0.000804577666666667,0.00288288666666667,0.0101789443333333
New York,0.0,0.00293347,0.006028677,0.00387446833333333,0.00858209966666667,0.00553330933333333,0.00228137666666667,0.000106643,0.0169928793333333,6.66666666666667e-06,0.000312845333333333,0.0120721803333333
Seattle,0.0,6.66666666666667e-06,2.13803333333333e-05,0.000210056333333333,0.000195359,0.0,1.70516666666667e-05,0.00620310466666667,0.000134984333333333,0.00161024133333333,0.006118674,3.96736666666667e-05
Sunnyvale,0.0,0.000981198,0.000272079333333333,0.000806547666666667,0.003703374,3.33333333333333e-06,0.000434144666666667,0.002102319,0.00123783133333333,0.000388057,0.000174303,0.001591236
Washington DC,0.0,0.0157998826666667,0.008312962,0.001085967,0.0279595933333333,0.009696597,0.002344007,6.66666666666667e-06,0.0195740596666667,3.33333333333333e-06,0.000776415666666667,0.0376641933333333
