src/dst,Atlanta_1,Atlanta_2,Chicago,Denver,Houston,Indianapolis,Kansas City,Los Angeles,New York,Seattle,Sunnyvale,Washington DC
Atlanta_1,2.12236666666667e-05,4.8703e-05,0.000271418666666667,0.0,0.000106042666666667,0.000299552333333333,8.376e-06,0.0,0.000162211666666667,0.0,5.36266666666667e-06,0.000328177
Atlanta_2,0.0,0.00269943966666667,0.003973821,1.42013333333333e-05,0.006396619,0.002976466,0.000588548,0.0,0.003565424,0.0,7.86533333333333e-05,0.00725253733333333
Chicago,0.0,0.00506883733333333,0.015039821,0.00313700166666667,0.018505517,0.00683072333333333,0.00215409233333333,0.332766693333333,0.00431056333333333,0.000185082,0.000460691,0.00544590733333333
Denver,0.0,0.00136409766666667,0.00722112,0.00140897,0.00516222866666667,0.00575329533333333,0.00217525866666667,7.33333333333333e-06,0.002430911,0.000550790666666667,0.000371246333333333,0.00525501366666667
Houston,0.0,0.00405978133333333,0.000181469,0.0,0.0163178796666667,1.11963333333333e-05,3.33333333333333e-06,0.0,0.000684646333333333,0.0,1.3512e-05,0.013340187
Indianapolis,0.0,0.00237954666666667,0.022827759,0.003538603,0.0110905326666667,0.00506508933333333,0.00193043833333333,0.0,0.00649203166666667,2.76126666666667e-05,0.000473316,0.007060635
Kansas City,0.0,0.000696036666666667,0.00399094,0.00176910033333333,0.002555319,0.00266580233333333,0.000936399,0.0,0.00121412966666667,0.0,4.91706666666667e-05,0.00151845733333333
Los Angeles,0.0,0.00322288,0.00105830133333333,0.002022958,0.0226417673333333,6.59483333333333e-05,7.53376666666667e-05,0.002622135,0.00990751366666667,0.00157479166666667,0.004063359,0.0127106496666667
New York,0.0,0.00408253466666667,0.0129963016666667,0.004870239,0.0197466373333333,0.00631615,0.001948839,5.57713333333333e-05,0.0257787743333333,0.0,0.00177790733333333,0.0144236056666667
Seattle,0.0,0.000109884,0.0,0.000155545333333333,0.000567109666666667,0.0,0.000158951,0.00421555433333333,0.000464893666666667,0.00101109766666667,0.00619035633333333,8.44003333333333e-05
Sunnyvale,0.0,0.00310557533333333,0.000405651333333333,0.000562438666666667,0.00541674833333333,2.3488e-05,0.000687602333333333,0.00283122033333333,0.001531617,0.000646870333333333,0.000296,0.001259012
Washington DC,0.0,0.014585957,0.0168419173333333,0.001603479,0.0355482366666667,0.00684024366666667,0.00219933933333333,3.33333333333333e-06,0.0178084973333333,2.4542e-05,0.00190641266666667,0.0423489
