src/dst,Atlanta_1,Atlanta_2,Chicago,Denver,Houston,Indianapolis,Kansas City,Los Angeles,New York,Seattle,Sunnyvale,Washington DC
Atlanta_1,3.33333333333333e-06,1e-05,1.15073333333333e-05,1.11853333333333e-05,9.12033333333333e-06,3.64673333333333e-05,1.51953333333333e-05,8.285e-05,8.86666666666667e-06,0.0,3.33333333333333e-06,3.29226666666667e-05
Atlanta_2,8.08943333333333e-05,0.003711521,0.000782877333333333,0.000546315666666667,0.000353161666666667,0.00466447366666667,0.000153490666666667,0.00298086266666667,0.00110355366666667,7.12833333333333e-06,0.000706919666666667,0.00486088866666667
Chicago,1.85603333333333e-05,0.00232777366666667,0.015512413,0.00389266733333333,0.00223343566666667,0.00561666,0.000641295,0.010355848,0.000678486,0.000212633333333333,0.000892157333333333,0.00314635433333333
Denver,4.37433333333333e-06,0.001202904,0.0131793973333333,0.00274064266666667,0.001564083,0.003700203,0.001777833,0.00319345166666667,0.00258210633333333,0.000875435333333333,0.00119672466666667,0.00511230533333333
Houston,0.000128326,0.000430086,0.00114846633333333,0.000219828,0.000944433666666667,0.000940344666666667,0.000216486,0.00103152566666667,0.000630545,0.0,0.000191951666666667,0.00239220833333333
Indianapolis,0.0,0.0,0.0,0.0,0.0,0.0,0.0,0.0,0.0,0.0,0.0,0.0
Kansas City,4.66443333333333e-05,0.000722566,0.002728168,0.00160254733333333,0.000660585333333333,0.0012584,0.000479844,0.000417384,0.001143837,4.282e-05,0.000464123333333333,0.001437034
Los Angeles,0.0,0.0,0.0,0.0,0.0,0.0,0.0,0.0,0.0,0.0,0.0,0.0
New York,7.0587e-05,0.006289201,0.00423823833333333,0.00389570933333333,0.00147044966666667,0.00456020833333333,0.00318119933333333,0.013601664,0.011599236,0.000573604666666667,0.004525535,0.00843496033333333
Seattle,0.0,0.00128529733333333,0.000343977333333333,0.000805761333333333,8.99733333333333e-06,6.4151e-05,0.0,0.00563460633333333,2.71266666666667e-05,0.000851351333333333,0.00455752566666667,3.23936666666667e-05
Sunnyvale,3.33333333333333e-06,0.001578893,0.00183065966666667,0.000891758333333333,0.000724592666666667,0.00128916166666667,0.000965438,0.00468414366666667,0.000756977333333333,0.001242727,0.000129969333333333,0.00142319633333333
Washington DC,0.000212015,0.0139115196666667,0.006345375,0.00835373733333333,0.00373851233333333,0.005042726,0.001776797,0.0213386196666667,0.0186331513333333,0.00149969,0.00314559366666667,0.023265113
