src/dst,Atlanta_1,Atlanta_2,Chicago,Denver,Houston,Indianapolis,Kansas City,Los Angeles,New York,Seattle,Sunnyvale,Washington DC
Atlanta_1,3.33333333333333e-06,1.17683333333333e-05,1.03266666666667e-05,0.0,1.9368e-05,0.000176742,3.33333333333333e-06,0.0,7.14966666666667e-06,0.0,3.33333333333333e-06,0.000167725
Atlanta_2,0.0,0.00247710566666667,0.00225352633333333,0.0,0.00321901133333333,0.003032724,0.000231860666666667,1.47346666666667e-05,0.002210701,2.068e-06,9.23646666666667e-05,0.005249787
Chicago,0.0,0.003768412,0.011200169,0.0021934,0.0116554836666667,0.00711014066666667,0.001811628,3.26156666666667e-05,0.002114022,3.33333333333333e-06,3.02583333333333e-05,0.008632267
Denver,0.0,0.000796094,0.006057772,0.000569285333333333,0.00516547566666667,0.00332204566666667,0.00143893033333333,0.0,0.00204059733333333,0.00125940933333333,3.6344e-05,0.00529149633333333
Houston,0.0,0.00274818,0.000176457666666667,0.0,0.0135066876666667,1.33333333333333e-05,0.0,0.0,0.00172561933333333,3.33333333333333e-06,0.0,0.012562379
Indianapolis,0.0,0.00230075333333333,0.00821608066666667,0.00281881633333333,0.00793987,0.00464313566666667,0.00203392266666667,1.72013333333333e-05,0.00440195633333333,6.83066666666667e-06,4.74843333333333e-05,0.00541485933333333
Kansas City,0.0,0.000865221666666667,0.00284315633333333,0.00135968666666667,0.00121264833333333,0.001529664,0.000826791333333333,3.346e-06,0.00130279766666667,0.0,6.34233333333333e-05,0.0012996
Los Angeles,0.0,0.00230715133333333,0.00159593266666667,0.00219602366666667,0.0246537573333333,0.000144225666666667,8.67883333333333e-05,0.00167682,0.00836286433333333,0.00139772466666667,0.00224038266666667,0.0122220036666667
New York,0.0,0.00434768733333333,0.003250849,0.00408876333333333,0.013174109,0.008750048,0.002582999,5.23366666666667e-05,0.0197914216666667,1.71526666666667e-05,0.000321205,0.019694213
Seattle,0.0,0.000164739666666667,5.5302e-05,0.000628365666666667,0.000832125,0.0,0.000253646333333333,0.00508517633333333,0.000222550333333333,0.00219574033333333,0.00684179633333333,0.000171635
Sunnyvale,0.0,0.001441771,0.000230838,0.000491608666666667,0.00676176633333333,1.41796666666667e-05,0.00100825466666667,0.00198285333333333,0.000772831333333333,0.000322843333333333,0.000229575,0.00104339166666667
Washington DC,0.0,0.0109044896666667,0.006383588,0.000318790333333333,0.0204907553333333,0.00775481333333333,0.00172511833333333,0.0,0.0181574706666667,7.73566666666667e-06,0.000607964,0.0312238583333333
