src/dst,Atlanta_1,Atlanta_2,Chicago,Denver,Houston,Indianapolis,Kansas City,Los Angeles,New York,Seattle,Sunnyvale,Washington DC
Atlanta_1,6.66666666666667e-06,8.24556666666667e-05,0.000151252333333333,0.0,0.000267768666666667,4.44506666666667e-05,1.74753333333333e-05,0.0,0.000253344333333333,0.0,1.66666666666667e-05,0.000244704666666667
Atlanta_2,0.0,0.003719878,0.00567779166666667,5.97586666666667e-05,0.00988647233333333,0.003350488,0.001096897,1.21243333333333e-05,0.00326890366666667,3.33333333333333e-06,9.39906666666667e-05,0.00673451666666667
Chicago,0.0,0.00518916,0.014565095,0.00214119033333333,0.016898667,0.007278218,0.00250158766666667,5.29926666666667e-05,0.00645159466666667,7.32666666666667e-06,0.000324045333333333,0.0130597453333333
Denver,0.0,0.00178529433333333,0.00700850966666667,0.00218176166666667,0.005342899,0.006081096,0.00172799,7.13333333333333e-05,0.00305567966666667,0.000855975333333333,0.000151691666666667,0.00564743666666667
Houston,0.0,0.00585605833333333,0.000282105666666667,3.33333333333333e-06,0.0170506773333333,0.0,3.33333333333333e-06,0.0,0.00135302,0.0,1.75223333333333e-05,0.023144499
Indianapolis,0.0,0.00358756633333333,0.0159223286666667,0.00255854633333333,0.020391694,0.00611435433333333,0.00278842866666667,0.0,0.0140429186666667,9.106e-06,0.00204461866666667,0.006528848
Kansas City,0.0,0.00108186033333333,0.00426112466666667,0.00186106033333333,0.00238774266666667,0.002216166,0.001330711,0.0,0.00210058366666667,0.0,4.74316666666667e-05,0.001816578
Los Angeles,0.0,0.004624678,0.001673856,0.004892959,0.0241939326666667,3.37296666666667e-05,9.05416666666667e-05,0.00341317033333333,0.014481222,0.002508072,0.003689452,0.0207850016666667
New York,0.0,0.006030758,0.00954464233333333,0.00450087933333333,0.025922058,0.00899073566666667,0.003240769,2.45866666666667e-05,0.0336759266666667,2.04946666666667e-05,0.001227222,0.0196955913333333
Seattle,0.0,0.00011716,5.52046666666667e-05,0.000758478,0.001414027,0.0,0.000134087333333333,0.007047785,0.000410990666666667,0.00226903933333333,0.007392033,0.000155207333333333
Sunnyvale,0.0,0.001431969,0.000358015333333333,0.000828639333333333,0.006297043,1.5123e-05,0.000824297333333333,0.00411495033333333,0.00176819733333333,0.00183249466666667,0.000123248333333333,0.001596778
Washington DC,0.0,0.0159904976666667,0.0115790346666667,0.000665356333333333,0.0390595766666667,0.0108714576666667,0.00206467466666667,1.06666666666667e-05,0.0256547896666667,1.6921e-05,0.00161733733333333,0.028457008
