src/dst,Atlanta_1,Atlanta_2,Chicago,Denver,Houston,Indianapolis,Kansas City,Los Angeles,New York,Seattle,Sunnyvale,Washington DC
Atlanta_1,3.33333333333333e-06,7.71033333333333e-06,5.46883333333333e-05,0.0,0.000144378333333333,5.35486666666667e-05,3.39093333333333e-05,0.0,4.8912e-05,0.0,0.0,0.000290461
Atlanta_2,0.0,0.00537015733333333,0.002313365,2.55476666666667e-05,0.004273091,0.003974494,0.000590161666666667,0.0,0.001405636,6.66666666666667e-06,0.000235385,0.00661754966666667
Chicago,0.0,0.003450148,0.014825861,0.0022203,0.0119683733333333,0.0111418023333333,0.00238241066666667,1e-05,0.00610871066666667,0.0,8.1571e-05,0.004522868
Denver,0.0,0.00103128833333333,0.00637239133333333,0.00115446933333333,0.00452819433333333,0.003282268,0.002691785,0.0,0.00227462666666667,0.00165757033333333,1.93463333333333e-05,0.00609097066666667
Houston,0.0,0.004329658,0.000158080333333333,3.33333333333333e-06,0.0141992383333333,0.0,3.33333333333333e-06,0.0,0.000462029,3.44e-06,1.33333333333333e-05,0.0117804606666667
Indianapolis,0.0,0.002207104,0.021875035,0.00124694166666667,0.00915452866666667,0.00286720833333333,0.000893066333333333,3.33333333333333e-06,0.00736110566666667,2.49526666666667e-05,0.000444198333333333,0.004234604
Kansas City,0.0,0.000700237,0.004533344,0.00130002333333333,0.002402982,0.00231796533333333,0.00121561833333333,0.0,0.00084433,3.33333333333333e-06,1.4394e-05,0.001683485
Los Angeles,0.0,0.003604881,0.00107722566666667,0.00355980166666667,0.0195676553333333,3.45076666666667e-05,6.23366666666667e-05,0.002032046,0.00832950933333333,0.000640122666666667,0.00328863866666667,0.010623881
New York,0.0,0.00358689966666667,0.008509645,0.005396348,0.0136227593333333,0.00736833233333333,0.003167522,3.2425e-05,0.0245892543333333,1.33333333333333e-05,0.000250057,0.0176289313333333
Seattle,0.0,5.4324e-05,0.001699829,0.000302637333333333,0.000426081,3.33333333333333e-06,2.49813333333333e-05,0.005657704,0.000134753333333333,0.00188727066666667,0.005945025,5.3948e-05
Sunnyvale,0.0,0.001142239,0.000196563666666667,0.000778338666666667,0.003410356,1e-05,0.000514749666666667,0.002416756,0.00128325333333333,0.000405235666666667,0.000471303666666667,0.00213286433333333
Washington DC,0.0,0.0159257276666667,0.0107131193333333,0.00107035466666667,0.0292232553333333,0.00610069266666667,0.00223071866666667,1.08333333333333e-05,0.0264050293333333,1.31666666666667e-05,0.001347319,0.0350522833333333
