src/dst,Atlanta_1,Atlanta_2,Chicago,Denver,Houston,Indianapolis,Kansas City,Los Angeles,New York,Seattle,Sunnyvale,Washington DC
Atlanta_1,1.3102e-05,5.4135e-05,0.000622517,1.15426666666667e-05,0.000220975666666667,0.000195954,1.3639e-05,0.0,2.29733333333333e-05,0.0,0.0,0.000225232666666667
Atlanta_2,0.0,0.00369334266666667,0.00845006533333333,1.60026666666667e-05,0.005721807,0.00397807833333333,0.000467247333333333,0.0,0.00204572266666667,1.89193333333333e-05,0.000291437333333333,0.00655748233333333
Chicago,0.0,0.004063953,0.0126819853333333,0.00308804866666667,0.013226091,0.00915116366666667,0.00235978966666667,3.17653333333333e-05,0.00768640133333333,3.33333333333333e-06,0.000128173666666667,0.00511182366666667
Denver,0.0,0.00198891166666667,0.007541504,0.00263038566666667,0.00632598466666667,0.003764398,0.00219743266666667,0.0,0.00318359066666667,0.00122629366666667,6.549e-05,0.006913701
Houston,0.0,0.00498153,0.000273441666666667,7.36433333333333e-06,0.0175233,0.0,0.0,0.0,0.00133543433333333,1e-05,1.33333333333333e-05,0.0213180746666667
Indianapolis,0.0,0.002646935,0.017827101,0.00157804066666667,0.0118207586666667,0.00788252366666667,0.00320248733333333,1.72836666666667e-05,0.00925060166666667,0.00012649,0.000399669333333333,0.008464673
Kansas City,0.0,0.000597662333333333,0.00481877566666667,0.00352008166666667,0.00238674333333333,0.00249106866666667,0.00107519033333333,0.0,0.00178092866666667,1.88253333333333e-05,6.49466666666667e-05,0.00190712133333333
Los Angeles,0.0,0.00445487466666667,0.00109704333333333,0.00433021266666667,0.022680764,3.64286666666667e-05,7.7286e-05,0.001823413,0.00935093466666667,0.00240257466666667,0.002767888,0.01971959
New York,0.0,0.005179641,0.0105808486666667,0.00568209633333333,0.0198539266666667,0.010132355,0.00378067433333333,4.17343333333333e-05,0.0305584413333333,6.68213333333333e-05,0.000466597666666667,0.0236484053333333
Seattle,0.0,9.5577e-05,0.000139857333333333,0.001998846,0.000879671,0.0,0.000391951,0.004068398,0.001265923,0.00121775766666667,0.00608870066666667,0.000251688333333333
Sunnyvale,0.0,0.00135485766666667,0.00042464,0.00273874166666667,0.005615167,1.5674e-05,0.000816352666666667,0.00365573633333333,0.00214253833333333,0.001016684,0.000267375666666667,0.00224277866666667
Washington DC,0.0,0.017851704,0.00982311766666667,3.61656666666667e-05,0.0351551566666667,0.0104059926666667,0.00583526966666667,6.66666666666667e-06,0.0272540896666667,4.8874e-05,0.001462214,0.0310749146666667
