src/dst,Atlanta_1,Atlanta_2,Chicago,Denver,Houston,Indianapolis,Kansas City,Los Angeles,New York,Seattle,Sunnyvale,Washington DC
Atlanta_1,0.0,8.83366666666667e-06,0.000189004333333333,0.0,0.000337521,0.000201057,0.000144505666666667,0.0,2.5798e-05,0.0,0.0,2.96893333333333e-05
Atlanta_2,0.0,0.003156166,0.00261634133333333,3.33333333333333e-06,0.00387057966666667,0.00322904433333333,0.000791628,0.0,0.002086782,0.0,2e-05,0.004158222
Chicago,0.0,0.00400526333333333,0.006777983,0.00287257333333333,0.0148225486666667,0.00674937,0.00334181066666667,3.33333333333333e-06,0.0106770386666667,3.33333333333333e-06,0.000249315333333333,0.00497495933333333
Denver,0.0,0.000874285333333333,0.003454594,0.001644262,0.00515658766666667,0.00335795666666667,0.003467196,0.0,0.00438734266666667,0.00164968333333333,8.48686666666667e-05,0.00501373266666667
Houston,0.0,0.004615188,1.352e-05,3.33333333333333e-06,0.0141166683333333,3.33333333333333e-06,3.33333333333333e-06,0.0,0.000971025666666667,0.0,3.44216666666667e-05,0.0100723906666667
Indianapolis,0.0,0.002431708,0.0118319396666667,0.00238462466666667,0.007461182,0.00209891166666667,0.00320006933333333,0.0,0.0121660933333333,3.33333333333333e-06,0.000729959333333333,0.00329510066666667
Kansas City,0.0,0.000518010666666667,0.00216246433333333,0.00120065666666667,0.00134140433333333,0.00162470966666667,0.00146745066666667,0.0,0.00233457433333333,3.33333333333333e-06,6.66666666666667e-06,0.00191014366666667
Los Angeles,0.0,0.003945775,0.000646787,0.00281515533333333,0.016702655,2.44746666666667e-05,3.66373333333333e-05,0.00166985233333333,0.0108636006666667,0.00188424466666667,0.001742941,0.0085334
New York,0.0,0.00417377933333333,0.0144665806666667,0.00452398633333333,0.0161956486666667,0.00445095933333333,0.00345935966666667,4.6201e-05,0.0258476096666667,1e-05,0.000762503,0.018631686
Seattle,0.0,9.00576666666667e-05,3.33333333333333e-06,0.000291452666666667,0.000336742666666667,0.0,2.5521e-05,0.00442960733333333,0.000760354333333333,0.00157376333333333,0.00642345966666667,9.30016666666667e-05
Sunnyvale,0.0,0.00134466066666667,9.0025e-05,0.00154351333333333,0.00292748133333333,1e-05,0.000646420666666667,0.003158481,0.00593609033333333,0.000880034666666667,0.000862999,0.00352968133333333
Washington DC,0.0,0.0174076683333333,0.0137488766666667,0.000215786666666667,0.0348030033333333,0.00464445033333333,0.00184265233333333,6.66666666666667e-06,0.0212301943333333,2.67363333333333e-05,0.00162583933333333,0.03522501
