src/dst,Atlanta_1,Atlanta_2,Chicago,Denver,Houston,Indianapolis,Kansas City,Los Angeles,New York,Seattle,Sunnyvale,Washington DC
Atlanta_1,0.0,1.18743333333333e-05,0.000108277666666667,0.0,0.000282900333333333,7.16833333333333e-05,1.44253333333333e-05,0.0,0.000105864,0.0,0.0,3.07e-05
Atlanta_2,0.0,0.00344437466666667,0.002839176,0.0,0.00598204,0.00408293066666667,0.00219901,0.0,0.00172611333333333,2.47263333333333e-05,3.13346666666667e-05,0.00658384566666667
Chicago,0.0,0.002064249,0.0147900953333333,0.003628345,0.0172095076666667,0.006369302,0.00151703166666667,6.66666666666667e-06,0.003968459,7.97976666666667e-05,0.000304584,0.004142455
Denver,0.0,0.000796851,0.0101730456666667,0.00169166733333333,0.005488067,0.00446848366666667,0.00232268466666667,5.031e-06,0.00248055533333333,0.001671028,2e-05,0.00512359166666667
Houston,0.0,0.00482683933333333,0.000173344666666667,0.0,0.0214396083333333,8.71466666666667e-06,0.0,0.0,0.000344108666666667,3.33333333333333e-06,3.84406666666667e-05,0.0102568223333333
Indianapolis,0.0,0.00148208666666667,0.010665037,0.00157133633333333,0.0115715906666667,0.00221203766666667,0.002467833,3.33333333333333e-06,0.00572627266666667,2.5607e-05,0.000184229333333333,0.001436355
Kansas City,0.0,0.000651244666666667,0.00327791766666667,0.00107624633333333,0.001843822,0.00301002833333333,0.001200899,0.0,0.000757799,3.33333333333333e-06,2.40163333333333e-05,0.00148065066666667
Los Angeles,0.0,0.00362526433333333,0.00211680133333333,0.00445801433333333,0.0150120206666667,4.16646666666667e-05,4.99866666666667e-06,0.00352540233333333,0.00675619066666667,0.00108961866666667,0.002421579,0.00953724666666667
New York,0.0,0.003281747,0.009369151,0.00391458666666667,0.0164113586666667,0.00564378033333333,0.00191507233333333,2.52216666666667e-05,0.020458748,3.03333333333333e-05,0.000701514666666667,0.009868849
Seattle,0.0,4.69186666666667e-05,8.51066666666667e-06,0.000534152,0.000278150333333333,0.0,2.26913333333333e-05,0.00467998566666667,0.000339551,0.00113714566666667,0.00650140466666667,0.000343711
Sunnyvale,0.0,0.000908739333333333,0.000732910333333333,0.000775146333333333,0.00480000433333333,0.0,0.000619752333333333,0.00243290533333333,0.001735515,0.000909772666666667,0.000679916,0.00108489166666667
Washington DC,0.0,0.0110133916666667,0.012992049,2.3775e-05,0.0320074253333333,0.005671562,0.00555560666666667,1.78516666666667e-05,0.019157391,2.6153e-05,0.001276732,0.0440041933333333
