src/dst,Atlanta_1,Atlanta_2,Chicago,Denver,Houston,Indianapolis,Kansas City,Los Angeles,New York,Seattle,Sunnyvale,Washington DC
Atlanta_1,2.27573333333333e-05,0.000100645666666667,0.000195769,0.0,9.7991e-05,0.000128231333333333,2.13623333333333e-05,0.0,0.000161632333333333,0.0,1.815e-05,6.34576666666667e-05
Atlanta_2,0.0,0.00364729966666667,0.003711458,1.18193333333333e-05,0.00590882433333333,0.003603349,0.000376473666666667,3.59786666666667e-05,0.00170398333333333,0.0,0.000605429,0.00545542566666667
Chicago,0.0,0.00349067033333333,0.0131591893333333,0.005051058,0.0150601683333333,0.00957641133333333,0.00344954833333333,1.97993333333333e-05,0.006264112,3.55223333333333e-05,8.3751e-05,0.00619734233333333
Denver,0.0,0.000807957,0.007010497,0.000647233,0.00544269133333333,0.00407691166666667,0.00108518066666667,3.33333333333333e-06,0.00165110233333333,0.000837905,3.1364e-05,0.004853511
Houston,0.0,0.00702789033333333,7.45106666666667e-05,3.33333333333333e-06,0.0149158543333333,7.78e-06,0.0,3.36933333333333e-06,0.000888486,3.33333333333333e-06,3.2168e-05,0.0100577626666667
Indianapolis,0.0,0.00256292133333333,0.0190216823333333,0.00159699033333333,0.0104014006666667,0.00232572566666667,0.00143144766666667,6.62873333333333e-05,0.0100651773333333,3.94893333333333e-05,9.1456e-05,0.006844284
Kansas City,0.0,0.000642493666666667,0.004002356,0.000834153666666667,0.00206147266666667,0.00132226866666667,0.000925895666666667,0.0,0.000857672333333333,0.0,1e-05,0.00271776433333333
Los Angeles,0.0,0.00523165866666667,0.00133122133333333,0.00439763366666667,0.023932382,9.4968e-05,5.67943333333333e-05,0.001826138,0.0112752503333333,0.00265710933333333,0.00345768733333333,0.008605281
New York,0.0,0.00625734833333333,0.009503257,0.005041491,0.0172590513333333,0.00899982833333333,0.00235492666666667,8.85576666666667e-05,0.030587042,0.000642375,0.000389516,0.0179046506666667
Seattle,0.0,3.95736666666667e-05,0.000557708,0.000948471333333333,0.00065499,0.0,0.000110568,0.00702617466666667,0.000163017666666667,0.00160635233333333,0.006522324,5.63e-05
Sunnyvale,0.0,0.001597889,0.000201980333333333,0.000815761,0.004251717,6.66666666666667e-06,0.000744925,0.00424109833333333,0.00205153566666667,0.000460161,0.000212704666666667,0.00136628066666667
Washington DC,0.0,0.01419849,0.013037764,0.000711967333333333,0.0292638426666667,0.00887740833333333,0.00192998633333333,1.18416666666667e-05,0.022495502,0.000137365333333333,0.00105473266666667,0.02737318
