src/dst,Atlanta_1,Atlanta_2,Chicago,Denver,Houston,Indianapolis,Kansas City,Los Angeles,New York,Seattle,Sunnyvale,Washington DC
Atlanta_1,3.33333333333333e-06,0.000136008333333333,0.0,0.0,0.0,3.33333333333333e-06,0.0,0.0,0.0,0.0,0.0,0.000654085333333333
Atlanta_2,0.0,0.005491477,7.416e-06,0.0,2.29733333333333e-05,0.00396083933333333,0.0,0.0,1.6624e-05,1e-05,1.05e-05,0.0198831063333333
Chicago,0.0,0.00277286666666667,0.018755234,0.0,1.33333333333333e-05,0.00621311066666667,0.00113449633333333,0.0,0.00390612933333333,0.0,3.33333333333333e-06,0.018791751
Denver,0.0,0.00129641066666667,0.00857945833333333,0.000506278333333333,0.00305623966666667,0.00521594833333333,0.00100466666666667,0.0,0.002405424,0.00204756133333333,0.0,0.006653853
Houston,0.0,0.00510986566666667,0.000197193,0.0,0.0158484603333333,0.0,0.0,0.0,1.68363333333333e-05,3.33333333333333e-06,3.33333333333333e-06,0.0117569696666667
Indianapolis,0.0,0.00193188333333333,0.0175280093333333,0.00129537666666667,1.33333333333333e-05,0.005828957,0.00222966766666667,3.33333333333333e-06,0.006197369,2.68436666666667e-05,0.0,0.017156378
Kansas City,0.0,0.000416944333333333,0.00416571333333333,0.00112153133333333,0.001397779,0.00187314,0.000946473333333333,0.0,0.00116774733333333,3.33333333333333e-06,0.0,0.00184945
Los Angeles,0.0,0.00469856,0.00179262066666667,0.00083918,0.0202684083333333,0.000154422666666667,2.04583333333333e-05,0.000983952,0.00830075,0.00161243166666667,0.00251667166666667,0.0104571436666667
New York,0.0,0.000106748666666667,3.1118e-05,0.0,0.000295618333333333,3.33333333333333e-06,0.0,6.66666666666667e-06,0.0292088143333333,5.6152e-05,2.07083333333333e-05,0.0524940933333333
Seattle,0.0,4.63203333333333e-05,0.000125784666666667,0.00115880433333333,0.00135154366666667,0.0,2.67536666666667e-05,0.00160259233333333,0.000408913666666667,0.006327152,0.00630692166666667,0.000566929666666667
Sunnyvale,0.0,0.001408803,0.000397397333333333,0.000274797333333333,0.00800913333333333,1.776e-05,0.000433328333333333,0.002327689,0.00148965566666667,0.00105770366666667,0.000149085333333333,0.00158074533333333
Washington DC,0.0,0.000599988,0.000378906333333333,0.0,0.00325614066666667,3.28456666666667e-05,3.33333333333333e-06,4.49496666666667e-05,0.000197901666666667,9.51496666666667e-05,2.43186666666667e-05,0.348476933333333
