src/dst,Atlanta_1,Atlanta_2,Chicago,Denver,Houston,Indianapolis,Kansas City,Los Angeles,New York,Seattle,Sunnyvale,Washington DC
Atlanta_1,1.24753333333333e-05,1.82946666666667e-05,0.000147364333333333,0.0,0.00025515,6.6725e-05,6.174e-05,0.0,0.000139597333333333,0.0,4.544e-06,0.000192569666666667
Atlanta_2,0.0,0.00721218533333333,0.004261786,5.46346666666667e-05,0.007868263,0.00402756633333333,0.00131244,3.33333333333333e-06,0.00293521933333333,6.71033333333333e-06,1.82613333333333e-05,0.00591050533333333
Chicago,0.0,0.00516127466666667,0.0156579916666667,0.004259307,0.0200012516666667,0.0106355316666667,0.00379715466666667,9.4666e-05,0.00911661066666667,0.0,0.000170244666666667,0.007832355
Denver,0.0,0.00139581733333333,0.00729091966666667,0.0018322,0.005714952,0.00432704633333333,0.003427572,8.3328e-05,0.00286546766666667,0.001062281,1.33333333333333e-05,0.007334337
Houston,0.0,0.00488759566666667,0.000166772333333333,4.424e-06,0.0429919566666667,3.33333333333333e-06,3.33333333333333e-06,0.0,0.000824651333333333,0.0,2.10133333333333e-05,0.0138279356666667
Indianapolis,0.0,0.00287934233333333,0.0174694093333333,0.001971664,0.0104508873333333,0.00591920366666667,0.00184852433333333,4.9422e-05,0.0120454106666667,2.0662e-05,7.3578e-05,0.00570806066666667
Kansas City,0.0,0.000598922666666667,0.004487731,0.001044755,0.00281319233333333,0.002136755,0.000853370333333333,3.97413333333333e-05,0.00138858833333333,0.0,4.54686666666667e-05,0.002857181
Los Angeles,0.0,0.003828147,0.001913346,0.003565586,0.03495461,7.1859e-05,1.871e-05,0.002644859,0.0129085156666667,0.00114499366666667,0.00395255233333333,0.012552026
New York,0.0,0.00533945766666667,0.0159717613333333,0.00510006566666667,0.0209066796666667,0.00586907233333333,0.00280011866666667,0.000110164333333333,0.0284979473333333,6.66666666666667e-06,0.00107618666666667,0.0125478
Seattle,0.0,0.000218456666666667,1.28616666666667e-05,0.000995211333333333,0.001017708,0.0,8.85123333333333e-05,0.004924489,0.000804836333333333,0.00177554033333333,0.006179449,0.000148873666666667
Sunnyvale,0.0,0.00170035233333333,0.000382905333333333,0.000995579333333333,0.00650893333333333,1.85266666666667e-05,0.000977643666666667,0.00400643166666667,0.00219570066666667,0.000445041333333333,0.000594491666666667,0.00189008133333333
Washington DC,0.0,0.00788728866666667,0.0197444233333333,0.001369039,0.0354641266666667,0.00611226833333333,0.006018879,5.16616666666667e-05,0.021865376,2.3165e-05,0.001042704,0.029063649
