src/dst,Atlanta_1,Atlanta_2,Chicago,Denver,Houston,Indianapolis,Kansas City,Los Angeles,New York,Seattle,Sunnyvale,Washington DC
Atlanta_1,3.33333333333333e-06,0.000301798333333333,0.000231702333333333,0.0,0.000227297666666667,0.000160858,6.0837e-05,0.0,0.000151925333333333,0.0,0.0,4.6729e-05
Atlanta_2,0.0,0.003788069,0.00486078766666667,2.10723333333333e-05,0.00655943933333333,0.00474570166666667,0.000528940666666667,1e-05,0.00248040533333333,6.8e-06,3.49363333333333e-05,0.00769451033333333
Chicago,0.0,0.00508215333333333,0.0138837723333333,0.003064363,0.01976307,0.0117826636666667,0.00391189,9.8596e-05,0.00761875,0.0,0.000140989,0.00701499866666667
Denver,0.0,0.000695722333333333,0.00691492733333333,0.001754478,0.00794318766666667,0.00508045166666667,0.002036364,3.86016666666667e-05,0.001629892,0.00120382566666667,7.93876666666667e-05,0.003456471
Houston,0.0,0.00786018433333333,0.000150909,0.0,0.0260430316666667,3.33333333333333e-06,0.0,3.33333333333333e-06,0.001698986,3.33333333333333e-06,6.66666666666667e-06,0.0169969233333333
Indianapolis,0.0,0.002663558,0.0175760796666667,0.00342647933333333,0.0117163276666667,0.00993613733333333,0.00114091633333333,1.01106666666667e-05,0.00952694666666667,0.000109088333333333,0.000363996,0.00658829266666667
Kansas City,0.0,0.001015493,0.004588348,0.000929758,0.00243330666666667,0.00350645266666667,0.001133961,4.77573333333333e-05,0.001406741,0.0,2e-05,0.00344568066666667
Los Angeles,0.0,0.00648948566666667,0.000715507333333333,0.00299759766666667,0.0347715066666667,6.4489e-05,2.95273333333333e-05,0.00261204733333333,0.013706248,0.00138395566666667,0.00593058633333333,0.0159500233333333
New York,0.0,0.00789694433333333,0.015951394,0.00517339366666667,0.021315979,0.0141600286666667,0.00340994966666667,0.000101506,0.0340870233333333,0.0,0.000830112,0.0251658833333333
Seattle,0.0,4.22123333333333e-05,0.000818171333333333,0.000301674,0.002309286,0.0,8.5654e-05,0.00688184433333333,0.000393296333333333,0.00150785133333333,0.004423466,0.000613804666666667
Sunnyvale,0.0,0.001343144,0.000155384,0.00102780966666667,0.0113548023333333,3.33333333333333e-06,0.000529356,0.003218357,0.00197707866666667,0.000736694333333333,0.000796930666666667,0.00216631466666667
Washington DC,0.0,0.011746704,0.015792833,2.1113e-05,0.032558023,0.0126036423333333,0.00288345933333333,3.1074e-05,0.0244168363333333,0.000348182666666667,0.000502242666666667,0.030529569
