src/dst,Atlanta_1,Atlanta_2,Chicago,Denver,Houston,Indianapolis,Kansas City,Los Angeles,New York,Seattle,Sunnyvale,Washington DC
Atlanta_1,1.68816666666667e-05,9.3546e-05,8.27723333333333e-05,0.0,0.000160392333333333,4.1625e-05,3.02756666666667e-05,0.0,0.000339888,0.0,6.66666666666667e-06,0.000781847666666667
Atlanta_2,0.0,0.005659185,0.00409059433333333,1.46786666666667e-05,0.00563445933333333,0.00496404633333333,0.00091655,0.0,0.00391964833333333,0.0,2.61466666666667e-05,0.0106079063333333
Chicago,0.0,0.00561366,0.022947679,0.0174530026666667,0.00540711033333333,0.006866065,0.00342100233333333,3.07413333333333e-05,0.00673522266666667,3.33333333333333e-06,0.000120355333333333,0.008507784
Denver,0.0,0.00119864266666667,0.00228980933333333,0.00647450966666667,0.00522837333333333,0.00471169733333333,0.00345500233333333,0.0,0.0001596,0.0143105366666667,5.85156666666667e-05,0.00460505533333333
Houston,0.0,0.00595610033333333,4.118e-05,0.000202234333333333,0.0239805416666667,6.66666666666667e-06,3.33333333333333e-06,3.33333333333333e-06,0.002166182,0.0,2.77303333333333e-05,0.0133337993333333
Indianapolis,0.0,0.00782709366666667,0.0176301996666667,0.0136506606666667,0.00321303966666667,0.00512883533333333,0.00404469766666667,0.0,0.0110147676666667,0.0,5.8432e-05,0.00707679733333333
Kansas City,0.0,0.00085307,0.00423490666666667,0.00298610966666667,0.001275034,0.00419528333333333,0.002172091,0.0,0.00198719966666667,1e-05,3.86573333333333e-05,0.002092155
Los Angeles,0.0,0.00338089,0.000341816333333333,0.000102954333333333,0.00428583033333333,1.47793333333333e-05,5.1439e-05,0.002906163,0.000207364,0.04171243,0.00287311066666667,0.010175421
New York,0.0,0.009157149,0.0149755026666667,0.0219696226666667,0.00790505733333333,0.00783874533333333,0.00441232933333333,1.4028e-05,0.03639651,3.33333333333333e-06,0.000321491,0.0220559143333333
Seattle,0.0,0.000228031,4e-05,0.0,0.00015745,6.66666666666667e-06,0.000271568,0.00102889166666667,1.57186666666667e-05,0.013848705,0.006760386,0.000184373333333333
Sunnyvale,0.0,0.00309634366666667,0.000422631,1.02376666666667e-05,0.001112,3.8511e-05,7.8539e-05,0.00248527533333333,0.000226588666666667,0.0181725526666667,0.001996679,0.00225919666666667
Washington DC,0.0,0.0141345246666667,0.023330869,0.000513057333333333,0.03718997,0.00834655033333333,0.004788587,3.33333333333333e-06,0.027595881,0.0,0.00128364933333333,0.0366661766666667
