src/dst,Atlanta_1,Atlanta_2,Chicago,Denver,Houston,Indianapolis,Kansas City,Los Angeles,New York,Seattle,Sunnyvale,Washington DC
Atlanta_1,1.7089e-05,3.52123333333333e-05,0.0,0.0,0.0,5.39486666666667e-05,0.0,0.0,0.0,0.0,0.0,0.001270526
Atlanta_2,0.0,0.003454329,6.66666666666667e-06,0.0,3.136e-05,0.00481865666666667,0.0,0.0,1.95746666666667e-05,3.33333333333333e-06,0.0,0.0218821243333333
Chicago,0.0,0.003380392,0.012368437,0.0,8.924e-05,0.010916692,0.00240562666666667,3.33333333333333e-06,0.006642471,0.0,0.0,0.0299298863333333
Denver,0.0,0.000975846666666667,0.00821939733333333,0.001642434,0.00660544033333333,0.00617680666666667,0.00231290433333333,0.0,0.00195117633333333,0.00229427466666667,4.0587e-05,0.00885667566666667
Houston,0.0,0.00714766333333333,0.000646012666666667,3.33333333333333e-06,0.020171496,3.33333333333333e-06,0.0,3.33333333333333e-06,1.05686666666667e-05,0.0,3.69833333333333e-06,0.0169190476666667
Indianapolis,0.0,0.00231361466666667,0.0200498833333333,0.00179580033333333,5.95713333333333e-05,0.00492981233333333,0.00320084033333333,0.0,0.0122763696666667,2.81773333333333e-05,0.0,0.0157852153333333
Kansas City,0.0,0.000703072333333333,0.00456767233333333,0.00114170133333333,0.00242226066666667,0.00191277066666667,0.00132095833333333,0.0,0.00226779866666667,0.0,0.0,0.00235464633333333
Los Angeles,0.0,0.00548630833333333,0.000515549333333333,0.00217865666666667,0.0217381176666667,1.8107e-05,1.37703333333333e-05,0.00213149366666667,0.0134530733333333,0.00287884366666667,0.004372396,0.0137172453333333
New York,0.0,6.1231e-05,8.6374e-05,0.0,0.000282014333333333,1.95986666666667e-05,3.33333333333333e-06,8.71113333333333e-05,0.032146282,4.068e-06,4.84926666666667e-05,0.09189627
Seattle,0.0,0.000166309333333333,1e-05,0.000943864,0.001103238,0.0,2.96926666666667e-05,0.000902525666666667,0.00133082333333333,0.00671787733333333,0.005725053,8.61143333333333e-05
Sunnyvale,0.0,0.001255342,0.000320915333333333,0.00105884366666667,0.00608937333333333,4.79266666666667e-06,0.000550391,0.00324944466666667,0.002109424,0.001348924,0.000517755333333333,0.00269555133333333
Washington DC,0.0,5.7213e-05,0.000941925,0.0,0.00186293633333333,3.33333333333333e-06,0.0,9.83333333333333e-06,6.86403333333333e-05,1.0397e-05,3.22066666666667e-05,0.1309576
