src/dst,Atlanta_1,Atlanta_2,Chicago,Denver,Houston,Indianapolis,Kansas City,Los Angeles,New York,Seattle,Sunnyvale,Washington DC
Atlanta_1,0.0,7.39923333333333e-05,0.000371758666666667,0.0,1.53366666666667e-05,0.000148384,0.0,0.0,0.000265500666666667,0.0,0.0,0.000299931666666667
Atlanta_2,0.0,0.00277356066666667,0.00416486366666667,0.0,0.001386917,0.004479259,0.0,3.0528e-05,0.008343217,7.83333333333333e-06,0.000210044,0.005383032
Chicago,0.0,0.003757248,0.004916789,0.0,0.00295252533333333,0.008478091,1e-05,2.13846666666667e-05,0.029248536,0.0,1.13416666666667e-05,0.00589481
Denver,0.0,0.00105776933333333,0.004991534,0.00218114633333333,0.004299104,0.00383020566666667,0.00160853166666667,0.0,0.00501132633333333,0.00182265266666667,3.33333333333333e-05,0.00531406266666667
Houston,0.0,0.00382146,0.000361369666666667,0.0,0.0174883463333333,9.672e-06,6.66666666666667e-06,3.33333333333333e-06,0.000940514666666667,3.33333333333333e-06,4.2768e-05,0.0163341403333333
Indianapolis,0.0,0.002301248,0.0144570296666667,0.0,0.00176049633333333,0.00473579233333333,0.00276971433333333,6.581e-05,0.0285738863333333,6.66666666666667e-06,0.000109476,0.00381769466666667
Kansas City,0.0,0.001100737,0.00229067866666667,0.00246904466666667,0.00260429566666667,0.00165114133333333,0.000610515666666667,6.66666666666667e-06,0.003416832,3.33333333333333e-06,0.0,0.002300125
Los Angeles,0.0,0.00309405433333333,0.0005432,0.00423380766666667,0.0160903963333333,5.86973333333333e-05,9.92763333333333e-05,0.00167587166666667,0.008910917,0.00166864866666667,0.00223901566666667,0.0140144986666667
New York,0.0,0.005013235,0.000124271666666667,0.0,0.003065521,1.48306666666667e-05,2.39506666666667e-05,7.85436666666667e-05,0.132324286666667,1.33333333333333e-05,1.74116666666667e-05,0.0425016866666667
Seattle,0.0,0.000199147,1e-05,0.00233327633333333,0.000908399,0.0,0.000203107,0.00444798033333333,0.001019541,0.002439632,0.008739746,0.000216403333333333
Sunnyvale,0.0,0.001564098,0.000218138666666667,0.00108209533333333,0.00325482133333333,2.12736666666667e-05,0.000765939333333333,0.005713409,0.006239036,0.00106607566666667,0.000313380666666667,0.004578814
Washington DC,0.0,0.018572977,0.000136406666666667,0.0,0.01066125,4.02233333333333e-05,1.5656e-05,1.5646e-05,0.0736458166666667,1.64313333333333e-05,2.3228e-05,0.0360918133333333
