src/dst,Atlanta_1,Atlanta_2,Chicago,Denver,Houston,Indianapolis,Kansas City,Los Angeles,New York,Seattle,Sunnyvale,Washington DC
Atlanta_1,0.0,7.4348e-05,1.1826e-05,0.0,0.000117614333333333,3.33333333333333e-06,1.11656666666667e-05,0.0,2.45913333333333e-05,0.0,0.0,4.0077e-05
Atlanta_2,0.0,0.00340136166666667,0.00108937866666667,3.33333333333333e-06,0.00277381633333333,0.00227479766666667,0.000548442,0.0,0.001113178,0.0,0.000130954333333333,0.006227171
Chicago,0.0,0.003656825,0.0142589466666667,0.002508938,0.007990846,0.00515365533333333,0.000830055,3.33333333333333e-06,0.00272079566666667,0.0,0.000142204666666667,0.00306668566666667
Denver,0.0,0.00113465466666667,0.007403652,0.001724149,0.004652932,0.00431915166666667,0.00203159166666667,0.0,0.00199251,0.00111298366666667,6.86506666666667e-05,0.00448730366666667
Houston,0.0,0.00554086333333333,0.000344278666666667,0.0,0.00955536033333333,0.0,0.0,6.66666666666667e-06,0.000379347,0.0,6.66666666666667e-06,0.0111401216666667
Indianapolis,0.0,0.00190744733333333,0.0113853666666667,0.00116538433333333,0.009416879,0.002747212,0.00108083,7.4344e-05,0.00531065666666667,5.12356666666667e-05,5.84363333333333e-05,0.00398265433333333
Kansas City,0.0,0.000857303,0.00287773333333333,0.000598863333333333,0.00124695866666667,0.00201994266666667,0.00168488966666667,0.0,0.000679431333333333,0.0,5.41846666666667e-05,0.00259823433333333
Los Angeles,0.0,0.00498237833333333,0.001130754,0.001396965,0.0145192736666667,1.53803333333333e-05,2.0048e-05,0.002227692,0.006006061,0.000680717333333333,0.001262983,0.0104036976666667
New York,0.0,0.00335467533333333,0.00679533633333333,0.00463010333333333,0.009471717,0.004139789,0.00148113433333333,3.13566666666667e-05,0.0184174223333333,2.318e-05,0.000283297333333333,0.0173283226666667
Seattle,0.0,6.66666666666667e-06,7.37026666666667e-05,0.000180012333333333,0.000235006333333333,0.0,2.84276666666667e-05,0.005478964,0.001286179,0.001602576,0.003655514,3.2185e-05
Sunnyvale,0.0,0.000407680666666667,0.000118046666666667,0.000234763333333333,0.004434689,1e-05,0.000270049333333333,0.00238841333333333,0.000773923666666667,0.000441746666666667,0.000747325,0.00126278366666667
Washington DC,0.0,0.0171310496666667,0.00791914333333333,0.00131809766666667,0.0287614903333333,0.007581793,0.00151064166666667,1.25203333333333e-05,0.0167219223333333,6.66666666666667e-06,0.000510413333333333,0.0294825316666667
