src/dst,Atlanta_1,Atlanta_2,Chicago,Denver,Houston,Indianapolis,Kansas City,Los Angeles,New York,Seattle,Sunnyvale,Washington DC
Atlanta_1,0.0,0.000384855333333333,0.000705704333333333,3.33333333333333e-06,0.000112416,5.84873333333333e-05,0.000169639,0.0,0.000154720333333333,0.0,3.33333333333333e-06,0.000142966333333333
Atlanta_2,0.0,0.00620468033333333,0.00759077966666667,0.0,0.007043391,0.00554053966666667,0.000766365666666667,3.33333333333333e-06,0.00168766666666667,5.391e-05,0.000173701,0.007705221
Chicago,0.0,0.004574288,0.0170741946666667,0.003156477,0.015311081,0.00970974933333333,0.00266623433333333,5.23026666666667e-05,0.00555954366666667,4.27626666666667e-05,0.000239195666666667,0.00537468966666667
Denver,0.0,0.00168096866666667,0.00741330533333333,0.00289587333333333,0.00750245566666667,0.00647583766666667,0.004098875,3.656e-06,0.002967808,0.00168669433333333,9.9661e-05,0.00911952633333333
Houston,0.0,0.006080997,0.000185277333333333,3.33333333333333e-06,0.026168732,0.0,7.38e-06,0.0,0.00104401833333333,1.74053333333333e-05,2.4274e-05,0.0132651876666667
Indianapolis,0.0,0.002492245,0.0162973766666667,0.00229046733333333,0.008858802,0.007545433,0.00298252666666667,2.0268e-05,0.00955196733333333,3.16513333333333e-05,0.000167100666666667,0.00765573733333333
Kansas City,0.0,0.00104962766666667,0.00328895,0.00249580833333333,0.00312550233333333,0.003334327,0.001550354,0.0,0.00165797333333333,1.34266666666667e-05,8.24946666666667e-05,0.00184653433333333
Los Angeles,0.0,0.00458773866666667,0.000929861333333333,0.00552438166666667,0.021501053,4.2661e-05,7.466e-05,0.002906947,0.00874838333333333,0.00190059633333333,0.00401710566666667,0.012619858
New York,0.0,0.00573768533333333,0.00914006933333333,0.006678333,0.0169171303333333,0.00967500466666667,0.00548692433333333,6.01073333333333e-05,0.0256465263333333,3.69986666666667e-05,0.000364830666666667,0.0190214906666667
Seattle,0.0,9.0219e-05,2.817e-05,0.003077557,0.000792001,0.0,3.50953333333333e-05,0.004884867,0.000855276666666667,0.00127511533333333,0.005754232,0.00011488
Sunnyvale,0.0,0.002010469,0.000749104,0.00204709633333333,0.00635816866666667,3.3026e-05,0.00145599366666667,0.003269932,0.00182971566666667,0.001033593,0.000872834,0.00252951133333333
Washington DC,0.0,0.0130703803333333,0.0145168866666667,3.67526666666667e-05,0.03404065,0.0129348466666667,0.006884592,1.2473e-05,0.0246886316666667,0.000420219333333333,0.00105435933333333,0.0289975206666667
