src/dst,Atlanta_1,Atlanta_2,Chicago,Denver,Houston,Indianapolis,Kansas City,Los Angeles,New York,Seattle,Sunnyvale,Washington DC
Atlanta_1,1.70153333333333e-05,1.33333333333333e-05,0.000269356,0.0,0.000238535333333333,0.000105252,0.000126792333333333,0.0,0.000143555333333333,0.0,3.33333333333333e-06,0.000118965333333333
Atlanta_2,0.0,0.00574001033333333,0.00457140266666667,3.33333333333333e-06,0.00601683466666667,0.00370468166666667,0.000856897333333333,0.0,0.00322657166666667,9.62433333333333e-06,0.000147244666666667,0.006874475
Chicago,0.0,0.00754090133333333,0.0141972186666667,0.00356407566666667,0.0172500436666667,0.0146102813333333,0.00419677433333333,1.3741e-05,0.00692968166666667,3.33333333333333e-06,0.000272259333333333,0.00699615333333333
Denver,0.0,0.000995115666666667,0.009307508,0.000996775333333333,0.00836766533333333,0.00525479466666667,0.000847187,0.0,0.00313807933333333,0.000859765,2.5546e-05,0.00497764666666667
Houston,0.0,0.00526590333333333,0.000234917,0.0,0.0219752503333333,1.40266666666667e-05,0.0,0.0,0.00101997266666667,0.0,2.41836666666667e-05,0.014772493
Indianapolis,0.0,0.002837582,0.022410051,0.00171091133333333,0.0111305653333333,0.004108095,0.001585466,0.0,0.008707259,2.31206666666667e-05,0.000274858666666667,0.00404108266666667
Kansas City,0.0,0.000866511333333333,0.00432560433333333,0.00112865866666667,0.00223454666666667,0.00222992366666667,0.000730691666666667,2.2951e-05,0.00175544866666667,0.0,4.1826e-05,0.002207017
Los Angeles,0.0,0.00663715566666667,0.001600801,0.00318921833333333,0.0559686866666667,1.72686666666667e-05,3.89746666666667e-05,0.00283363433333333,0.0120816263333333,0.000861641,0.00597054666666667,0.0133306366666667
New York,0.0,0.00695197666666667,0.009601013,0.00557751833333333,0.027156826,0.0144863096666667,0.00326223066666667,6.09436666666667e-05,0.0296467716666667,1.11196666666667e-05,0.000780407333333333,0.021861983
Seattle,0.0,7.94893333333333e-05,3.33333333333333e-06,0.000448046,0.001551871,3.33333333333333e-06,6.35363333333333e-05,0.00530681733333333,0.0002532,0.001647749,0.00579231833333333,0.000151950333333333
Sunnyvale,0.0,0.00181573133333333,0.000328387,0.00206833,0.00525769333333333,1e-05,0.000805942666666667,0.004480326,0.00159442866666667,0.000633752,0.000256079666666667,0.00170855966666667
Washington DC,0.0,0.0101304026666667,0.01326606,0.00121149066666667,0.0384841366666667,0.00885953333333333,0.00341935566666667,2.9714e-05,0.0204187166666667,2.1265e-05,0.000960950333333333,0.03617742
