src/dst,Atlanta_1,Atlanta_2,Chicago,Denver,Houston,Indianapolis,Kansas City,Los Angeles,New York,Seattle,Sunnyvale,Washington DC
Atlanta_1,0.0,1e-05,0.000252337333333333,0.0,0.000186947333333333,0.0,1.4092e-05,0.0,2.07743333333333e-05,0.0,0.0,8.51913333333333e-05
Atlanta_2,0.0,0.00367215966666667,0.00173141766666667,2.7564e-05,0.00485872533333333,0.00273602433333333,0.000803579333333333,0.0,0.00197176133333333,0.0,0.000188768,0.00567394433333333
Chicago,0.0,0.00249466133333333,0.0113371493333333,0.00322249033333333,0.0139406026666667,0.005727157,0.001841323,2.83973333333333e-05,0.00250058033333333,0.0,0.000101893333333333,0.00392938333333333
Denver,0.0,0.00117371366666667,0.00593731433333333,0.000583467,0.00379294166666667,0.003873573,0.000442692333333333,3.33333333333333e-06,0.001931535,0.000720525333333333,2.19016666666667e-05,0.00468472133333333
Houston,0.0,0.00534597033333333,0.000153119,3.33333333333333e-06,0.00992893766666667,6.66666666666667e-06,0.0,0.0,0.000720909,0.0,1.52503333333333e-05,0.006831282
Indianapolis,0.0,0.00185260266666667,0.016399358,0.001028401,0.00854456933333333,0.00368624866666667,0.00100738033333333,1.783e-05,0.00681373733333333,2.901e-05,4.24013333333333e-05,0.00500219133333333
Kansas City,0.0,0.000767699,0.00302732566666667,0.000846259333333333,0.00279667,0.00161306433333333,0.001096758,0.0,0.000874084,0.0,2.5798e-05,0.00171610833333333
Los Angeles,0.0,0.00459139533333333,0.000996009,0.003727309,0.0183558516666667,3.39e-06,2.8952e-05,0.00120369633333333,0.007747029,0.000768716666666667,0.00349584366666667,0.00618323133333333
New York,0.0,0.00425912966666667,0.00588320133333333,0.00491430066666667,0.0173028126666667,0.00637421366666667,0.00190534666666667,6.78123333333333e-05,0.019149272,0.000646785666666667,0.000323412666666667,0.009846936
Seattle,0.0,2.8643e-05,2.00493333333333e-05,0.000318521,0.000272781333333333,0.0,6.66663333333333e-05,0.00624691,0.00121221033333333,0.00183024833333333,0.005950646,3.0343e-05
Sunnyvale,0.0,0.000822692,0.000114519333333333,0.000437646,0.00286062333333333,1.54013333333333e-05,0.000589830333333333,0.00236004233333333,0.00059656,0.000413931,0.000302285,0.000759935
Washington DC,0.0,0.013540466,0.008064991,0.001045103,0.027293919,0.00504675033333333,0.003372362,6.66666666666667e-06,0.0191595306666667,6.66666666666667e-06,0.00136315266666667,0.028671006
