src/dst,Atlanta_1,Atlanta_2,Chicago,Denver,Houston,Indianapolis,Kansas City,Los Angeles,New York,Seattle,Sunnyvale,Washington DC
Atlanta_1,1.26553333333333e-05,3.33333333333333e-06,4.08976666666667e-05,0.0,4.56546666666667e-05,0.000111611,6.66666666666667e-06,0.0,1.0312e-05,0.0,0.0,0.000238602666666667
Atlanta_2,0.0,0.00353887066666667,0.00368383066666667,2.7256e-05,0.003777791,0.00288992633333333,0.000506734666666667,0.0,0.00156604166666667,0.0,0.000141332666666667,0.00538542
Chicago,0.0,0.0102165693333333,0.00992685733333333,0.00390504433333333,0.0158685343333333,0.00801530166666667,0.00132464466666667,3.33333333333333e-06,0.003999243,0.0,0.000188900666666667,0.00467878366666667
Denver,0.0,0.00127666733333333,0.00641927166666667,0.00145642366666667,0.00592890333333333,0.00381172966666667,0.001126389,7.308e-06,0.00224005833333333,0.000930474,3.28253333333333e-05,0.00478102666666667
Houston,0.0,0.006491059,8.4161e-05,0.0,0.015985053,0.0,8.70933333333333e-06,3.33333333333333e-06,0.001064991,3.33333333333333e-06,2.20786666666667e-05,0.01374157
Indianapolis,0.0,0.002671772,0.0133728433333333,0.00178127733333333,0.00942193166666667,0.003153752,0.000795508,3.3368e-05,0.006783617,1.3538e-05,9.0833e-05,0.00466541333333333
Kansas City,0.0,0.000931257,0.00402863133333333,0.001106569,0.00337745866666667,0.00178692133333333,0.000622887,2.67733333333333e-05,0.000966192333333333,0.0,0.000126559,0.002027176
Los Angeles,0.0,0.00524297,0.000906086666666667,0.00282826233333333,0.0240622496666667,2.22256666666667e-05,1.7679e-05,0.002797435,0.009587878,0.00123512,0.00382126066666667,0.0123729683333333
New York,0.0,0.00389514033333333,0.00791050933333333,0.004713498,0.0176254123333333,0.00808185066666667,0.00198807866666667,2.5196e-05,0.0217531436666667,0.000141935333333333,0.000729967333333333,0.013414417
Seattle,0.0,7.70043333333333e-05,0.000860693,0.000267244,0.00115066533333333,0.0,4.27186666666667e-05,0.00615369033333333,0.007598576,0.001800427,0.00635377,9.1268e-05
Sunnyvale,0.0,0.00113117066666667,9.05223333333333e-05,0.000960126666666667,0.00377132666666667,6.66666666666667e-06,0.000523233,0.00272698833333333,0.001291209,0.000667451666666667,0.000478278,0.00123791033333333
Washington DC,0.0,0.0153929466666667,0.00900816133333333,0.00137377833333333,0.026522777,0.00835389966666667,0.002279258,7.20426666666667e-05,0.0173162193333333,4.68666666666667e-06,0.000612676,0.025373977
