src/dst,Atlanta_1,Atlanta_2,Chicago,Denver,Houston,Indianapolis,Kansas City,Los Angeles,New York,Seattle,Sunnyvale,Washington DC
Atlanta_1,0.0,3.87953333333333e-05,0.000391456333333333,0.0,0.000221690333333333,0.000247014333333333,8.6886e-05,0.0,0.000124702666666667,0.0,0.0,0.000299355
Atlanta_2,0.0,0.00416982866666667,0.00354404133333333,1.27433333333333e-05,0.006648115,0.002995083,0.00150607066666667,6.66666666666667e-06,0.00219525066666667,7.18933333333333e-06,1.01083333333333e-05,0.004148852
Chicago,0.0,0.00363797333333333,0.00889684733333333,0.00434650366666667,0.018036838,0.00751267066666667,0.002793336,1.33333333333333e-05,0.00672144266666667,3.33333333333333e-06,0.000232345,0.00549156
Denver,0.0,0.00102817166666667,0.00652412433333333,0.002374708,0.00615193566666667,0.004154259,0.004193285,0.000273514666666667,0.00395263133333333,0.00123774833333333,0.000557679,0.00483428566666667
Houston,0.0,0.003645848,0.000131548666666667,0.0,0.0167825536666667,1e-05,0.0,0.0,0.00171323866666667,0.0,1.8979e-05,0.014572536
Indianapolis,0.0,0.002605241,0.0156091476666667,0.00259886433333333,0.02193817,0.004617276,0.00315179366666667,6.66666666666667e-06,0.0111927276666667,7.35866666666667e-06,0.000125639333333333,0.00461718733333333
Kansas City,0.0,0.000701998,0.00285531633333333,0.00166505766666667,0.003188935,0.00164966,0.000881375666666667,0.0,0.002042397,3.33333333333333e-06,3.65186666666667e-05,0.00197752766666667
Los Angeles,0.0,0.002601382,0.00114501066666667,0.00301883366666667,0.021982053,2.28916666666667e-05,1.33333333333333e-05,0.00210384233333333,0.0124865106666667,0.00187511,0.003231294,0.0135782563333333
New York,0.0,0.005213773,0.0104608033333333,0.004915088,0.0212221826666667,0.00773295333333333,0.00342208533333333,8.35806666666667e-05,0.025241294,0.0,0.000841738,0.0140949363333333
Seattle,0.0,4.8113e-05,6.66666666666667e-06,0.000289404333333333,0.000965302333333333,0.0,6.41576666666667e-05,0.00539479533333333,0.000501238,0.00288572433333333,0.00549804733333333,3.875e-05
Sunnyvale,0.0,0.00148389266666667,0.000305020333333333,0.000613445,0.00543885033333333,3.33333333333333e-06,0.000775668,0.003289702,0.001443512,0.000469920666666667,0.000754049666666667,0.00128244933333333
Washington DC,0.0,0.0117396913333333,0.0136714856666667,0.000178940333333333,0.0305437743333333,0.00723305866666667,0.00212722966666667,1.33333333333333e-05,0.0209583796666667,3.33333333333333e-06,0.000584421666666667,0.0210322273333333
