src/dst,Atlanta_1,Atlanta_2,Chicago,Denver,Houston,Indianapolis,Kansas City,Los Angeles,New York,Seattle,Sunnyvale,Washington DC
Atlanta_1,1.81156666666667e-05,0.000308934666666667,0.0,0.0,0.0,7.04493333333333e-05,0.0,0.0,0.0,0.0,0.0,0.000633340333333333
Atlanta_2,0.0,0.00604383166666667,1.07573333333333e-05,1.00403333333333e-05,4.4435e-05,0.008457832,0.0,3.55566666666667e-06,4.2457e-05,0.00015627,0.0,0.025815338
Chicago,0.0,0.00574692,0.0166411023333333,0.0,9.97306666666667e-05,0.015555701,0.00245574166666667,3.06253333333333e-05,0.00741888666666667,6.66666666666667e-06,7.016e-06,0.0288076876666667
Denver,0.0,0.00108830366666667,0.00736990566666667,0.00284245233333333,0.006216219,0.007367429,0.00243252366666667,5.22933333333333e-06,0.002567224,0.00186705466666667,3.09226666666667e-05,0.00555683033333333
Houston,0.0,0.00679026266666667,0.000281454666666667,3.33333333333333e-06,0.024892365,6.66666666666667e-06,1.5012e-05,3.33333333333333e-06,1.63126666666667e-05,3.33333333333333e-06,0.0,0.0173080776666667
Indianapolis,0.0,0.00698237733333333,0.0234260906666667,0.00188118266666667,0.000607477,0.00646899466666667,0.00273807,0.0,0.0106387183333333,7.58976666666667e-05,0.000162700666666667,0.018379033
Kansas City,0.0,0.000974816333333333,0.00487097633333333,0.001431799,0.004444174,0.00470104933333333,0.00147011666666667,0.0,0.00129357666666667,3.33333333333333e-06,0.0,0.00311441633333333
Los Angeles,0.0,0.005474418,0.002574121,0.002416779,0.028329448,0.000326062333333333,0.000101419,0.00103921566666667,0.0106777103333333,0.00232496266666667,0.003984151,0.014018202
New York,0.0,0.000369508333333333,6.66666666666667e-06,6.66666666666667e-06,0.000137344666666667,1e-05,8.68933333333333e-06,2e-05,0.0304293233333333,2.38896666666667e-05,1e-05,0.0922316733333333
Seattle,0.0,0.000279582333333333,3.7403e-05,0.00187190933333333,0.00195338466666667,1.4728e-05,0.000220064666666667,0.00178112233333333,0.000856182333333333,0.00667987233333333,0.00600644833333333,0.000663058333333333
Sunnyvale,0.0,0.00263660433333333,0.000353051666666667,0.00152877866666667,0.0106089336666667,6.66666666666667e-06,0.00116541166666667,0.00355033033333333,0.00204373533333333,0.00263740833333333,0.000779370333333333,0.002746023
Washington DC,0.0,0.000557791333333333,2.33333333333333e-05,0.0,0.001712012,0.0,0.0,1.66666666666667e-05,2.8808e-05,1.52716666666667e-05,1e-05,0.145426133333333
