src/dst,Atlanta_1,Atlanta_2,Chicago,Denver,Houston,Indianapolis,Kansas City,Los Angeles,New York,Seattle,Sunnyvale,Washington DC
Atlanta_1,0.0,2.5319e-05,0.000157890333333333,0.0,0.000141013,8.7796e-05,1.02573333333333e-05,0.0,0.000106534666666667,0.0,3.11e-05,8.7201e-05
Atlanta_2,0.0,0.004040126,0.009295912,1.94626666666667e-05,0.005373972,0.00358631666666667,0.00182972533333333,0.0,0.001703613,6.66666666666667e-06,0.000147649333333333,0.00468582933333333
Chicago,0.0,0.00453433133333333,0.0118803593333333,0.00577248233333333,0.015779502,0.00969929966666667,0.00322790966666667,1.84546666666667e-05,0.00577485833333333,4.1354e-05,0.000224107,0.003996336
Denver,0.0,0.000584562333333333,0.007439966,0.001944399,0.005437042,0.004107052,0.002365728,3.33333333333333e-06,0.00216781433333333,0.00150232733333333,1.5342e-05,0.00504838333333333
Houston,0.0,0.00693810633333333,0.000318009666666667,0.0,0.0153760946666667,6.66666666666667e-06,0.0,6.66666666666667e-06,0.000680672666666667,0.0,6.66666666666667e-06,0.0131364066666667
Indianapolis,0.0,0.00262474133333333,0.018665576,0.001351606,0.00830416766666667,0.005746884,0.000745312333333333,5.75243333333333e-05,0.010693307,2.64546666666667e-05,8.54313333333333e-05,0.00536915566666667
Kansas City,0.0,0.000563026666666667,0.00376856,0.000800812666666667,0.00265169733333333,0.00217379033333333,0.00163161433333333,0.0,0.00121266966666667,0.0,0.000140442666666667,0.00206646066666667
Los Angeles,0.0,0.00564665866666667,0.00121190466666667,0.00373941266666667,0.0216052776666667,9.7012e-05,3.06463333333333e-05,0.00219566566666667,0.00971519666666667,0.00125613566666667,0.00335913266666667,0.0117144256666667
New York,0.0,0.00515081433333333,0.00788567066666667,0.004314559,0.017095132,0.009275638,0.00236833333333333,0.000221387,0.0293081826666667,0.000642961666666667,0.000495706333333333,0.0179103423333333
Seattle,0.0,3.74e-05,0.000807210666666667,0.000917644333333333,0.000441546,3.33333333333333e-06,1.3865e-05,0.00617622966666667,0.000172133333333333,0.00201186433333333,0.00637892733333333,0.000104898
Sunnyvale,0.0,0.001590696,0.000208753666666667,0.000731545333333333,0.00371376533333333,6.66666666666667e-06,0.000629425666666667,0.00286157266666667,0.000928691,0.000673166666666667,0.000676489666666667,0.001371588
Washington DC,0.0,0.018378875,0.0133576186666667,0.001535345,0.0276761273333333,0.00874927666666667,0.00321896733333333,1.55223333333333e-05,0.0207874006666667,0.000659745333333333,0.000906829333333333,0.029820943
