src/dst,Atlanta_1,Atlanta_2,Chicago,Denver,Houston,Indianapolis,Kansas City,Los Angeles,New York,Seattle,Sunnyvale,Washington DC
Atlanta_1,5.43983333333333e-05,0.0,7.596e-05,0.0,8.6293e-05,1e-05,1.165e-05,0.0,1.57576666666667e-05,0.0,0.0,4.30996666666667e-05
Atlanta_2,0.0,0.00312532166666667,0.00385252433333333,1.96506666666667e-05,0.004340728,0.00294166166666667,0.000437360666666667,0.0,0.001466256,3.33333333333333e-06,9.82723333333333e-05,0.004215184
Chicago,0.0,0.00345111233333333,0.00873457366666667,0.002367745,0.0157470276666667,0.00496707633333333,0.00171138333333333,0.4354576,0.00538674833333333,0.0,0.00014057,0.00432459966666667
Denver,0.0,0.001097338,0.006175887,0.001645178,0.00565363033333333,0.00381588466666667,0.00262381966666667,3e-05,0.00251519433333333,0.00120057266666667,0.000531290333333333,0.00437352566666667
Houston,0.0,0.004290802,5.52963333333333e-05,1.33333333333333e-05,0.01741053,5.594e-05,3.33333333333333e-06,6.66666666666667e-06,0.000736746333333333,0.0,7.94686666666667e-05,0.00805815766666667
Indianapolis,0.0,0.00206553333333333,0.0110182236666667,0.001152725,0.00791057,0.002792732,0.00221024233333333,7.70133333333333e-06,0.0106863923333333,1.3378e-05,0.000218667666666667,0.004160813
Kansas City,0.0,0.00134734333333333,0.00313101933333333,0.00103281433333333,0.00196237,0.00153521566666667,0.000857279,2.32433333333333e-05,0.001519908,0.0,8.55266666666667e-06,0.00162463533333333
Los Angeles,0.0,0.00353599866666667,0.001784257,0.00309691133333333,0.020215931,0.00015483,3.2292e-05,0.00134422133333333,0.00953465966666667,0.00118667533333333,0.00281058233333333,0.00716564866666667
New York,0.0,0.00345612866666667,0.007707604,0.00461505866666667,0.018051618,0.006883992,0.00152541266666667,4.42476666666667e-05,0.023467817,0.0,0.000558689333333333,0.012379324
Seattle,0.0,6.36646666666667e-05,3.4571e-05,0.000221784333333333,0.00039804,3.33333333333333e-06,8.2874e-05,0.00455933133333333,0.00128940066666667,0.001035339,0.006001214,4.9936e-05
Sunnyvale,0.0,0.00114190566666667,0.000372362666666667,0.000712141333333333,0.004304725,6.38623333333333e-05,0.000675285,0.00258980733333333,0.00213000933333333,0.000449087333333333,0.000643507333333333,0.001572786
Washington DC,0.0,0.0153475823333333,0.0114421886666667,0.000549576666666667,0.028775268,0.004984463,0.00410236166666667,2.9274e-05,0.021411541,2.16766666666667e-05,0.000704675333333333,0.030010503
