src/dst,Atlanta_1,Atlanta_2,Chicago,Denver,Houston,Indianapolis,Kansas City,Los Angeles,New York,Seattle,Sunnyvale,Washington DC
Atlanta_1,0.0,0.000256276,7.68736666666667e-05,0.0,0.000177448666666667,3.9658e-05,2.07643333333333e-05,0.0,2.9206e-05,0.0,6.57376666666667e-05,0.000257311333333333
Atlanta_2,0.0,0.00398805533333333,0.002246624,0.0,0.00385104966666667,0.00360325033333333,0.000321251333333333,0.0,0.00181767133333333,3.99213333333333e-05,0.000176816666666667,0.009627926
Chicago,0.0,0.004908748,0.0209229686666667,0.00312873233333333,0.010384474,0.00628858233333333,0.00153499633333333,8.93733333333333e-06,0.00296637966666667,3.33333333333333e-06,0.000159445333333333,0.00465525366666667
Denver,0.0,0.000900250333333333,0.00932835266666667,0.000682616333333333,0.004984454,0.00337677633333333,0.000800057,0.0,0.00193811233333333,0.000925714,2.8548e-05,0.00490129833333333
Houston,0.0,0.00493779533333333,0.000232452,0.0,0.0123459143333333,7.30666666666667e-06,1.01266666666667e-05,3.33333333333333e-06,0.000432825666666667,0.0,1.02186666666667e-05,0.014244696
Indianapolis,0.0,0.002250374,0.0171073783333333,0.000731916333333333,0.00510606,0.00290669166666667,0.000734611666666667,0.0,0.005427309,3.54506666666667e-05,0.000147309666666667,0.00352308833333333
Kansas City,0.0,0.000495748,0.00401735566666667,0.000461393,0.001288601,0.00120084166666667,0.000531252666666667,0.0,0.00104520433333333,3.67166666666667e-06,2.61933333333333e-05,0.00132990266666667
Los Angeles,0.0,0.004380379,0.002282209,0.00123888433333333,0.0241130303333333,8.7091e-05,2.38973333333333e-05,0.00208992333333333,0.00626540066666667,0.00188343933333333,0.00305364633333333,0.0135537316666667
New York,0.0,0.00516745433333333,0.00818782366666667,0.00384471966666667,0.0145384623333333,0.006165279,0.00184521566666667,1e-05,0.0325897456666667,1.4704e-05,0.000642730666666667,0.00993851766666667
Seattle,0.0,4.36366666666667e-05,9.03226666666667e-05,0.000220720666666667,0.000494593333333333,0.0,4.07253333333333e-05,0.00546633633333333,0.00059952,0.001871004,0.00635045433333333,5.38493333333333e-05
Sunnyvale,0.0,0.000938636,0.000374372333333333,0.000451161666666667,0.003614747,0.0,0.000296445666666667,0.002796229,0.00168741,0.000267271666666667,0.000110593333333333,0.00109824566666667
Washington DC,0.0,0.0167239906666667,0.015979865,0.000878746,0.032508968,0.005979251,0.00225289966666667,3.64353333333333e-05,0.0192267116666667,1e-05,0.000813306,0.0638224966666667
