src/dst,Atlanta_1,Atlanta_2,Chicago,Denver,Houston,Indianapolis,Kansas City,Los Angeles,New York,Seattle,Sunnyvale,Washington DC
Atlanta_1,0.0,1.7696e-05,2.61263333333333e-05,0.0,5.9068e-05,0.000134422666666667,1.0568e-05,0.0,1.85303333333333e-05,5.88626666666667e-05,3.33333333333333e-06,0.000464907
Atlanta_2,0.0,0.00290112066666667,0.00111289233333333,6.66666666666667e-06,0.002870585,0.00306080966666667,0.000303090666666667,3.33333333333333e-06,0.00123492966666667,5.53546666666667e-05,2.07613333333333e-05,0.00660019266666667
Chicago,0.0,0.00224355766666667,0.00453464366666667,0.001244691,0.005948944,0.00530200033333333,0.00172025966666667,4.58973333333333e-05,0.011867293,0.0,0.000142852333333333,0.00462598533333333
Denver,0.0,0.000605917666666667,0.00375074966666667,0.001526101,0.00723695833333333,0.00334289833333333,0.002512385,0.0,0.00365564066666667,0.00142320066666667,0.000250995,0.00470718
Houston,0.0,0.00209052,2.33166666666667e-05,1.33333333333333e-05,0.00972155866666667,0.0,0.0,6.83333333333333e-06,0.000495010666666667,1.4995e-05,1e-05,0.012327009
Indianapolis,0.0,0.00398917366666667,0.006249355,0.00163091566666667,0.00824975066666667,0.001791576,0.00273669166666667,1.58616666666667e-05,0.011472872,7.46233333333333e-06,0.000581133,0.002916729
Kansas City,0.0,0.000441669666666667,0.00208408466666667,0.001076868,0.00126195566666667,0.00123716666666667,0.00131882633333333,0.0,0.002085085,0.0,1.81703333333333e-05,0.00155174366666667
Los Angeles,0.0,0.001611271,0.00048123,0.001044803,0.00998106466666667,1e-05,6.46496666666667e-05,0.00416411,0.010644811,0.00192712966666667,0.00211974233333333,0.00961019933333333
New York,0.0,0.003194566,0.0104167923333333,0.003628713,0.010041809,0.004803165,0.00155114433333333,2.5229e-05,0.021139779,0.0,0.000553491,0.00832724633333333
Seattle,0.0,7.11053333333333e-05,1.5998e-05,0.000337417,0.000164723666666667,0.0,6.66666666666667e-06,0.004718129,0.000837048666666667,0.001423356,0.00563651733333333,6.668e-05
Sunnyvale,0.0,0.000846854333333333,0.000269095333333333,0.000451946333333333,0.00168391833333333,3.0612e-05,0.000184074666666667,0.001698272,0.00609355,0.00105901033333333,0.000672549,0.003457803
Washington DC,0.0,0.0108602636666667,0.0126652443333333,0.000323747333333333,0.03504976,0.00485528433333333,0.00132251466666667,1.66666666666667e-05,0.02257045,1.90306666666667e-05,0.000218932666666667,0.0341412966666667
