src/dst,Atlanta_1,Atlanta_2,Chicago,Denver,Houston,Indianapolis,Kansas City,Los Angeles,New York,Seattle,Sunnyvale,Washington DC
Atlanta_1,0.0,0.0,3.3671e-05,0.0,0.000109969,1.11706666666667e-05,1.9652e-05,0.0,7.8997e-05,0.0,0.0,9.4189e-05
Atlanta_2,0.0,0.00329284166666667,0.000915913666666667,9.95466666666667e-06,0.003422187,0.00202886433333333,0.000883816,3.33333333333333e-06,0.000794557333333333,3.33333333333333e-06,0.000174719333333333,0.00386355766666667
Chicago,0.0,0.002170612,0.013446948,0.002635825,0.0141077373333333,0.006473867,0.000972296,0.0,0.002732138,3.33333333333333e-06,0.000133764333333333,0.002629104
Denver,0.0,0.000520814666666667,0.007662218,0.000582120666666667,0.00388830133333333,0.003553456,0.000721324333333333,0.0,0.00184948766666667,0.00106876833333333,2.35773333333333e-05,0.00562064466666667
Houston,0.0,0.00249221366666667,0.000188171666666667,6.66666666666667e-06,0.0128906886666667,0.0,0.0,0.0,0.000308868,0.0,1e-05,0.0102337716666667
Indianapolis,0.0,0.001006743,0.0107059143333333,0.001292794,0.00863048166666667,0.00243835733333333,0.000790871333333333,7.00633333333333e-05,0.00249636966666667,8.77966666666667e-06,0.000129073,0.00385223133333333
Kansas City,0.0,0.000330328,0.00306830466666667,0.000542962333333333,0.001920674,0.001217569,0.000586004,3.4223e-05,0.000721426666666667,3.33333333333333e-06,2.33333333333333e-05,0.00138392633333333
Los Angeles,0.0,0.00143226833333333,0.00117247166666667,0.00150231966666667,0.014059145,2.06503333333333e-05,1.6602e-05,0.002124925,0.00557086666666667,0.00166484333333333,0.003217086,0.00954854833333333
New York,0.0,0.00353947166666667,0.00604655666666667,0.00468290733333333,0.0118016786666667,0.00543459066666667,0.00156844333333333,6.99636666666667e-05,0.013511439,6.66666666666667e-06,0.000380168333333333,0.00741750233333333
Seattle,0.0,1.66666666666667e-05,0.000120484,0.000541118333333333,0.00061961,0.0,1.29803333333333e-05,0.00482113233333333,0.000329849,0.00175898733333333,0.00549828333333333,6.27033333333333e-05
Sunnyvale,0.0,0.000875643333333333,0.000298596333333333,0.000447755333333333,0.002979869,3.33333333333333e-06,0.000378021666666667,0.003029509,0.000857993333333333,0.000445279333333333,0.000201809333333333,0.000938630333333333
Washington DC,0.0,0.0149923946666667,0.00715493466666667,0.000953967666666667,0.0273311803333333,0.00657616033333333,0.00203034466666667,0.0,0.0150980706666667,3.33333333333333e-06,0.000673065,0.027202902
