src/dst,Atlanta_1,Atlanta_2,Chicago,Denver,Houston,Indianapolis,Kansas City,Los Angeles,New York,Seattle,Sunnyvale,Washington DC
Atlanta_1,0.0,3.33333333333333e-06,0.000296220333333333,0.0,0.000351252,4.89523333333333e-05,0.0,0.0,3.97433333333333e-05,0.0,0.0,5.1148e-05
Atlanta_2,0.0,0.00291321633333333,0.00289052,0.0,0.00740124666666667,0.00300469366666667,0.000301505333333333,3.33333333333333e-06,0.00163088966666667,6.66666666666667e-06,2.1554e-05,0.00698893
Chicago,0.0,0.00394670266666667,0.0125780426666667,0.00336197733333333,0.015293012,0.00942091533333333,0.002386136,3.33333333333333e-06,0.00543727633333333,8.74466666666667e-06,0.000106688,0.006210742
Denver,0.0,0.000890542666666667,0.00660577133333333,0.00335383933333333,0.006642239,0.007163479,0.003485977,0.0,0.00256282633333333,0.00173355566666667,9.97413333333333e-05,0.005513776
Houston,0.0,0.00485842066666667,0.000166095333333333,0.0,0.0186096386666667,0.0,6.66666666666667e-06,0.0,0.000923835666666667,0.0,1.29516666666667e-05,0.0225527793333333
Indianapolis,0.0,0.001982391,0.0153342856666667,0.00222956966666667,0.00899387033333333,0.00600067733333333,0.00410783,1.21543333333333e-05,0.00882985266666667,7.90683333333333e-05,6.63753333333333e-05,0.00536815533333333
Kansas City,0.0,0.00104372333333333,0.00273779466666667,0.00204433533333333,0.00192535733333333,0.001629371,0.00119850366666667,0.0,0.00160142133333333,3.33333333333333e-06,6.66666666666667e-06,0.00308644766666667
Los Angeles,0.0,0.00424526066666667,0.001537987,0.005229163,0.017501331,3.66383333333333e-05,3.36443333333333e-05,0.001445382,0.008646627,0.00269570966666667,0.002958685,0.0219424276666667
New York,0.0,0.00582672133333333,0.008982117,0.00552187633333333,0.0187876656666667,0.00937659133333333,0.002436861,3.33333333333333e-06,0.0274500246666667,3.33333333333333e-06,0.000429297333333333,0.0145950953333333
Seattle,0.0,7.3626e-05,0.0001605,0.00337856966666667,0.000595443666666667,0.0,3.07583333333333e-05,0.00451659433333333,0.000999369,0.001831026,0.00599689966666667,5.94296666666667e-05
Sunnyvale,0.0,0.00122947466666667,0.000338734,0.002113451,0.00580636133333333,1.50586666666667e-05,0.000627758,0.005293429,0.00197692733333333,0.001019988,0.000746437333333333,0.00150855966666667
Washington DC,0.0,0.0125166193333333,0.012759307,3.40266666666667e-06,0.0336085533333333,0.00954694666666667,0.00556936833333333,1e-05,0.0225529803333333,3.3155e-05,0.000674368333333333,0.0259192476666667
