src/dst,Atlanta_1,Atlanta_2,Chicago,Denver,Houston,Indianapolis,Kansas City,Los Angeles,New York,Seattle,Sunnyvale,Washington DC
Atlanta_1,2.79646666666667e-05,4.1866e-05,5.09863333333333e-05,0.0,0.000411400333333333,5.42146666666667e-05,3.33333333333333e-06,0.0,1.5033e-05,0.0,0.0,0.000177787666666667
Atlanta_2,0.0,0.00326692966666667,0.00432442766666667,0.0,0.006956265,0.00410798433333333,0.000367796,0.0,0.00263449366666667,0.0,7.39276666666667e-05,0.00966901633333333
Chicago,0.0,0.00238141366666667,0.019274611,0.003207606,0.01657859,0.0102423203333333,0.00327588766666667,9.52266666666667e-06,0.005032853,4.4041e-05,0.000198649,0.005344552
Denver,0.0,0.000301401666666667,0.00954970666666667,0.000996867,0.00416046566666667,0.00344601733333333,0.00120494266666667,0.0,0.00191358633333333,0.000747713,1.33333333333333e-05,0.00329787466666667
Houston,0.0,0.00466255433333333,0.000162138666666667,0.0,0.0147941123333333,1.12853333333333e-05,3.33333333333333e-06,0.0,0.000918702666666667,1.18773333333333e-05,4.3695e-05,0.011423016
Indianapolis,0.0,0.00180165733333333,0.0199079573333333,0.00189549133333333,0.0119815576666667,0.00641990966666667,0.000806256,6.52366666666667e-06,0.00996236133333333,7.7407e-05,6.18073333333333e-05,0.00512973533333333
Kansas City,0.0,0.000799757333333333,0.00461157,0.000687271333333333,0.00289690933333333,0.00131465166666667,0.000637781333333333,0.0,0.00104456866666667,0.0,1.39446666666667e-05,0.00164446933333333
Los Angeles,0.0,0.00357904333333333,0.001985224,0.001878602,0.0319608566666667,6.66666666666667e-06,0.0,0.001977213,0.0122267333333333,0.00120275233333333,0.003615499,0.010639231
New York,0.0,0.00437721966666667,0.0158373506666667,0.004558114,0.0230774456666667,0.008701198,0.00262504566666667,4.7225e-05,0.030807458,2.43326666666667e-05,0.000841976666666667,0.0151824136666667
Seattle,0.0,7.49586666666667e-05,1e-05,0.000803777666666667,0.000615386333333333,0.0,3.988e-05,0.00527101433333333,0.000505803666666667,0.000757061,0.002719254,0.000194173333333333
Sunnyvale,0.0,0.000747949333333333,0.000338404666666667,0.000363958,0.00501121866666667,0.0,0.000660490666666667,0.00336844566666667,0.001630119,0.000311978,0.000510487333333333,0.00132872166666667
Washington DC,0.0,0.006789949,0.0146893543333333,0.0,0.0303837716666667,0.00711327266666667,0.00327123266666667,2.767e-05,0.017388374,1e-05,0.000483171,0.0490291133333333
