src/dst,Atlanta_1,Atlanta_2,Chicago,Denver,Houston,Indianapolis,Kansas City,Los Angeles,New York,Seattle,Sunnyvale,Washington DC
Atlanta_1,6.66666666666667e-06,0.0,7.3837e-05,0.0,0.000414948666666667,6.1973e-05,8.17243333333333e-05,0.0,6.5614e-05,0.0,0.0,0.000356489
Atlanta_2,0.0,0.00287834833333333,0.00280657466666667,6.66666666666667e-06,0.00398751066666667,0.00223482266666667,0.000471931,1.86173333333333e-05,0.00231729266666667,3.33333333333333e-06,9.74976666666667e-05,0.0127713753333333
Chicago,0.0,0.002746345,0.0320274203333333,0.002834904,0.021810552,0.00406408333333333,0.001394047,2.27516666666667e-05,0.00270300333333333,1.28343333333333e-05,0.000123598666666667,0.00322130966666667
Denver,0.0,0.00187426433333333,0.0126886193333333,0.00157632066666667,0.00473401833333333,0.00240580366666667,0.00104965833333333,0.0,0.00233275366666667,0.001125388,0.001844661,0.004799596
Houston,0.0,0.00451814566666667,0.000328861333333333,5.819e-06,0.0184703173333333,0.0,0.0,3.33333333333333e-06,0.000953485666666667,0.0,0.0,0.0122648636666667
Indianapolis,0.0,0.00190478433333333,0.0182026593333333,0.001777552,0.008269001,0.001817813,0.000904976,6.66666666666667e-06,0.004586845,4.88463333333333e-05,3.24966666666667e-05,0.0100915886666667
Kansas City,0.0,0.000594246333333333,0.00588782633333333,0.00143022433333333,0.002665578,0.001687167,0.000482873333333333,0.0,0.000759527,0.0,1.61706666666667e-05,0.00188958166666667
Los Angeles,0.0,0.002045511,0.00138982866666667,0.00167127366666667,0.029536746,1.0287e-05,2.07933333333333e-05,0.00312302,0.00658924233333333,0.00158206933333333,0.00371090266666667,0.0113804606666667
New York,0.0,0.00543099566666667,0.00877638166666667,0.00449667333333333,0.0153685906666667,0.00361306066666667,0.00262508733333333,8.2001e-05,0.033166285,6.66666666666667e-06,0.000490601666666667,0.0102050553333333
Seattle,0.0,6.79496666666667e-05,3.17533333333333e-05,0.00117166,0.000995807,3.33333333333333e-06,1.66666666666667e-05,0.00537588466666667,0.000231127666666667,0.00201441733333333,0.00758082766666667,6.11193333333333e-05
Sunnyvale,0.0,0.000783843333333333,0.000307630666666667,0.001617984,0.00726244533333333,1.7656e-05,0.000523179666666667,0.00355569633333333,0.001398335,0.000734911666666667,0.000595327,0.000973801333333333
Washington DC,0.0,0.012936246,0.011100772,0.001393128,0.0260212106666667,0.00301375333333333,0.00238558733333333,8.33333333333333e-06,0.0197329216666667,3.33333333333333e-06,0.000600855333333333,0.0442084566666667
