src/dst,Atlanta_1,Atlanta_2,Chicago,Denver,Houston,Indianapolis,Kansas City,Los Angeles,New York,Seattle,Sunnyvale,Washington DC
Atlanta_1,0.0,1.23476666666667e-05,2.45783333333333e-05,0.0,6.72633333333333e-05,1.4966e-05,1.52276666666667e-05,0.0,8.87506666666667e-05,0.0,0.0,0.000147709
Atlanta_2,0.0,0.002899387,0.00126237866666667,1.40493333333333e-05,0.00422172366666667,0.001401192,0.000527982333333333,0.0,0.000853379,9.492e-06,6.89933333333333e-05,0.00437287233333333
Chicago,0.0,0.00400503833333333,0.00904310733333333,0.00203465933333333,0.0100285876666667,0.00325867766666667,0.000883948666666667,0.573496733333333,0.002373057,3.33333333333333e-06,0.000185296,0.002184399
Denver,0.0,0.000389203,0.005151466,0.000965335666666667,0.00387716066666667,0.00254824166666667,0.001984513,0.0,0.00180780633333333,0.000671357333333333,1.66666666666667e-05,0.003749714
Houston,0.0,0.00200253833333333,8.36506666666667e-05,0.0,0.0118503263333333,5.82016666666667e-05,0.0,0.0,0.000283539333333333,0.0,3.33333333333333e-06,0.0102205836666667
Indianapolis,0.0,0.000816912,0.00643887933333333,0.000797005333333333,0.00621058033333333,0.00426554866666667,0.00281245866666667,2.8601e-05,0.00288495633333333,9.747e-06,0.000253355,0.00459171666666667
Kansas City,0.0,0.000220099333333333,0.002309625,0.000901481333333333,0.00127131833333333,0.000800468,0.000392936333333333,7.91866666666667e-06,0.00102154833333333,0.0,2.9462e-05,0.00118936833333333
Los Angeles,0.0,0.00191906766666667,0.001776927,0.000542735666666667,0.009229588,7.83523333333333e-05,2.3981e-05,0.0011656,0.00529160433333333,0.000862536,0.002648159,0.00986522466666667
New York,0.0,0.002753926,0.00611218333333333,0.004183622,0.0119322493333333,0.00335088366666667,0.000946905666666667,5.10356666666667e-05,0.0105214246666667,0.0,0.000665532333333333,0.00575406633333333
Seattle,0.0,8.30853333333333e-05,1e-05,0.000348292333333333,0.000547687333333333,0.0,1.29253333333333e-05,0.00393536033333333,0.000478655333333333,0.000808914333333333,0.005136595,3.33333333333333e-06
Sunnyvale,0.0,0.000836340333333333,0.000260332666666667,0.000613884666666667,0.00440759533333333,4.875e-05,0.000502512,0.00164790733333333,0.00102543833333333,0.000307390666666667,0.000411754666666667,0.00108828
Washington DC,0.0,0.007313453,0.008237569,0.000489287666666667,0.0222943396666667,0.00487337733333333,0.00288695666666667,2.10466666666667e-05,0.0126372053333333,1.24886666666667e-05,0.000817139333333333,0.0197478876666667
