src/dst,Atlanta_1,Atlanta_2,Chicago,Denver,Houston,Indianapolis,Kansas City,Los Angeles,New York,Seattle,Sunnyvale,Washington DC
Atlanta_1,3.33333333333333e-06,9.25533333333333e-05,0.000148966333333333,0.0,0.000463588,0.00016525,0.00010028,0.0,0.000173811,0.0,0.0,9.79686666666667e-05
Atlanta_2,0.0,0.00342435766666667,0.00309298133333333,0.0,0.00601171066666667,0.004409322,0.00253666366666667,1.17293333333333e-05,0.002042556,1.0281e-05,9.9524e-05,0.005349717
Chicago,0.0,0.00441399233333333,0.0120566326666667,0.003628835,0.016250353,0.00947753766666667,0.00267298333333333,5.7591e-05,0.00584954833333333,3.33333333333333e-06,0.000354144,0.004337939
Denver,0.0,0.00116338133333333,0.00697420833333333,0.00241424766666667,0.007182408,0.004343673,0.003490822,0.000163159,0.00218926633333333,0.001953373,0.000185736333333333,0.00721980166666667
Houston,0.0,0.005464303,0.000196688666666667,0.0,0.0400378566666667,0.0,5.333e-06,0.0,0.00153249666666667,3.33333333333333e-06,3.39016666666667e-05,0.01434298
Indianapolis,0.0,0.00259416566666667,0.0141324956666667,0.00235682366666667,0.00913278533333333,0.00515305466666667,0.00439890466666667,5.19696666666667e-05,0.0108610736666667,6.11106666666667e-05,0.000168212,0.00508539666666667
Kansas City,0.0,0.001257829,0.004061681,0.001006314,0.001960784,0.00219794066666667,0.00148971433333333,3.33333333333333e-06,0.002032303,0.0,1.71353333333333e-05,0.00178769733333333
Los Angeles,0.0,0.00447079033333333,0.001927151,0.00366430633333333,0.030026278,4.02546666666667e-05,4.85753333333333e-05,0.00236224466666667,0.0106793243333333,0.00262074733333333,0.00319258466666667,0.012407137
New York,0.0,0.00783928166666667,0.0113970866666667,0.004781682,0.0209961853333333,0.0121979843333333,0.00260218566666667,8.63686666666667e-05,0.027327156,8.46866666666667e-06,0.000583833333333333,0.014978313
Seattle,0.0,0.000100212,8.73333333333333e-06,0.001507781,0.000835034,0.0,3.63493333333333e-05,0.004901915,0.000774493,0.00127899,0.00592604066666667,0.000300913666666667
Sunnyvale,0.0,0.00154355233333333,0.000484295,0.000980917666666667,0.00531535933333333,3.33333333333333e-06,0.000534961666666667,0.00447182533333333,0.00251141133333333,0.00077017,0.000889413,0.00209112366666667
Washington DC,0.0,0.0156359143333333,0.00984712966666667,6.66666666666667e-06,0.0330581466666667,0.00808062766666667,0.00657757066666667,1.82173333333333e-05,0.025257203,3.4639e-05,0.000787069666666667,0.0335872266666667
