src/dst,Atlanta_1,Atlanta_2,Chicago,Denver,Houston,Indianapolis,Kansas City,Los Angeles,New York,Seattle,Sunnyvale,Washington DC
Atlanta_1,0.0,4.92016666666667e-05,2.47616666666667e-05,0.0,7.48186666666667e-05,3.0542e-05,1.224e-05,0.0,3.56983333333333e-05,0.0,0.0,0.000224959666666667
Atlanta_2,0.0,0.00356914166666667,0.001834735,5.5e-06,0.00469941566666667,0.00187599666666667,0.000811369666666667,0.0,0.00148248033333333,4.363e-06,5.90236666666667e-05,0.00463900633333333
Chicago,0.0,0.002287676,0.013439511,0.002571306,0.0135420543333333,0.00433472366666667,0.00203773533333333,2.78633333333333e-05,0.004059358,0.0,0.000131846333333333,0.00339811333333333
Denver,0.0,0.000600608666666667,0.00637333266666667,0.00203084966666667,0.00542806666666667,0.00418385066666667,0.00255525866666667,0.000160729333333333,0.00298789733333333,0.00123438366666667,1.33333333333333e-05,0.00501654866666667
Houston,0.0,0.00228632766666667,0.000189717666666667,3.33333333333333e-06,0.0100430743333333,3.416e-06,3.33333333333333e-06,0.0,0.000456119,0.0,3.33333333333333e-06,0.0107261886666667
Indianapolis,0.0,0.001548401,0.0131892673333333,0.002032568,0.014883726,0.002923224,0.00295818033333333,0.0,0.00590196466666667,3.33333333333333e-06,3.73086666666667e-05,0.00234894066666667
Kansas City,0.0,0.000381755666666667,0.002971783,0.00137337566666667,0.00211398833333333,0.001511135,0.000871917666666667,3.33333333333333e-06,0.000879607,0.0,0.000202796333333333,0.00111637433333333
Los Angeles,0.0,0.00169642,0.00144782433333333,0.000756722333333333,0.0194897573333333,2.81136666666667e-05,1.2227e-05,0.0016895,0.007984205,0.00100488666666667,0.00377597366666667,0.0103197376666667
New York,0.0,0.00283342866666667,0.007618008,0.005004774,0.016279172,0.004048028,0.00151899,0.000107794,0.0203234656666667,2.26533333333333e-05,0.000385200333333333,0.00772908766666667
Seattle,0.0,4.15663333333333e-05,1e-05,0.000162056,0.000367627,0.0,3.01146666666667e-05,0.00456562866666667,0.001689854,0.001020075,0.00605082233333333,5.0563e-05
Sunnyvale,0.0,0.000957267666666667,0.000467983333333333,0.000509648333333333,0.00472851266666667,3.33333333333333e-06,0.000307106,0.00236580766666667,0.000976051666666667,0.000983148666666667,0.000901280333333333,0.000755995
Washington DC,0.0,0.01183335,0.0116019536666667,3.33333333333333e-06,0.026927332,0.00625559833333333,0.00243559833333333,6.66666666666667e-06,0.0136086626666667,3.33333333333333e-06,0.000603061666666667,0.0279770383333333
